[28/Sep/2026 07:33:54] "GET /accounts/login/ HTTP/1.1" 200 5562
[28/Sep/2026 07:33:57] "GET /accounts/login/ HTTP/1.1" 200 5562
[28/Sep/2026 07:33:58] "POST /api/auth/login/ HTTP/1.1" 200 805
[28/Sep/2026 07:33:58] "GET / HTTP/1.1" 200 33791
[28/Sep/2026 07:33:59] "GET /static/vendor/fonts/google-fonts.css HTTP/1.1" 200 4560
[28/Sep/2026 07:33:59] "GET /static/vendor/leaflet/leaflet.css HTTP/1.1" 200 14145
[28/Sep/2026 07:33:59] "GET /static/vendor/bootstrap/css/bootstrap.min.css HTTP/1.1" 200 232111
[28/Sep/2026 07:33:59] "GET /static/css/main/index.css?v=1784452207 HTTP/1.1" 200 2037
[28/Sep/2026 07:33:59] "GET /static/vendor/bootstrap-icons/bootstrap-icons.css HTTP/1.1" 200 99556
[28/Sep/2026 07:33:59] "GET /static/css/ai/index.css?v=1784452207 HTTP/1.1" 200 1845
[28/Sep/2026 07:33:59] "GET /static/js/utils/base_currency.js?v=1784452207 HTTP/1.1" 200 2145
[28/Sep/2026 07:33:59] "GET /static/js/utils/csrf_fetch.js?v=1784452207 HTTP/1.1" 200 1672
[28/Sep/2026 07:33:59] "GET /static/js/i18n/index.js?v=1784452207 HTTP/1.1" 200 1214
[28/Sep/2026 07:33:59] "GET /static/js/i18n/load_language.js?v=1784452207 HTTP/1.1" 200 2699
[28/Sep/2026 07:33:59] "GET /static/js/i18n/apply_translations.js?v=1784452207 HTTP/1.1" 200 5073
[28/Sep/2026 07:33:59] "GET /static/vendor/bootstrap/js/bootstrap.bundle.min.js HTTP/1.1" 200 80496
[28/Sep/2026 07:33:59] "GET /static/css/base/variables.css?v=1784442773?v=1784442773 HTTP/1.1" 200 1958
[28/Sep/2026 07:33:59] "GET /static/css/base/typography.css?v=1784442773?v=1784442773 HTTP/1.1" 200 2167
[28/Sep/2026 07:33:59] "GET /static/css/layout/shared.css?v=1784442773 HTTP/1.1" 200 674
[28/Sep/2026 07:33:59] "GET /static/css/layout/settings.css?v=1784442773 HTTP/1.1" 200 872
[28/Sep/2026 07:33:59] "GET /static/css/layout_financial_advisor/index.css?v=1784442773 HTTP/1.1" 200 691
[28/Sep/2026 07:33:59] "GET /static/css/layout/fixed_assets.css?v=1784442773 HTTP/1.1" 200 953
[28/Sep/2026 07:33:59] "GET /static/vendor/leaflet/leaflet.js HTTP/1.1" 200 147552
[28/Sep/2026 07:33:59] "GET /static/css/components/sidebar.css?v=1784442773?v=1784442773 HTTP/1.1" 200 3641
[28/Sep/2026 07:33:59] "GET /static/css/theme/index.css?v=1784442773?v=1784442773 HTTP/1.1" 200 782
[28/Sep/2026 07:33:59] "GET /static/css/components/topbar.css?v=1784442773?v=1784442773 HTTP/1.1" 200 1744
[28/Sep/2026 07:33:59] "GET /static/css/components/tables.css?v=1784442773?v=1784442773 HTTP/1.1" 200 3478
[28/Sep/2026 07:33:59] "GET /static/css/components/forms.css?v=1784442773?v=1784442773 HTTP/1.1" 200 3170
[28/Sep/2026 07:33:59] "GET /static/css/components/buttons.css?v=1784442773?v=1784442773 HTTP/1.1" 200 3280
[28/Sep/2026 07:33:59] "GET /static/css/components/modals/index.css?v=1784442773?v=1784442773 HTTP/1.1" 200 901
[28/Sep/2026 07:33:59] "GET /static/css/features/dashboard.css?v=1784442773?v=1784442773 HTTP/1.1" 200 102
[28/Sep/2026 07:33:59] "GET /static/css/features/salary.css?v=1784442773?v=1784442773 HTTP/1.1" 200 99
[28/Sep/2026 07:33:59] "GET /static/css/cards/index.css?v=1784442773?v=1784442773 HTTP/1.1" 200 386
[28/Sep/2026 07:33:59] "GET /static/vendor/chartjs/chart.umd.js HTTP/1.1" 200 208522
[28/Sep/2026 07:33:59] "GET /static/css/features/balance.css?v=1784442773?v=1784442773 HTTP/1.1" 200 5606
[28/Sep/2026 07:33:59] "GET /static/css/features/certificates.css?v=1784442773?v=1784442773 HTTP/1.1" 200 105
[28/Sep/2026 07:33:59] "GET /static/css/features/reports.css?v=1784442773?v=1784442773 HTTP/1.1" 200 506
[28/Sep/2026 07:33:59] "GET /static/css/features/expenses.css?v=1784442773?v=1784442773 HTTP/1.1" 200 672
[28/Sep/2026 07:33:59] "GET /static/css/features/reminders.css?v=1784442773?v=1784442773 HTTP/1.1" 200 102
[28/Sep/2026 07:33:59] "GET /static/css/features/settings.css?v=1784442773?v=1784442773 HTTP/1.1" 200 101
[28/Sep/2026 07:33:59] "GET /static/css/fixed_assets/index.css?v=1784442773?v=1784442773 HTTP/1.1" 200 405
[28/Sep/2026 07:33:59] "GET /static/css/features/billing_customer.css?v=1784442773 HTTP/1.1" 200 3489
[28/Sep/2026 07:33:59] "GET /static/css/financial_advisor/index.css?v=1784442773?v=1784442773 HTTP/1.1" 200 484
[28/Sep/2026 07:33:59] "GET /static/css/date_picker/index.css?v=1784442773 HTTP/1.1" 200 1301
[28/Sep/2026 07:33:59] "GET /static/css/responsive/index.css?v=1784442773?v=1784442773 HTTP/1.1" 200 859
[28/Sep/2026 07:33:59] "GET /static/css/components/center_alert.css?v=1784442773 HTTP/1.1" 200 1601
[28/Sep/2026 07:33:59] "GET /static/css/ai/workspace_header.css HTTP/1.1" 200 2403
[28/Sep/2026 07:33:59] "GET /static/css/ai/left_panel/index.css HTTP/1.1" 200 927
[28/Sep/2026 07:33:59] "GET /static/css/ai/center_empty_state.css HTTP/1.1" 200 3272
[28/Sep/2026 07:33:59] "GET /static/css/ai/code_tables_badges.css HTTP/1.1" 200 2290
[28/Sep/2026 07:33:59] "GET /static/css/ai/input_area.css HTTP/1.1" 200 2718
[28/Sep/2026 07:33:59] "GET /static/css/ai/right_panel.css HTTP/1.1" 200 3844
[28/Sep/2026 07:33:59] "GET /static/css/ai/responsive_misc.css HTTP/1.1" 200 3138
[28/Sep/2026 07:33:59] "GET /static/css/ai/mobile_fixes/index.css HTTP/1.1" 200 836
[28/Sep/2026 07:33:59] "GET /static/css/ai/message_bubbles.css HTTP/1.1" 200 3021
[28/Sep/2026 07:33:59] "GET /static/css/settings_layout/tabs.css HTTP/1.1" 200 1704
[28/Sep/2026 07:33:59] "GET /static/css/settings_layout/portfolio_scoring.css HTTP/1.1" 200 3039
[28/Sep/2026 07:33:59] "GET /static/css/settings_layout/portfolio_recs_goals.css HTTP/1.1" 200 3340
[28/Sep/2026 07:33:59] "GET /static/css/settings_layout/goal_planning/index.css HTTP/1.1" 200 934
[28/Sep/2026 07:33:59] "GET /static/css/settings_layout/misc_ui.css HTTP/1.1" 200 3514
[28/Sep/2026 07:33:59] "GET /static/css/layout_financial_advisor/executive_sections_3.css HTTP/1.1" 200 1952
[28/Sep/2026 07:33:59] "GET /static/css/layout_financial_advisor/executive_sections_2.css HTTP/1.1" 200 1965
[28/Sep/2026 07:33:59] "GET /static/css/theme/tokens.css HTTP/1.1" 200 2704
[28/Sep/2026 07:33:59] "GET /static/css/theme/light_overrides_1.css HTTP/1.1" 200 3354
[28/Sep/2026 07:33:59] "GET /static/css/layout_financial_advisor/amounts_and_pills.css HTTP/1.1" 200 751
[28/Sep/2026 07:33:59] "GET /static/css/theme/light_overrides_2.css HTTP/1.1" 200 3121
[28/Sep/2026 07:33:59] "GET /static/css/theme/dark_overrides.css HTTP/1.1" 200 386
[28/Sep/2026 07:33:59] "GET /static/css/theme/light_overrides_3.css HTTP/1.1" 200 2680
[28/Sep/2026 07:33:59] "GET /static/css/layout_financial_advisor/executive_sections_1.css HTTP/1.1" 200 2229
[28/Sep/2026 07:33:59] "GET /static/css/components/modals/base.css HTTP/1.1" 200 1960
[28/Sep/2026 07:33:59] "GET /static/css/components/modals/goal_editor.css HTTP/1.1" 200 2807
[28/Sep/2026 07:33:59] "GET /static/css/cards/kpi_panels.css HTTP/1.1" 200 1887
[28/Sep/2026 07:33:59] "GET /static/css/components/modals/inputs_and_asset_modal.css HTTP/1.1" 200 527
[28/Sep/2026 07:33:59] "GET /static/css/cards/cash_position.css HTTP/1.1" 200 1824
[28/Sep/2026 07:33:59] "GET /static/css/cards/currency_cards.css HTTP/1.1" 200 4079
[28/Sep/2026 07:33:59] "GET /static/css/fixed_assets/base_layout.css HTTP/1.1" 200 3122
[28/Sep/2026 07:33:59] "GET /static/css/fixed_assets/collapsible_cards.css HTTP/1.1" 200 2161
[28/Sep/2026 07:33:59] "GET /static/css/fixed_assets/summary_strip.css HTTP/1.1" 200 2048
[28/Sep/2026 07:33:59] "GET /static/css/financial_advisor/overview_dashboard/index.css HTTP/1.1" 200 826
[28/Sep/2026 07:33:59] "GET /static/css/financial_advisor/kpi_and_summaries/index.css HTTP/1.1" 200 871
[28/Sep/2026 07:33:59] "GET /static/css/financial_advisor/scenario_and_theme.css HTTP/1.1" 200 1091
[28/Sep/2026 07:33:59] "GET /static/css/date_picker/popup_header.css HTTP/1.1" 200 2607
[28/Sep/2026 07:33:59] "GET /static/css/date_picker/wrapper_trigger.css HTTP/1.1" 200 2862
[28/Sep/2026 07:33:59] "GET /static/css/date_picker/footer_buttons.css HTTP/1.1" 200 1816
[28/Sep/2026 07:33:59] "GET /static/css/date_picker/month_day_grid.css HTTP/1.1" 200 3456
[28/Sep/2026 07:33:59] "GET /static/css/date_picker/theme_responsive.css HTTP/1.1" 200 2404
[28/Sep/2026 07:33:59] "GET /static/css/responsive/components.css HTTP/1.1" 200 2105
[28/Sep/2026 07:33:59] "GET /static/css/responsive/sidebar_desktop.css HTTP/1.1" 200 1472
[28/Sep/2026 07:33:59] "GET /static/css/responsive/sidebar_mobile.css HTTP/1.1" 200 2218
[28/Sep/2026 07:33:59] "GET /static/css/responsive/grid_forms.css HTTP/1.1" 200 1762
[28/Sep/2026 07:33:59] "GET /static/css/responsive/settings_tabs.css HTTP/1.1" 200 2978
[28/Sep/2026 07:33:59] "GET /static/css/ai/left_panel/shell_and_new_chat.css HTTP/1.1" 200 1394
[28/Sep/2026 07:33:59] "GET /static/css/responsive/filters_expense.css HTTP/1.1" 200 854
[28/Sep/2026 07:33:59] "GET /static/css/ai/left_panel/future_cards.css HTTP/1.1" 200 1202
[28/Sep/2026 07:33:59] "GET /static/css/ai/left_panel/conversation_list.css HTTP/1.1" 200 2179
[28/Sep/2026 07:33:59] "GET /static/css/ai/mobile_fixes/context_panel_mobile.css HTTP/1.1" 200 1794
[28/Sep/2026 07:33:59] "GET /static/css/settings_layout/goal_planning/hero_and_toolbar.css HTTP/1.1" 200 989
[28/Sep/2026 07:33:59] "GET /static/css/settings_layout/goal_planning/progress_and_chart.css HTTP/1.1" 200 1958
[28/Sep/2026 07:33:59] "GET /static/css/financial_advisor/overview_dashboard/card_and_score.css HTTP/1.1" 200 2115
[28/Sep/2026 07:33:59] "GET /static/css/settings_layout/goal_planning/milestones_and_status.css HTTP/1.1" 200 1679
[28/Sep/2026 07:33:59] "GET /static/css/financial_advisor/kpi_and_summaries/kpi_cards_and_summary_stats.css HTTP/1.1" 200 2247
[28/Sep/2026 07:33:59] "GET /static/css/financial_advisor/kpi_and_summaries/opportunities_and_theming.css HTTP/1.1" 200 2031
[28/Sep/2026 07:33:59] "GET /static/css/ai/mobile_fixes/header_and_input_breakpoints.css HTTP/1.1" 200 1998
[28/Sep/2026 07:33:59] "GET /static/css/financial_advisor/overview_dashboard/ai_summary_and_alerts.css HTTP/1.1" 200 2513
[28/Sep/2026 07:33:59] "GET /static/js/datepicker/localization.js?v=1784452207 HTTP/1.1" 200 3340
[28/Sep/2026 07:33:59] "GET /static/js/utils/dateFormatter.js?v=1784452207 HTTP/1.1" 200 4272
[28/Sep/2026 07:33:59] "GET /static/js/datepicker/dom.js?v=1784452207 HTTP/1.1" 200 5745
[28/Sep/2026 07:33:59] "GET /static/js/datepicker/events.js?v=1784452207 HTTP/1.1" 200 5271
[28/Sep/2026 07:33:59] "GET /static/js/datepicker/positioning.js?v=1784452207 HTTP/1.1" 200 3508
[28/Sep/2026 07:33:59] "GET /static/js/datepicker/calendar_days.js?v=1784452207 HTTP/1.1" 200 4315
[28/Sep/2026 07:33:59] "GET /static/js/datepicker/calendar_footer.js?v=1784452207 HTTP/1.1" 200 3299
[28/Sep/2026 07:33:59] "GET /static/js/datepicker/calendar.js?v=1784452207 HTTP/1.1" 200 7376
[28/Sep/2026 07:33:59] "GET /static/js/datepicker/popup_lifecycle.js?v=1784452207 HTTP/1.1" 200 5788
[28/Sep/2026 07:33:59] "GET /static/js/datepicker/delegates.js?v=1784452207 HTTP/1.1" 200 2082
[28/Sep/2026 07:33:59] "GET /static/js/datepicker/core.js?v=1784452207 HTTP/1.1" 200 5520
[28/Sep/2026 07:33:59] "GET /static/js/datepicker/registry.js?v=1784452207 HTTP/1.1" 200 3376
[28/Sep/2026 07:33:59] "GET /static/js/datepicker/date-picker.js?v=1784452207 HTTP/1.1" 200 2422
[28/Sep/2026 07:33:59] "GET /static/js/reports/utils.js?v=1784452207 HTTP/1.1" 200 547
[28/Sep/2026 07:33:59] "GET /static/js/datepicker/calendar_months.js?v=1784452207 HTTP/1.1" 200 2978
[28/Sep/2026 07:33:59] "GET /static/js/reports/yearly.js?v=1784452207 HTTP/1.1" 200 78
[28/Sep/2026 07:33:59] "GET /static/js/reports/index/tabs.js?v=1784452207 HTTP/1.1" 200 7050
[28/Sep/2026 07:33:59] "GET /static/js/reports/pdf.js?v=1784452207 HTTP/1.1" 200 2520
[28/Sep/2026 07:33:59] "GET /static/js/reports/charts.js?v=1784452207 HTTP/1.1" 200 4759
[28/Sep/2026 07:33:59] "GET /static/js/app/banks.js?v=1784452207 HTTP/1.1" 200 167
[28/Sep/2026 07:33:59] "GET /static/js/app/utils/tabs/breadcrumb.js?v=1784452207 HTTP/1.1" 200 486
[28/Sep/2026 07:33:59] "GET /static/js/reports/index/data.js?v=1784452207 HTTP/1.1" 200 5990
[28/Sep/2026 07:33:59] "GET /static/js/app/companies.js?v=1784452207 HTTP/1.1" 200 191
[28/Sep/2026 07:33:59] "GET /static/js/app/utils/tabs/shell.js?v=1784452207 HTTP/1.1" 200 416
[28/Sep/2026 07:33:59] "GET /static/js/app/utils/tabs/more_menu.js?v=1784452207 HTTP/1.1" 200 4871
[28/Sep/2026 07:33:59] "GET /static/js/app/chart_crosshair/helpers.js?v=1784452207 HTTP/1.1" 200 7310
[28/Sep/2026 07:33:59] "GET /static/js/app/utils/collapsible.js?v=1784452207 HTTP/1.1" 200 4636
[28/Sep/2026 07:33:59] "GET /static/js/app/formatting.js?v=1784452207 HTTP/1.1" 200 1445
[28/Sep/2026 07:33:59] "GET /static/js/app/chart_crosshair/plugin.js?v=1784452207 HTTP/1.1" 200 7086
[28/Sep/2026 07:33:59] "GET /static/js/app/permissions.js?v=1784452207 HTTP/1.1" 200 834
[28/Sep/2026 07:33:59] "GET /static/js/app/theme.js?v=1784452207 HTTP/1.1" 200 1857
[28/Sep/2026 07:33:59] "GET /static/js/app/loading.js?v=1784452207 HTTP/1.1" 200 1016
[28/Sep/2026 07:33:59] "GET /static/js/app/toast.js?v=1784452207 HTTP/1.1" 200 1251
[28/Sep/2026 07:33:59] "GET /static/js/app/modals.js?v=1784452207 HTTP/1.1" 200 2050
[28/Sep/2026 07:33:59] "GET /static/js/app/authentication.js?v=1784452207 HTTP/1.1" 200 6841
[28/Sep/2026 07:33:59] "GET /static/js/app/routing.js?v=1784452207 HTTP/1.1" 200 3799
[28/Sep/2026 07:33:59] "GET /static/js/app/route_dispatch.js?v=1784452207 HTTP/1.1" 200 3945
[28/Sep/2026 07:33:59] "GET /static/js/app/center_alert.js?v=1784452207 HTTP/1.1" 200 2152
[28/Sep/2026 07:33:59] "GET /static/js/app/topbar.js?v=1784452207 HTTP/1.1" 200 4901
[28/Sep/2026 07:33:59] "GET /static/js/app/sidebar/nav_primary.js?v=1784452207 HTTP/1.1" 200 2000
[28/Sep/2026 07:33:59] "GET /static/js/app/navigation.js?v=1784452207 HTTP/1.1" 200 2287
[28/Sep/2026 07:33:59] "GET /static/js/app/sidebar/nav_expenses_reports.js?v=1784452207 HTTP/1.1" 200 2559
[28/Sep/2026 07:33:59] "GET /static/js/app/sidebar/nav_modules.js?v=1784452207 HTTP/1.1" 200 2150
[28/Sep/2026 07:33:59] "GET /static/js/app/sidebar/nav_settings.js?v=1784452207 HTTP/1.1" 200 673
[28/Sep/2026 07:33:59] "GET /static/js/app/sidebar/render.js?v=1784452207 HTTP/1.1" 200 2138
[28/Sep/2026 07:33:59] "GET /static/js/app/sidebar/footer.js?v=1784452207 HTTP/1.1" 200 2941
[28/Sep/2026 07:33:59] "GET /static/js/app/index.js?v=1784452207 HTTP/1.1" 200 4994
[28/Sep/2026 07:33:59] "GET /static/js/financial_advisor/utils.js?v=1790000001 HTTP/1.1" 200 7270
[28/Sep/2026 07:33:59] "GET /static/js/financial_advisor/cash_flow_forecast/states.js?v=1790000001 HTTP/1.1" 200 2150
[28/Sep/2026 07:33:59] "GET /static/js/financial_advisor/cash_flow_forecast/cash_flow.js?v=1790000001 HTTP/1.1" 200 5317
[28/Sep/2026 07:33:59] "GET /static/js/app/sidebar/modes.js?v=1784452207 HTTP/1.1" 200 2579
[28/Sep/2026 07:33:59] "GET /static/js/financial_advisor/cash_flow_forecast/timeline.js?v=1790000001 HTTP/1.1" 200 5709
[28/Sep/2026 07:34:00] "GET /static/js/financial_advisor/wealth_growth_forecast/charts.js?v=1790000001 HTTP/1.1" 200 4102
[28/Sep/2026 07:34:00] "GET /static/js/financial_advisor/wealth_growth_forecast/fragments.js?v=1790000001 HTTP/1.1" 200 5055
[28/Sep/2026 07:34:00] "GET /static/js/financial_advisor/cash_flow_forecast/cash_flow_custom_projection.js?v=1790000001 HTTP/1.1" 200 9926
[28/Sep/2026 07:34:00] "GET /static/js/financial_advisor/wealth_growth_forecast/wealth_growth.js?v=1790000001 HTTP/1.1" 200 6793
[28/Sep/2026 07:34:00] "GET /static/js/financial_advisor/portfolio_optimizer/fragments.js?v=1790000001 HTTP/1.1" 200 3512
[28/Sep/2026 07:34:00] "GET /static/js/financial_advisor/goal_planning/charts.js?v=1790000001 HTTP/1.1" 200 2148
[28/Sep/2026 07:34:00] "GET /static/js/financial_advisor/portfolio_optimizer/portfolio_optimizer.js?v=1790000001 HTTP/1.1" 200 10139
[28/Sep/2026 07:34:00] "GET /static/js/financial_advisor/goal_planning/ui.js?v=1790000001 HTTP/1.1" 200 6501
[28/Sep/2026 07:34:00] "GET /static/js/financial_advisor/portfolio_optimizer/charts.js?v=1790000001 HTTP/1.1" 200 2174
[28/Sep/2026 07:34:00] "GET /static/js/financial_advisor/goal_planning/modal.js?v=1790000001 HTTP/1.1" 200 4207
[28/Sep/2026 07:34:00] "GET /static/js/financial_advisor/goal_planning/ui_sections.js?v=1790000001 HTTP/1.1" 200 4870
[28/Sep/2026 07:34:00] "GET /static/js/financial_advisor/goal_planning/goal_planning_cards.js?v=1790000001 HTTP/1.1" 200 5762
[28/Sep/2026 07:34:00] "GET /static/js/financial_advisor/goal_planning/goal_planning_modal.js?v=1790000001 HTTP/1.1" 200 3720
[28/Sep/2026 07:34:00] "GET /static/js/financial_advisor/goal_planning/goal_planning_main.js?v=1790000001 HTTP/1.1" 200 4718
[28/Sep/2026 07:34:00] "GET /static/js/financial_advisor/goal_planning/goal_planning_modal_events.js?v=1790000001 HTTP/1.1" 200 4704
[28/Sep/2026 07:34:00] "GET /static/js/financial_advisor/overview/overview_charts.js?v=1790000001 HTTP/1.1" 200 3462
[28/Sep/2026 07:34:00] "GET /static/js/financial_advisor/overview/overview_cards_kpi.js?v=1790000001 HTTP/1.1" 200 5535
[28/Sep/2026 07:34:00] "GET /static/js/financial_advisor/overview/overview_cards_row3.js?v=1790000001 HTTP/1.1" 200 6379
[28/Sep/2026 07:34:00] "GET /static/js/financial_advisor/overview/overview_cards_summary.js?v=1790000001 HTTP/1.1" 200 1386
[28/Sep/2026 07:34:00] "GET /static/js/financial_advisor/overview/overview_cards_row4.js?v=1790000001 HTTP/1.1" 200 7216
[28/Sep/2026 07:34:00] "GET /static/js/financial_advisor/overview/overview_render_helpers.js?v=1790000001 HTTP/1.1" 200 3501
[28/Sep/2026 07:34:00] "GET /static/js/financial_advisor/overview/overview_render_lists.js?v=1790000001 HTTP/1.1" 200 6292
[28/Sep/2026 07:34:00] "GET /static/js/financial_advisor/overview/overview_render_main.js?v=1790000001 HTTP/1.1" 200 6180
[28/Sep/2026 07:34:00] "GET /static/js/financial_advisor/risk_analysis/state.js?v=1790000001 HTTP/1.1" 200 812
[28/Sep/2026 07:34:00] "GET /static/js/financial_advisor/overview/overview.js?v=1790000001 HTTP/1.1" 200 1027
[28/Sep/2026 07:34:00] "GET /static/js/financial_advisor/risk_analysis/render_loading_error.js?v=1790000001 HTTP/1.1" 200 956
[28/Sep/2026 07:34:00] "GET /static/js/financial_advisor/overview/overview_render_row1.js?v=1790000001 HTTP/1.1" 200 11166
[28/Sep/2026 07:34:00] "GET /static/js/financial_advisor/risk_analysis/render_template.js?v=1790000001 HTTP/1.1" 200 7627
[28/Sep/2026 07:34:00] "GET /static/js/financial_advisor/risk_analysis/fragments.js?v=1790000001 HTTP/1.1" 200 9570
[28/Sep/2026 07:34:00] "GET /static/js/financial_advisor/risk_analysis/render_main.js?v=1790000001 HTTP/1.1" 200 2092
[28/Sep/2026 07:34:00] "GET /static/js/financial_advisor/risk_analysis/loader.js?v=1790000001 HTTP/1.1" 200 859
[28/Sep/2026 07:34:00] "GET /static/js/financial_advisor/risk_analysis/income_chart.js?v=1790000001 HTTP/1.1" 200 2069
[28/Sep/2026 07:34:00] "GET /static/js/financial_advisor/risk_analysis/radar_chart.js?v=1790000001 HTTP/1.1" 200 2962
[28/Sep/2026 07:34:00] "GET /static/js/financial_advisor/spending_intelligence/spending_intelligence_render.js?v=1790000001 HTTP/1.1" 200 8468
[28/Sep/2026 07:34:00] "GET /static/js/financial_advisor/spending_intelligence/build_category_donut.js?v=1790000001 HTTP/1.1" 200 6181
[28/Sep/2026 07:34:00] "GET /static/js/financial_advisor/spending_intelligence/build_findings_insights_trend.js?v=1790000001 HTTP/1.1" 200 6479
[28/Sep/2026 07:34:00] "GET /static/js/financial_advisor/spending_intelligence/render_loading_error.js?v=1790000001 HTTP/1.1" 200 1130
[28/Sep/2026 07:34:00] "GET /static/js/financial_advisor/spending_intelligence/render_template.js?v=1790000001 HTTP/1.1" 200 1094
[28/Sep/2026 07:34:00] "GET /static/js/financial_advisor/spending_intelligence/render_main.js?v=1790000001 HTTP/1.1" 200 4859
[28/Sep/2026 07:34:00] "GET /static/js/financial_advisor/spending_intelligence/loader.js?v=1790000001 HTTP/1.1" 200 909
[28/Sep/2026 07:34:00] "GET /static/js/financial_advisor/spending_intelligence/fragments.js?v=1790000001 HTTP/1.1" 200 6995
[28/Sep/2026 07:34:00] "GET /static/js/financial_advisor/opportunity_detection/opportunity_detection_card.js?v=1790000001 HTTP/1.1" 200 5382
[28/Sep/2026 07:34:00] "GET /static/js/financial_advisor/opportunity_detection/opportunity_detection_helpers.js?v=1790000001 HTTP/1.1" 200 2482
[28/Sep/2026 07:34:00] "GET /static/js/financial_advisor/performance/performance_format.js?v=1790000001 HTTP/1.1" 200 2203
[28/Sep/2026 07:34:00] "GET /static/js/financial_advisor/opportunity_detection/opportunity_detection_render.js?v=1790000001 HTTP/1.1" 200 5667
[28/Sep/2026 07:34:00] "GET /static/js/financial_advisor/performance/performance_charts.js?v=1790000001 HTTP/1.1" 200 4430
[28/Sep/2026 07:34:00] "GET /static/js/financial_advisor/performance/performance_sections_gold.js?v=1790000001 HTTP/1.1" 200 10609
[28/Sep/2026 07:34:00] "GET /static/js/financial_advisor/performance/performance_state.js?v=1790000001 HTTP/1.1" 200 1550
[28/Sep/2026 07:34:00] "GET /static/js/financial_advisor/performance/performance_events.js?v=1790000001 HTTP/1.1" 200 3223
[28/Sep/2026 07:34:00] "GET /static/js/financial_advisor/performance/performance_view.js?v=1790000001 HTTP/1.1" 200 3680
[28/Sep/2026 07:34:00] "GET /static/js/financial_advisor/what_if_simulator/what_if_chart/helpers.js?v=1790000001 HTTP/1.1" 200 1777
[28/Sep/2026 07:34:00] "GET /static/js/financial_advisor/performance/performance_sections_currency.js?v=1790000001 HTTP/1.1" 200 9267
[28/Sep/2026 07:34:00] "GET /static/js/financial_advisor/what_if_simulator/what_if_chart/comparison.js?v=1790000001 HTTP/1.1" 200 4436
[28/Sep/2026 07:34:00] "GET /static/js/financial_advisor/what_if_simulator/what_if_view.js?v=1790000001 HTTP/1.1" 200 8567
[28/Sep/2026 07:34:00] "GET /static/js/financial_advisor/what_if_simulator/what_if_chart/render.js?v=1790000001 HTTP/1.1" 200 4759
[28/Sep/2026 07:34:00] "GET /static/js/financial_advisor/what_if_simulator/what_if_state.js?v=1790000001 HTTP/1.1" 200 3816
[28/Sep/2026 07:34:00] "GET /static/js/financial_advisor/scenario_planner/scenario_planner_chart.js?v=1790000001 HTTP/1.1" 200 5709
[28/Sep/2026 07:34:00] "GET /static/js/financial_advisor/what_if_simulator/what_if_recalc.js?v=1790000001 HTTP/1.1" 200 2489
[28/Sep/2026 07:34:00] "GET /static/js/financial_advisor/scenario_planner/state.js?v=1790000001 HTTP/1.1" 200 2394
[28/Sep/2026 07:34:00] "GET /static/js/financial_advisor/scenario_planner/render_view.js?v=1790000001 HTTP/1.1" 200 5063
[28/Sep/2026 07:34:00] "GET /static/js/financial_advisor/what_if_simulator/what_if_events.js?v=1790000001 HTTP/1.1" 200 5392
[28/Sep/2026 07:34:00] "GET /static/js/financial_advisor/scenario_planner/api.js?v=1790000001 HTTP/1.1" 200 3564
[28/Sep/2026 07:34:00] "GET /static/js/financial_advisor/scenario_planner/render_builder.js?v=1790000001 HTTP/1.1" 200 7610
[28/Sep/2026 07:34:00] "GET /static/js/financial_advisor/scenario_planner/render_timeline_rail.js?v=1790000001 HTTP/1.1" 200 6363
[28/Sep/2026 07:34:00] "GET /static/js/financial_advisor/scenario_planner/render_compare_insights.js?v=1790000001 HTTP/1.1" 200 6734
[28/Sep/2026 07:34:00] "GET /static/js/financial_advisor/scenario_planner/render_dashboard.js?v=1790000001 HTTP/1.1" 200 6124
[28/Sep/2026 07:34:00] "GET /static/js/financial_advisor/scenario_planner/events.js?v=1790000001 HTTP/1.1" 200 4481
[28/Sep/2026 07:34:00] "GET /static/js/financial_advisor/scenario_planner/modal_actions.js?v=1790000001 HTTP/1.1" 200 6641
[28/Sep/2026 07:34:00] "GET /static/js/ai/ai_core.js?v=1784452207 HTTP/1.1" 200 2420
[28/Sep/2026 07:34:00] "GET /static/js/ai/ai_markdown.js?v=1784452207 HTTP/1.1" 200 4681
[28/Sep/2026 07:34:00] "GET /static/js/ai/ai_status.js?v=1784452207 HTTP/1.1" 200 2154
[28/Sep/2026 07:34:00] "GET /static/js/ai/ai_progress.js?v=1784452207 HTTP/1.1" 200 5312
[28/Sep/2026 07:34:00] "GET /static/js/ai/ai_context_panel_helpers.js?v=1784452207 HTTP/1.1" 200 2711
[28/Sep/2026 07:34:00] "GET /static/js/ai/ai_messages.js?v=1784452207 HTTP/1.1" 200 6835
[28/Sep/2026 07:34:00] "GET /static/js/ai/ai_conversations.js?v=1784452207 HTTP/1.1" 200 4023
[28/Sep/2026 07:34:00] "GET /static/js/ai/ai_context_panel.js?v=1784452207 HTTP/1.1" 200 8048
[28/Sep/2026 07:34:00] "GET /static/js/ai/ai_conversations_actions.js?v=1784452207 HTTP/1.1" 200 4166
[28/Sep/2026 07:34:00] "GET /static/js/ai/ai_chat_submit.js?v=1784452207 HTTP/1.1" 200 3379
[28/Sep/2026 07:34:00] "GET /static/js/ai/ai_shell.js?v=1784452207 HTTP/1.1" 200 8512
[28/Sep/2026 07:34:00] "GET /static/js/ai/prompt_library/pl_render_modal_shell.js?v=1784452207 HTTP/1.1" 200 1751
[28/Sep/2026 07:34:00] "GET /static/js/ai/prompt_library/pl_state.js?v=1784452207 HTTP/1.1" 200 4279
[28/Sep/2026 07:34:00] "GET /static/js/ai/prompt_library/pl_render_toolbar.js?v=1784452207 HTTP/1.1" 200 5819
[28/Sep/2026 07:34:00] "GET /static/js/ai/prompt_library/pl_render_detail.js?v=1784452207 HTTP/1.1" 200 8364
[28/Sep/2026 07:34:00] "GET /static/js/ai/prompt_library/pl_render_list.js?v=1784452207 HTTP/1.1" 200 3172
[28/Sep/2026 07:34:00] "GET /static/js/ai/prompt_library/pl_actions_optimistic.js?v=1784452207 HTTP/1.1" 200 3171
[28/Sep/2026 07:34:00] "GET /static/js/ai/prompt_library/pl_actions.js?v=1784452207 HTTP/1.1" 200 3462
[28/Sep/2026 07:34:00] "GET /static/js/ai/prompt_library/pl_events.js?v=1784452207 HTTP/1.1" 200 3752
[28/Sep/2026 07:34:00] "GET /static/js/ai/knowledge_base/kb_state.js?v=1784452207 HTTP/1.1" 200 4279
[28/Sep/2026 07:34:00] "GET /static/js/ai/dataset_manager/dm_events.js?v=1784452208 HTTP/1.1" 200 440
[28/Sep/2026 07:34:00] "GET /static/js/ai/knowledge_base/kb_render.js?v=1784452207 HTTP/1.1" 200 7356
[28/Sep/2026 07:34:00] "GET /static/js/ai/dataset_manager/dm_render.js?v=1784452208 HTTP/1.1" 200 4499
[28/Sep/2026 07:34:00] "GET /static/js/ai/knowledge_base/kb_events.js?v=1784452207 HTTP/1.1" 200 1096
[28/Sep/2026 07:34:00] "GET /static/js/ai/model_management/mm_state.js?v=1784452208 HTTP/1.1" 200 3173
[28/Sep/2026 07:34:00] "GET /static/js/ai/dataset_manager/dm_state.js?v=1784452208 HTTP/1.1" 200 1845
[28/Sep/2026 07:34:00] "GET /static/js/ai/model_management/mm_render.js?v=1784452208 HTTP/1.1" 200 5483
[28/Sep/2026 07:34:00] "GET /static/js/ai/model_management/mm_events.js?v=1784452208 HTTP/1.1" 200 517
[28/Sep/2026 07:34:00] "GET /static/js/ai/benchmark_results/br_events.js?v=1784452208 HTTP/1.1" 200 436
[28/Sep/2026 07:34:00] "GET /static/js/ai/benchmark_results/br_state.js?v=1784452208 HTTP/1.1" 200 1803
[28/Sep/2026 07:34:00] "GET /static/js/ai/benchmark_results/br_render.js?v=1784452208 HTTP/1.1" 200 4790
[28/Sep/2026 07:34:00] "GET /static/js/ai/pinned_chats/pc_events.js?v=1784452209 HTTP/1.1" 200 1001
[28/Sep/2026 07:34:00] "GET /static/js/ai/pinned_chats/pc_state.js?v=1784452209 HTTP/1.1" 200 1834
[28/Sep/2026 07:34:00] "GET /static/js/ai/pinned_chats/pc_render.js?v=1784452209 HTTP/1.1" 200 2879
[28/Sep/2026 07:34:00] "GET /static/js/ai/knowledge_search/ks_state_core.js?v=1787225686 HTTP/1.1" 200 2436
[28/Sep/2026 07:34:00] "GET /static/js/financial_advisor/api.js?v=1784452207 HTTP/1.1" 200 186
[28/Sep/2026 07:34:00] "GET /static/js/ai/knowledge_search/ks_state_edit.js?v=1787225686 HTTP/1.1" 200 2815
[28/Sep/2026 07:34:00] "GET /static/js/ai/knowledge_search/ks_events.js?v=1787225686 HTTP/1.1" 200 793
[28/Sep/2026 07:34:00] "GET /static/js/ai/knowledge_search/ks_state_actions.js?v=1787225686 HTTP/1.1" 200 1188
[28/Sep/2026 07:34:00] "GET /static/js/financial_advisor/calculations.js?v=1784452207 HTTP/1.1" 200 178
[28/Sep/2026 07:34:00] "GET /static/js/ai/knowledge_search/ks_render.js?v=1787225686 HTTP/1.1" 200 6866
[28/Sep/2026 07:34:00] "GET /static/js/financial_advisor/tab_panes.js?v=1784452207 HTTP/1.1" 200 3501
[28/Sep/2026 07:34:00] "GET /static/js/financial_advisor/index.js?v=1784452207 HTTP/1.1" 200 2427
[28/Sep/2026 07:34:00] "GET /static/js/financial_advisor/render.js?v=1784452207 HTTP/1.1" 200 6071
[28/Sep/2026 07:34:00] "GET /static/js/documents/doc_upload.js?v=1784452207 HTTP/1.1" 200 1489
[28/Sep/2026 07:34:00] "GET /static/js/documents/doc_view.js?v=1784452207 HTTP/1.1" 200 656
[28/Sep/2026 07:34:00] "GET /static/js/documents/doc_list.js?v=1784452207 HTTP/1.1" 200 6786
[28/Sep/2026 07:34:00] "GET /static/js/documents/doc_replace.js?v=1784452207 HTTP/1.1" 200 1187
[28/Sep/2026 07:34:00] "GET /static/js/documents/doc_remove.js?v=1784452207 HTTP/1.1" 200 839
[28/Sep/2026 07:34:00] "GET /static/js/documents/doc_state.js?v=1784452207 HTTP/1.1" 200 4489
[28/Sep/2026 07:34:00] "GET /static/js/companies/render.js?v=1784452207 HTTP/1.1" 200 2821
[28/Sep/2026 07:34:00] "GET /static/js/companies/actions.js?v=1784452207 HTTP/1.1" 200 2652
[28/Sep/2026 07:34:00] "GET /static/js/companies/modal.js?v=1784452207 HTTP/1.1" 200 7527
[28/Sep/2026 07:34:00] "GET /static/js/salary/utils.js?v=1784452207 HTTP/1.1" 200 350
[28/Sep/2026 07:34:00] "GET /static/js/salary/api.js?v=1784452207 HTTP/1.1" 200 1699
[28/Sep/2026 07:34:00] "GET /static/js/salary/table.js?v=1784452207 HTTP/1.1" 200 4217
[28/Sep/2026 07:34:00] "GET /static/js/salary/perdiem/list.js?v=1784452207 HTTP/1.1" 200 5589
[28/Sep/2026 07:34:00] "GET /static/js/salary/perdiem/form.js?v=1784452207 HTTP/1.1" 200 7429
[28/Sep/2026 07:34:00] "GET /static/js/salary/modal.js?v=1784452207 HTTP/1.1" 200 3137
[28/Sep/2026 07:34:00] "GET /static/js/salary/dashboard_render.js?v=1784452207 HTTP/1.1" 200 6905
[28/Sep/2026 07:34:00] "GET /static/js/salary/dashboard_enhancements.js?v=1784452207 HTTP/1.1" 200 4977
[28/Sep/2026 07:34:00] "GET /static/js/salary/index.js?v=1784452207 HTTP/1.1" 200 763
[28/Sep/2026 07:34:00] "GET /static/js/balance/utils.js?v=1784452207 HTTP/1.1" 200 1761
[28/Sep/2026 07:34:00] "GET /static/js/salary/payroll.js?v=1784452207 HTTP/1.1" 200 2056
[28/Sep/2026 07:34:00] "GET /static/js/salary/year_pills.js?v=1784452207 HTTP/1.1" 200 890
[28/Sep/2026 07:34:00] "GET /static/js/salary/employment_page.js?v=1784452207 HTTP/1.1" 200 6820
[28/Sep/2026 07:34:00] "GET /static/js/balance/analytics.js?v=1784452207 HTTP/1.1" 200 14
[28/Sep/2026 07:34:00] "GET /static/js/balance/charts.js?v=1784452207 HTTP/1.1" 200 14
[28/Sep/2026 07:34:00] "GET /static/js/balance/dashboard.js?v=1784452207 HTTP/1.1" 200 14
[28/Sep/2026 07:34:00] "GET /static/js/balance/api.js?v=1784452207 HTTP/1.1" 200 1892
[28/Sep/2026 07:34:00] "GET /static/js/balance/calculations.js?v=1784452207 HTTP/1.1" 200 1133
[28/Sep/2026 07:34:00] "GET /static/js/balance/modal.js?v=1784452207 HTTP/1.1" 200 6441
[28/Sep/2026 07:34:00] "GET /static/js/balance/forecasts.js?v=1784452207 HTTP/1.1" 200 6681
[28/Sep/2026 07:34:00] "GET /static/js/balance/overview.js?v=1784452207 HTTP/1.1" 200 9249
[28/Sep/2026 07:34:00] "GET /static/js/balance/allocation.js?v=1784452207 HTTP/1.1" 200 1383
[28/Sep/2026 07:34:00] "GET /static/js/balance/accounts.js?v=1784452207 HTTP/1.1" 200 3204
[28/Sep/2026 07:34:00] "GET /static/js/balance/recommendations.js?v=1784452207 HTTP/1.1" 200 13329
[28/Sep/2026 07:34:00] "GET /static/js/balance/transfers/render.js?v=1784452207 HTTP/1.1" 200 4919
[28/Sep/2026 07:34:00] "GET /static/js/balance/transfers/form/modal.js?v=1784452207 HTTP/1.1" 200 6842
[28/Sep/2026 07:34:00] "GET /static/js/balance/transfers/form/persist.js?v=1784452207 HTTP/1.1" 200 2437
[28/Sep/2026 07:34:00] "GET /static/js/balance/currency_exchange/render_main.js?v=1784452207 HTTP/1.1" 200 6725
[28/Sep/2026 07:34:00] "GET /static/js/balance/currency_exchange/exchange_modal.js?v=1784452207 HTTP/1.1" 200 7021
[28/Sep/2026 07:34:00] "GET /static/js/balance/currency_exchange/state_and_title.js?v=1784452207 HTTP/1.1" 200 1887
[28/Sep/2026 07:34:00] "GET /static/js/balance/currency_exchange/backend_calc_save_delete.js?v=1784452207 HTTP/1.1" 200 4211
[28/Sep/2026 07:34:00] "GET /static/js/balance/bank_interest/render.js?v=1784452207 HTTP/1.1" 200 3582
[28/Sep/2026 07:34:00] "GET /static/js/balance/currency_exchange/filters_table.js?v=1784452207 HTTP/1.1" 200 4262
[28/Sep/2026 07:34:00] "GET /static/js/balance/bank_interest/api.js?v=1784452207 HTTP/1.1" 200 2215
[28/Sep/2026 07:34:00] "GET /static/js/balance/bank_interest/modal.js?v=1784452207 HTTP/1.1" 200 4423
[28/Sep/2026 07:34:00] "GET /static/js/balance/credit_card_payment/render.js?v=1784452207 HTTP/1.1" 200 3837
[28/Sep/2026 07:34:00] "GET /static/js/balance/credit_card_payment/modal.js?v=1784452207 HTTP/1.1" 200 4598
[28/Sep/2026 07:34:00] "GET /static/js/balance/credit_card_payment/api.js?v=1784452207 HTTP/1.1" 200 2373
[28/Sep/2026 07:34:00] "GET /static/js/balance/card_renewal_fee/render.js?v=1784452207 HTTP/1.1" 200 3445
[28/Sep/2026 07:34:01] "GET /static/js/balance/card_renewal_fee/modal.js?v=1784452207 HTTP/1.1" 200 3934
[28/Sep/2026 07:34:01] "GET /static/js/balance/index_fetch.js?v=1784452207 HTTP/1.1" 200 1978
[28/Sep/2026 07:34:01] "GET /static/js/balance/card_renewal_fee/api.js?v=1784452207 HTTP/1.1" 200 2268
[28/Sep/2026 07:34:01] "GET /static/js/balance/index_derive.js?v=1784452207 HTTP/1.1" 200 3221
[28/Sep/2026 07:34:01] "GET /static/js/balance/index_recommendations.js?v=1784452207 HTTP/1.1" 200 2284
[28/Sep/2026 07:34:01] "GET /static/js/balance/index_labels.js?v=1784452207 HTTP/1.1" 200 2173
[28/Sep/2026 07:34:01] "GET /static/js/balance/index_shell.js?v=1784452207 HTTP/1.1" 200 4206
[28/Sep/2026 07:34:01] "GET /static/js/balance/index_events.js?v=1784452207 HTTP/1.1" 200 1852
[28/Sep/2026 07:34:01] "GET /static/js/balance/index_trend_health.js?v=1784452207 HTTP/1.1" 200 5408
[28/Sep/2026 07:34:01] "GET /static/js/balance/index.js?v=1784452207 HTTP/1.1" 200 4671
[28/Sep/2026 07:34:01] "GET /static/js/fixed_assets/utils.js?v=1784452207 HTTP/1.1" 200 1532
[28/Sep/2026 07:34:01] "GET /static/js/fixed_assets/gold/units.js?v=1784452207 HTTP/1.1" 200 955
[28/Sep/2026 07:34:01] "GET /static/js/fixed_assets/gold/dashboard.js?v=1784452207 HTTP/1.1" 200 2580
[28/Sep/2026 07:34:01] "GET /static/js/fixed_assets/gold/settings.js?v=1784452207 HTTP/1.1" 200 4309
[28/Sep/2026 07:34:01] "GET /static/js/fixed_assets/charts/metrics.js?v=1784452207 HTTP/1.1" 200 4738
[28/Sep/2026 07:34:01] "GET /static/js/fixed_assets/charts/draw.js?v=1784452207 HTTP/1.1" 200 5180
[28/Sep/2026 07:34:01] "GET /static/js/fixed_assets/tabs.js?v=1784452207 HTTP/1.1" 200 5599
[28/Sep/2026 07:34:01] "GET /static/js/fixed_assets/list/render.js?v=1784452207 HTTP/1.1" 200 6189
[28/Sep/2026 07:34:01] "GET /static/js/fixed_assets/dashboard.js?v=1784452207 HTTP/1.1" 200 3448
[28/Sep/2026 07:34:01] "GET /static/js/fixed_assets/list/gold_groups.js?v=1784452207 HTTP/1.1" 200 3459
[28/Sep/2026 07:34:01] "GET /static/js/fixed_assets/analytics_render.js?v=1784452207 HTTP/1.1" 200 5497
[28/Sep/2026 07:34:01] "GET /static/js/fixed_assets/api.js?v=1784452207 HTTP/1.1" 200 1728
[28/Sep/2026 07:34:01] "GET /static/js/fixed_assets/reports.js?v=1784452207 HTTP/1.1" 200 6565
[28/Sep/2026 07:34:01] "GET /static/js/fixed_assets/analytics_metrics.js?v=1784452207 HTTP/1.1" 200 3814
[28/Sep/2026 07:34:01] "GET /static/js/fixed_assets/analytics_charts.js?v=1784452207 HTTP/1.1" 200 1869
[28/Sep/2026 07:34:01] "GET /static/js/fixed_assets/currency/rates.js?v=1784452207 HTTP/1.1" 200 7089
[28/Sep/2026 07:34:01] "GET /static/js/fixed_assets/calculations.js?v=1784452207 HTTP/1.1" 200 549
[28/Sep/2026 07:34:01] "GET /static/js/fixed_assets/modal.js?v=1784452207 HTTP/1.1" 200 1200
[28/Sep/2026 07:34:01] "GET /static/js/fixed_assets/currency/options.js?v=1784452207 HTTP/1.1" 200 5030
[28/Sep/2026 07:34:01] "GET /static/js/fixed_assets/sale.js?v=1784452207 HTTP/1.1" 200 3684
[28/Sep/2026 07:34:01] "GET /static/js/fixed_assets/purchase_payments.js?v=1784452207 HTTP/1.1" 200 4623
[28/Sep/2026 07:34:01] "GET /static/js/fixed_assets/sale_tabs.js?v=1784452207 HTTP/1.1" 200 4339
[28/Sep/2026 07:34:01] "GET /static/js/fixed_assets/mortgage.js?v=1784452207 HTTP/1.1" 200 2381
[28/Sep/2026 07:34:01] "GET /static/js/fixed_assets/acquisition_costs_collect.js?v=1784452207 HTTP/1.1" 200 1499
[28/Sep/2026 07:34:01] "GET /static/js/fixed_assets/rental.js?v=1784452207 HTTP/1.1" 200 3296
[28/Sep/2026 07:34:01] "GET /static/js/fixed_assets/renovations_collect.js?v=1784452207 HTTP/1.1" 200 1595
[28/Sep/2026 07:34:01] "GET /static/js/fixed_assets/renovations/rows.js?v=1784452207 HTTP/1.1" 200 7789
[28/Sep/2026 07:34:01] "GET /static/js/fixed_assets/acquisition_costs.js?v=1784452207 HTTP/1.1" 200 8489
[28/Sep/2026 07:34:01] "GET /static/js/fixed_assets/renovations/summary.js?v=1784452207 HTTP/1.1" 200 1593
[28/Sep/2026 07:34:01] "GET /static/js/fixed_assets/furniture_summary.js?v=1784452207 HTTP/1.1" 200 3550
[28/Sep/2026 07:34:01] "GET /static/js/fixed_assets/furniture_row.js?v=1784452207 HTTP/1.1" 200 8439
[28/Sep/2026 07:34:01] "GET /static/js/fixed_assets/valuation.js?v=1784452207 HTTP/1.1" 200 6572
[28/Sep/2026 07:34:01] "GET /static/js/fixed_assets/vehicle.js?v=1784452207 HTTP/1.1" 200 947
[28/Sep/2026 07:34:01] "GET /static/js/fixed_assets/valuation_sync.js?v=1784452207 HTTP/1.1" 200 3815
[28/Sep/2026 07:34:01] "GET /static/js/fixed_assets/other_assets.js?v=1784452207 HTTP/1.1" 200 687
[28/Sep/2026 07:34:01] "GET /static/js/fixed_assets/gold_details.js?v=1784452207 HTTP/1.1" 200 792
[28/Sep/2026 07:34:01] "GET /static/js/fixed_assets/insurance.js?v=1784452207 HTTP/1.1" 200 3550
[28/Sep/2026 07:34:01] "GET /static/js/fixed_assets/maintenance.js?v=1784452207 HTTP/1.1" 200 1852
[28/Sep/2026 07:34:01] "GET /static/js/fixed_assets/property.js?v=1784452207 HTTP/1.1" 200 2277
[28/Sep/2026 07:34:01] "GET /static/js/fixed_assets/map/photo_gallery.js?v=1784452207 HTTP/1.1" 200 2222
[28/Sep/2026 07:34:01] "GET /static/js/fixed_assets/map/property_map.js?v=1784452207 HTTP/1.1" 200 3156
[28/Sep/2026 07:34:01] "GET /static/js/fixed_assets/map/geocoding.js?v=1784452207 HTTP/1.1" 200 3556
[28/Sep/2026 07:34:01] "GET /static/js/fixed_assets/validation/sync_helpers.js?v=1784452207 HTTP/1.1" 200 2283
[28/Sep/2026 07:34:01] "GET /static/js/fixed_assets/validation/lifecycle.js?v=1784452207 HTTP/1.1" 200 1399
[28/Sep/2026 07:34:01] "GET /static/js/fixed_assets/validation/save_asset/build_payload.js?v=1784452207 HTTP/1.1" 200 6469
[28/Sep/2026 07:34:01] "GET /static/js/fixed_assets/validation/sale_form.js?v=1784452207 HTTP/1.1" 200 3323
[28/Sep/2026 07:34:01] "GET /static/js/fixed_assets/validation/sale_modal.js?v=1784452207 HTTP/1.1" 200 4890
[28/Sep/2026 07:34:01] "GET /static/js/fixed_assets/validation/save_asset.js?v=1784452207 HTTP/1.1" 200 2088
[28/Sep/2026 07:34:01] "GET /static/js/fixed_assets/validation/save_asset/submit.js?v=1784452207 HTTP/1.1" 200 962
[28/Sep/2026 07:34:01] "GET /static/js/fixed_assets/validation/save_asset/photos.js?v=1784452207 HTTP/1.1" 200 1141
[28/Sep/2026 07:34:01] "GET /static/js/fixed_assets/validation/submit_sale_misc.js?v=1784452207 HTTP/1.1" 200 1726
[28/Sep/2026 07:34:01] "GET /static/js/fixed_assets/details_insurance_sale_tabs.js?v=1784452207 HTTP/1.1" 200 4685
[28/Sep/2026 07:34:01] "GET /static/js/fixed_assets/details_property_tab.js?v=1784452207 HTTP/1.1" 200 14918
[28/Sep/2026 07:34:01] "GET /static/js/fixed_assets/details_modal_nav1.js?v=1784452207 HTTP/1.1" 200 4822
[28/Sep/2026 07:34:01] "GET /static/js/fixed_assets/details_shared_tabs.js?v=1784452207 HTTP/1.1" 200 10323
[28/Sep/2026 07:34:01] "GET /static/js/fixed_assets/details_asset_types.js?v=1784452207 HTTP/1.1" 200 6864
[28/Sep/2026 07:34:01] "GET /static/js/fixed_assets/details_property_other_tabs.js?v=1784452207 HTTP/1.1" 200 10490
[28/Sep/2026 07:34:01] "GET /static/js/fixed_assets/details_modal_html.js?v=1784452207 HTTP/1.1" 200 2128
[28/Sep/2026 07:34:01] "GET /static/js/fixed_assets/details_modal_nav2.js?v=1784452207 HTTP/1.1" 200 5903
[28/Sep/2026 07:34:01] "GET /static/js/fixed_assets/details_modal.js?v=1784452207 HTTP/1.1" 200 1372
[28/Sep/2026 07:34:01] "GET /static/js/fixed_assets/asset_detail_view/non_real_estate_modal.js?v=1784452207 HTTP/1.1" 200 8162
[28/Sep/2026 07:34:01] "GET /static/js/fixed_assets/asset_detail_view/non_real_estate_core_tab.js?v=1784452207 HTTP/1.1" 200 10538
[28/Sep/2026 07:34:01] "GET /static/js/fixed_assets/details_modal_events.js?v=1784452207 HTTP/1.1" 200 4234
[28/Sep/2026 07:34:01] "GET /static/js/fixed_assets/asset_detail_view/general_property_tabs.js?v=1784452207 HTTP/1.1" 200 11460
[28/Sep/2026 07:34:01] "GET /static/js/fixed_assets/asset_detail_view/tabs/furniture_pane.js?v=1784452207 HTTP/1.1" 200 4970
[28/Sep/2026 07:34:01] "GET /static/js/fixed_assets/asset_detail_view/tabs/mortgage_rental_panes.js?v=1784452207 HTTP/1.1" 200 5025
[28/Sep/2026 07:34:01] "GET /static/js/fixed_assets/asset_detail_view/photos_renovation_acquisition_tabs.js?v=1784452207 HTTP/1.1" 200 11011
[28/Sep/2026 07:34:01] "GET /static/js/fixed_assets/asset_detail_view/tabs/valuation_pane.js?v=1784452207 HTTP/1.1" 200 2011
[28/Sep/2026 07:34:01] "GET /static/js/fixed_assets/asset_detail_view/tabs/sale_pane_and_footer.js?v=1784452207 HTTP/1.1" 200 3115
[28/Sep/2026 07:34:01] "GET /static/js/fixed_assets/asset_detail_view/furniture_valuation_mortgage_rental_sale_tabs.js?v=1784452207 HTTP/1.1" 200 715
[28/Sep/2026 07:34:01] "GET /static/js/fixed_assets/index.js?v=1784452207 HTTP/1.1" 200 3275
[28/Sep/2026 07:34:01] "GET /static/js/fixed_assets/asset_detail_view/entry.js?v=1784452207 HTTP/1.1" 200 7104
[28/Sep/2026 07:34:01] "GET /static/js/settings/utils.js?v=1784452207 HTTP/1.1" 200 964
[28/Sep/2026 07:34:01] "GET /static/js/fixed_assets/load_asset.js?v=1784452207 HTTP/1.1" 200 9278
[28/Sep/2026 07:34:01] "GET /static/js/fixed_assets/asset_detail_view/modal_shell.js?v=1784452207 HTTP/1.1" 200 8846
[28/Sep/2026 07:34:01] "GET /static/js/settings/app_settings.js?v=1784452207 HTTP/1.1" 200 367
[28/Sep/2026 07:34:01] "GET /static/js/settings/email_templates/list.js?v=1784452207 HTTP/1.1" 200 8974
[28/Sep/2026 07:34:01] "GET /static/js/settings/email_templates/modal.js?v=1784452207 HTTP/1.1" 200 4131
[28/Sep/2026 07:34:01] "GET /static/js/settings/cert_status_settings.js?v=1784452207 HTTP/1.1" 200 10325
[28/Sep/2026 07:34:01] "GET /static/js/settings/smtp.js?v=1784452207 HTTP/1.1" 200 3751
[28/Sep/2026 07:34:01] "GET /static/js/settings/cert_status_actions.js?v=1784452207 HTTP/1.1" 200 1563
[28/Sep/2026 07:34:01] "GET /static/js/settings/gold_purity.js?v=1784452207 HTTP/1.1" 200 4910
[28/Sep/2026 07:34:01] "GET /static/js/settings/property_valuation_scrape.js?v=1784452207 HTTP/1.1" 200 2561
[28/Sep/2026 07:34:01] "GET /static/js/settings/property_valuation.js?v=1784452207 HTTP/1.1" 200 10170
[28/Sep/2026 07:34:01] "GET /static/js/settings/translations/languages/list.js?v=1784452207 HTTP/1.1" 200 2726
[28/Sep/2026 07:34:01] "GET /static/js/settings/gold_settings.js?v=1784452207 HTTP/1.1" 200 7678
[28/Sep/2026 07:34:01] "GET /static/js/settings/translations/languages/modal.js?v=1784452207 HTTP/1.1" 200 5553
[28/Sep/2026 07:34:01] "GET /static/js/settings/translations/translations_editor.js?v=1784452207 HTTP/1.1" 200 3634
[28/Sep/2026 07:34:01] "GET /static/js/settings/companies/render.js?v=1784452207 HTTP/1.1" 200 2710
[28/Sep/2026 07:34:01] "GET /static/js/settings/translations/translations_coverage.js?v=1784452207 HTTP/1.1" 200 6822
[28/Sep/2026 07:34:01] "GET /static/js/settings/currencies.js?v=1784452207 HTTP/1.1" 200 9269
[28/Sep/2026 07:34:01] "GET /static/js/settings/companies/modal.js?v=1784452207 HTTP/1.1" 200 7107
[28/Sep/2026 07:34:01] "GET /static/js/settings/companies/actions.js?v=1784452207 HTTP/1.1" 200 3098
[28/Sep/2026 07:34:01] "GET /static/js/settings/users/list.js?v=1784452207 HTTP/1.1" 200 9162
[28/Sep/2026 07:34:01] "GET /static/js/settings/banks.js?v=1784452207 HTTP/1.1" 200 6131
[28/Sep/2026 07:34:01] "GET /static/js/settings/users/actions.js?v=1784452207 HTTP/1.1" 200 3384
[28/Sep/2026 07:34:01] "GET /static/js/settings/permissions.js?v=1784452207 HTTP/1.1" 200 6069
[28/Sep/2026 07:34:01] "GET /static/js/settings/dashboard.js?v=1784452207 HTTP/1.1" 200 2067
[28/Sep/2026 07:34:01] "GET /static/js/settings/roles/render.js?v=1784452207 HTTP/1.1" 200 5800
[28/Sep/2026 07:34:01] "GET /static/js/settings/backup_restore/render.js?v=1784452207 HTTP/1.1" 200 6043
[28/Sep/2026 07:34:01] "GET /static/js/settings/backup_restore/download_upload.js?v=1784452207 HTTP/1.1" 200 1546
[28/Sep/2026 07:34:01] "GET /static/js/settings/backup_restore/helpers.js?v=1784452207 HTTP/1.1" 200 1023
[28/Sep/2026 07:34:01] "GET /static/js/settings/vendor_assets_update.js?v=1784452207 HTTP/1.1" 200 2879
[28/Sep/2026 07:34:01] "GET /static/js/settings/backup_restore/server_actions.js?v=1784452207 HTTP/1.1" 200 2493
[28/Sep/2026 07:34:01] "GET /static/js/settings/documentation/documentation_history.js?v=1784452207 HTTP/1.1" 200 3946
[28/Sep/2026 07:34:01] "GET /static/js/settings/documentation/documentation_state.js?v=1784452207 HTTP/1.1" 200 3892
[28/Sep/2026 07:34:01] "GET /static/js/settings/documentation/documentation_validation.js?v=1784452207 HTTP/1.1" 200 4500
[28/Sep/2026 07:34:01] "GET /static/js/settings/documentation/documentation_layout.js?v=1784452207 HTTP/1.1" 200 12908
[28/Sep/2026 07:34:01] "GET /static/js/settings/documentation/documentation_actions.js?v=1784452207 HTTP/1.1" 200 3028
[28/Sep/2026 07:34:01] "GET /static/js/settings/documentation/documentation_poll.js?v=1784452207 HTTP/1.1" 200 7715
[28/Sep/2026 07:34:01] "GET /static/js/settings/ai_advisor/state.js?v=1784452207 HTTP/1.1" 200 537
[28/Sep/2026 07:34:01] "GET /static/js/settings/ai_advisor/render_settings_form.js?v=1784452207 HTTP/1.1" 200 17183
[28/Sep/2026 07:34:01] "GET /static/js/settings/ai_advisor/provider_fields.js?v=1784452207 HTTP/1.1" 200 2522
[28/Sep/2026 07:34:01] "GET /static/js/settings/ai_advisor/render_settings.js?v=1784452207 HTTP/1.1" 200 3101
[28/Sep/2026 07:34:01] "GET /static/js/settings/ai_advisor/connection_test.js?v=1784452207 HTTP/1.1" 200 2393
[28/Sep/2026 07:34:01] "GET /static/js/settings/ai_advisor/pipeline_controls.js?v=1784452207 HTTP/1.1" 200 1604
[28/Sep/2026 07:34:01] "GET /static/js/settings/ai_advisor/save_settings.js?v=1784452207 HTTP/1.1" 200 4103
[28/Sep/2026 07:34:01] "GET /static/js/settings/ai_advisor/diagnostics_model_select.js?v=1784452207 HTTP/1.1" 200 3534
[28/Sep/2026 07:34:01] "GET /static/js/settings/ai_advisor/platform_overview_actions.js?v=1784452207 HTTP/1.1" 200 6350
[28/Sep/2026 07:34:01] "GET /static/js/settings/ai_advisor/runtime_capabilities_actions.js?v=1784452207 HTTP/1.1" 200 3961
[28/Sep/2026 07:34:01] "GET /static/js/settings/billing/render.js?v=1784452207 HTTP/1.1" 200 3521
[28/Sep/2026 07:34:01] "GET /static/js/settings/billing/plan_crud.js?v=1784452207 HTTP/1.1" 200 3390
[28/Sep/2026 07:34:01] "GET /static/js/settings/billing/edit_modal.js?v=1784452207 HTTP/1.1" 200 5689
[28/Sep/2026 07:34:01] "GET /static/js/settings/tabs.js?v=1784452207 HTTP/1.1" 200 3622
[28/Sep/2026 07:34:01] "GET /static/js/settings/billing/gateway_settings.js?v=1784452207 HTTP/1.1" 200 4322
[28/Sep/2026 07:34:01] "GET /static/js/billing/trial_banner.js?v=1784452207 HTTP/1.1" 200 3989
[28/Sep/2026 07:34:01] "GET /static/js/billing/plans_page.js?v=1784452207 HTTP/1.1" 200 7129
[28/Sep/2026 07:34:01] "GET /static/js/settings/billing/price_actions.js?v=1784452207 HTTP/1.1" 200 1877
[28/Sep/2026 07:34:01] "GET /static/js/settings/window_exports.js?v=1784452207 HTTP/1.1" 200 4339
[28/Sep/2026 07:34:01] "GET /static/js/bank_certificates/api.js?v=1784452207 HTTP/1.1" 200 3514
[28/Sep/2026 07:34:01] "GET /static/js/settings/index.js?v=1784452207 HTTP/1.1" 200 2736
[28/Sep/2026 07:34:01] "GET /static/js/bank_certificates/calculations.js?v=1784452207 HTTP/1.1" 200 1710
[28/Sep/2026 07:34:01] "GET /static/js/bank_certificates/utils.js?v=1784452207 HTTP/1.1" 200 2836
[28/Sep/2026 07:34:01] "GET /static/js/bank_certificates/modal.js?v=1784452207 HTTP/1.1" 200 7610
[28/Sep/2026 07:34:01] "GET /static/js/bank_certificates/interest_history.js?v=1784452207 HTTP/1.1" 200 8571
[28/Sep/2026 07:34:01] "GET /static/js/exchange_rates/rates_meta.js?v=1784452207 HTTP/1.1" 200 3075
[28/Sep/2026 07:34:01] "GET /static/js/bank_certificates/interest.js?v=1784452207 HTTP/1.1" 200 1740
[28/Sep/2026 07:34:01] "GET /static/js/exchange_rates/rates_render.js?v=1784452207 HTTP/1.1" 200 8703
[28/Sep/2026 07:34:01] "GET /static/js/gold_price/index.js?v=1784452207 HTTP/1.1" 200 8914
[28/Sep/2026 07:34:01] "GET /static/js/gold_price/refresh.js?v=1784452207 HTTP/1.1" 200 1871
[28/Sep/2026 07:34:01] "GET /static/js/exchange_rates/index.js?v=1784452207 HTTP/1.1" 200 2862
[28/Sep/2026 07:34:01] "GET /static/js/expenses/utils.js?v=1784452207 HTTP/1.1" 200 1124
[28/Sep/2026 07:34:01] "GET /static/js/expenses/api.js?v=1784452207 HTTP/1.1" 200 4427
[28/Sep/2026 07:34:02] "GET /static/js/expenses/categories.js?v=1784452207 HTTP/1.1" 200 4163
[28/Sep/2026 07:34:02] "GET /static/js/expenses/reports.js?v=1784452207 HTTP/1.1" 200 2318
[28/Sep/2026 07:34:02] "GET /static/js/expenses/subcategories.js?v=1784452207 HTTP/1.1" 200 3936
[28/Sep/2026 07:34:02] "GET /static/js/expenses/dashboard.js?v=1784452207 HTTP/1.1" 200 7836
[28/Sep/2026 07:34:02] "GET /static/js/expenses/modal.js?v=1784452207 HTTP/1.1" 200 7796
[28/Sep/2026 07:34:02] "GET /static/js/expenses/table.js?v=1784452207 HTTP/1.1" 200 2893
[28/Sep/2026 07:34:02] "GET /static/js/expenses/filters.js?v=1784452207 HTTP/1.1" 200 996
[28/Sep/2026 07:34:02] "GET /static/js/expenses/index.js?v=1784452207 HTTP/1.1" 200 1571
[28/Sep/2026 07:34:02] "GET /static/js/reminders/api.js?v=1784452207 HTTP/1.1" 200 3213
[28/Sep/2026 07:34:02] "GET /static/js/reminders/rules.js?v=1784452207 HTTP/1.1" 200 5973
[28/Sep/2026 07:34:02] "GET /static/js/reminders/banner.js?v=1784452207 HTTP/1.1" 200 3108
[28/Sep/2026 07:34:02] "GET /static/js/reminders/index.js?v=1784452207 HTTP/1.1" 200 9121
[28/Sep/2026 07:34:02] "GET /static/js/bank_certificates/list_view.js?v=1784452207 HTTP/1.1" 200 6040
[28/Sep/2026 07:34:02] "GET /static/js/advanced_reports/charts.js?v=1784452207 HTTP/1.1" 200 2135
[28/Sep/2026 07:34:02] "GET /static/js/advanced_reports/balance.js?v=1784452207 HTTP/1.1" 200 3245
[28/Sep/2026 07:34:02] "GET /static/js/advanced_reports/salary.js?v=1784452207 HTTP/1.1" 200 7469
[28/Sep/2026 07:34:02] "GET /static/js/advanced_reports/certificates.js?v=1784452207 HTTP/1.1" 200 4388
[28/Sep/2026 07:34:02] "GET /api/asset-acquisition-costs/categories/ HTTP/1.1" 200 138
[28/Sep/2026 07:34:02] "GET /api/asset-renovations/categories/ HTTP/1.1" 200 225
[28/Sep/2026 07:34:02] "GET /static/js/advanced_reports/index.js?v=1784452207 HTTP/1.1" 200 7117
[28/Sep/2026 07:34:02] "GET /api/asset-furniture/categories/ HTTP/1.1" 200 364
[28/Sep/2026 07:34:02] "GET /static/js/onboarding/wizard.js?v=1784452207 HTTP/1.1" 200 8727
[28/Sep/2026 07:34:02] "GET /api/auth/profile/ HTTP/1.1" 200 15380
[28/Sep/2026 07:34:02] "GET /static/i18n/en.json?v=1790570042147 HTTP/1.1" 200 129692
[28/Sep/2026 07:34:02] "GET /static/images/favicon.ico?v=1784452207 HTTP/1.1" 200 226046
[28/Sep/2026 07:34:02] "GET /api/settings/?v=1790570042159 HTTP/1.1" 200 3411
[28/Sep/2026 07:34:02] "GET /api/base-currency/ HTTP/1.1" 200 161
[28/Sep/2026 07:34:02] "GET /api/banks/ HTTP/1.1" 200 416
[28/Sep/2026 07:34:02] "GET /api/auth/me/ HTTP/1.1" 200 805
[28/Sep/2026 07:34:02] "GET /api/companies/ HTTP/1.1" 200 3078
[28/Sep/2026 07:34:02] "GET /api/auth/profile/ HTTP/1.1" 200 15380
[28/Sep/2026 07:34:02] "GET /api/billing/status/ HTTP/1.1" 200 75
[28/Sep/2026 07:34:02] "GET /api/onboarding/status/ HTTP/1.1" 200 1249
[28/Sep/2026 07:34:02] "GET /api/settings/ HTTP/1.1" 200 3411
[28/Sep/2026 07:34:02] "GET /api/salary/summary/ HTTP/1.1" 200 2041
[28/Sep/2026 07:34:02] "GET /static/vendor/fonts/inter/inter-latin-ext-600-normal.woff2 HTTP/1.1" 200 22444
[28/Sep/2026 07:34:02] "GET /static/vendor/fonts/plus-jakarta-sans/plus-jakarta-sans-latin-ext-800-normal.woff2 HTTP/1.1" 200 8484
[28/Sep/2026 07:34:02] "GET /static/vendor/fonts/plus-jakarta-sans/plus-jakarta-sans-latin-ext-600-normal.woff2 HTTP/1.1" 200 8600
[28/Sep/2026 07:34:02] "GET /static/vendor/fonts/inter/inter-latin-ext-400-normal.woff2 HTTP/1.1" 200 20432
[28/Sep/2026 07:34:02] "GET /static/vendor/bootstrap-icons/fonts/bootstrap-icons.woff2?e34853135f9e39acf64315236852cd5a HTTP/1.1" 200 134044
[28/Sep/2026 07:34:02] "GET /static/vendor/fonts/inter/inter-latin-ext-500-normal.woff2 HTTP/1.1" 200 22336
[28/Sep/2026 07:34:02] "GET /api/settings/ HTTP/1.1" 200 3411
[28/Sep/2026 07:34:02] "GET /static/vendor/fonts/inter/inter-latin-ext-700-normal.woff2 HTTP/1.1" 200 22624
[28/Sep/2026 07:34:02] "GET /static/vendor/fonts/plus-jakarta-sans/plus-jakarta-sans-latin-600-normal.woff2 HTTP/1.1" 200 10816
[28/Sep/2026 07:34:02] "GET /static/vendor/fonts/plus-jakarta-sans/plus-jakarta-sans-latin-800-normal.woff2 HTTP/1.1" 200 10528
[28/Sep/2026 07:34:02] "GET /static/vendor/fonts/inter/inter-latin-500-normal.woff2 HTTP/1.1" 200 17552
[28/Sep/2026 07:34:02] "GET /static/vendor/fonts/inter/inter-latin-600-normal.woff2 HTTP/1.1" 200 17660
[28/Sep/2026 07:34:02] "GET /static/vendor/fonts/inter/inter-latin-400-normal.woff2 HTTP/1.1" 200 16708
[28/Sep/2026 07:34:02] "GET /static/vendor/fonts/inter/inter-latin-700-normal.woff2 HTTP/1.1" 200 17784
[28/Sep/2026 07:34:02] "GET /static/vendor/fonts/plus-jakarta-sans/plus-jakarta-sans-latin-ext-400-normal.woff2 HTTP/1.1" 200 8200
[28/Sep/2026 07:34:02] "GET /api/dashboard/summary/ HTTP/1.1" 200 454
[28/Sep/2026 07:34:02] "GET /static/vendor/fonts/plus-jakarta-sans/plus-jakarta-sans-latin-400-normal.woff2 HTTP/1.1" 200 10464
[28/Sep/2026 07:34:04] "GET /static/vendor/fonts/plus-jakarta-sans/plus-jakarta-sans-latin-ext-700-normal.woff2 HTTP/1.1" 200 8648
[28/Sep/2026 07:34:04] "GET /static/vendor/fonts/plus-jakarta-sans/plus-jakarta-sans-latin-700-normal.woff2 HTTP/1.1" 200 10844
[28/Sep/2026 07:34:04] "GET /api/settings/ HTTP/1.1" 200 3411
[28/Sep/2026 07:34:04] "GET /api/reminders/check/ HTTP/1.1" 200 29
[28/Sep/2026 07:34:06] "POST /api/auth/profile/ HTTP/1.1" 200 15380
[28/Sep/2026 07:34:07] "GET /static/images/favicon.ico?v=1784452207 HTTP/1.1" 200 226046
[28/Sep/2026 07:34:07] "GET /api/salary/summary/ HTTP/1.1" 200 2041
[28/Sep/2026 07:34:07] "GET /api/settings/ HTTP/1.1" 200 3411
[28/Sep/2026 07:34:07] "GET /api/dashboard/summary/ HTTP/1.1" 200 454
[28/Sep/2026 07:34:11] "GET /static/images/favicon.ico?v=1784452207 HTTP/1.1" 200 226046
[28/Sep/2026 07:34:11] "GET /api/rates/ HTTP/1.1" 200 3711
[28/Sep/2026 07:34:12] "GET /static/images/favicon.ico?v=1784452207 HTTP/1.1" 200 226046
[28/Sep/2026 07:34:12] "GET /api/gold/ HTTP/1.1" 200 399
[28/Sep/2026 07:34:13] "GET /api/ai-platform/knowledge/ HTTP/1.1" 200 15398
[28/Sep/2026 07:34:13] "GET /static/images/favicon.ico?v=1784452207 HTTP/1.1" 200 226046
[28/Sep/2026 07:34:13] "GET /api/settings/ai/ HTTP/1.1" 200 3744
[28/Sep/2026 07:34:13] "GET /api/ai-platform/models/ HTTP/1.1" 200 6221
[28/Sep/2026 07:34:13] "GET /api/financial-advisor/ai/conversations/ HTTP/1.1" 200 17277
[28/Sep/2026 07:34:14] "GET /api/banks/ HTTP/1.1" 200 416
[28/Sep/2026 07:34:14] "GET /api/currency-exchanges/ HTTP/1.1" 200 17
[28/Sep/2026 07:34:14] "GET /api/balance-transfers/ HTTP/1.1" 200 376
[28/Sep/2026 07:34:14] "GET /api/currencies/ HTTP/1.1" 200 995
[28/Sep/2026 07:34:14] "GET /api/credit-card-payments/ HTTP/1.1" 200 28
[28/Sep/2026 07:34:14] "GET /api/card-renewal-fees/ HTTP/1.1" 200 25
[28/Sep/2026 07:34:14] "GET /api/bank-interests/ HTTP/1.1" 200 552
[28/Sep/2026 07:34:14] "GET /static/images/favicon.ico?v=1784452207 HTTP/1.1" 200 226046
[28/Sep/2026 07:34:14] "GET /api/balance/ HTTP/1.1" 200 3489
[28/Sep/2026 07:34:14] "GET /api/certificate-forecast/ HTTP/1.1" 200 5147
[28/Sep/2026 07:34:15] "GET /api/expenses/summary/?year=2026 HTTP/1.1" 200 1542
[28/Sep/2026 07:34:15] "GET /api/expenses/?start=&end= HTTP/1.1" 200 64255
[28/Sep/2026 07:34:16] "GET /api/expenses/?start=&end= HTTP/1.1" 200 64255
[28/Sep/2026 07:34:16] "GET /api/expenses/summary/?year=2026 HTTP/1.1" 200 1542
[28/Sep/2026 07:34:16] "GET /api/expenses/?start=&end= HTTP/1.1" 200 64255
[28/Sep/2026 07:34:16] "GET /api/expenses/summary/?year=2026 HTTP/1.1" 200 1542
[28/Sep/2026 07:34:17] "GET /api/expenses/summary/?year=2026 HTTP/1.1" 200 1542
[28/Sep/2026 07:34:17] "GET /api/expenses/?start=&end= HTTP/1.1" 200 64255
[28/Sep/2026 07:34:17] "GET /api/expenses/?start=&end= HTTP/1.1" 200 64255
[28/Sep/2026 07:34:17] "GET /api/expenses/summary/?year=2026 HTTP/1.1" 200 1542
[28/Sep/2026 07:34:18] "GET /api/expenses/?start=&end= HTTP/1.1" 200 64255
[28/Sep/2026 07:34:18] "GET /api/expenses/summary/?year=2026 HTTP/1.1" 200 1542
[28/Sep/2026 07:34:18] "GET /api/balance/ HTTP/1.1" 200 3489
[28/Sep/2026 07:34:18] "GET /api/settings/gold-purities/ HTTP/1.1" 200 404
[28/Sep/2026 07:34:20] "POST /api/balance/ HTTP/1.1" 201 355
[28/Sep/2026 07:34:20] "GET /api/banks/ HTTP/1.1" 200 416
[28/Sep/2026 07:34:20] "GET /api/currency-exchanges/ HTTP/1.1" 200 17
[28/Sep/2026 07:34:20] "GET /api/currencies/ HTTP/1.1" 200 995
[28/Sep/2026 07:34:20] "GET /api/balance-transfers/ HTTP/1.1" 200 376
[28/Sep/2026 07:34:20] "GET /api/credit-card-payments/ HTTP/1.1" 200 28
[28/Sep/2026 07:34:20] "GET /api/bank-interests/ HTTP/1.1" 200 552
[28/Sep/2026 07:34:20] "GET /api/card-renewal-fees/ HTTP/1.1" 200 25
[28/Sep/2026 07:34:20] "GET /api/balance/ HTTP/1.1" 200 3849
[28/Sep/2026 07:34:20] "GET /api/certificate-forecast/ HTTP/1.1" 200 5157
[28/Sep/2026 07:34:21] "GET /api/balance/ HTTP/1.1" 200 3849
[28/Sep/2026 07:34:21] "GET /api/balance/ HTTP/1.1" 200 3849
[28/Sep/2026 07:34:21] "GET /api/settings/gold-purities/ HTTP/1.1" 200 404
[28/Sep/2026 07:34:22] "PUT /api/balance/26/ HTTP/1.1" 200 364
[28/Sep/2026 07:34:22] "GET /api/banks/ HTTP/1.1" 200 416
[28/Sep/2026 07:34:22] "GET /api/currency-exchanges/ HTTP/1.1" 200 17
[28/Sep/2026 07:34:22] "GET /api/balance-transfers/ HTTP/1.1" 200 376
[28/Sep/2026 07:34:22] "GET /api/currencies/ HTTP/1.1" 200 995
[28/Sep/2026 07:34:22] "GET /api/bank-interests/ HTTP/1.1" 200 552
[28/Sep/2026 07:34:22] "GET /api/card-renewal-fees/ HTTP/1.1" 200 25
[28/Sep/2026 07:34:22] "GET /api/credit-card-payments/ HTTP/1.1" 200 28
[28/Sep/2026 07:34:22] "GET /api/balance/ HTTP/1.1" 200 3858
[28/Sep/2026 07:34:22] "GET /api/certificate-forecast/ HTTP/1.1" 200 5157
[28/Sep/2026 07:34:23] "GET /api/balance/ HTTP/1.1" 200 3858
[28/Sep/2026 07:34:23] "GET / HTTP/1.1" 200 33791
[28/Sep/2026 07:34:23] "GET /static/vendor/fonts/google-fonts.css HTTP/1.1" 200 4560
[28/Sep/2026 07:34:23] "GET /static/vendor/leaflet/leaflet.css HTTP/1.1" 200 14145
[28/Sep/2026 07:34:23] "GET /static/css/main/index.css?v=1784452207 HTTP/1.1" 200 2037
[28/Sep/2026 07:34:23] "GET /static/js/utils/csrf_fetch.js?v=1784452207 HTTP/1.1" 200 1672
[28/Sep/2026 07:34:23] "GET /static/css/ai/index.css?v=1784452207 HTTP/1.1" 200 1845
[28/Sep/2026 07:34:23] "GET /static/vendor/bootstrap-icons/bootstrap-icons.css HTTP/1.1" 200 99556
[28/Sep/2026 07:34:23] "GET /static/vendor/bootstrap/css/bootstrap.min.css HTTP/1.1" 200 232111
[28/Sep/2026 07:34:23] "GET /static/js/i18n/index.js?v=1784452207 HTTP/1.1" 200 1214
[28/Sep/2026 07:34:23] "GET /static/js/utils/base_currency.js?v=1784452207 HTTP/1.1" 200 2145
[28/Sep/2026 07:34:23] "GET /static/js/i18n/load_language.js?v=1784452207 HTTP/1.1" 200 2699
[28/Sep/2026 07:34:23] "GET /static/vendor/bootstrap/js/bootstrap.bundle.min.js HTTP/1.1" 200 80496
[28/Sep/2026 07:34:23] "GET /static/vendor/leaflet/leaflet.js HTTP/1.1" 200 147552
[28/Sep/2026 07:34:23] "GET /static/vendor/chartjs/chart.umd.js HTTP/1.1" 200 208522
[28/Sep/2026 07:34:23] "GET /static/js/i18n/apply_translations.js?v=1784452207 HTTP/1.1" 200 5073
[28/Sep/2026 07:34:23] "GET /static/js/datepicker/localization.js?v=1784452207 HTTP/1.1" 200 3340
[28/Sep/2026 07:34:23] "GET /static/js/datepicker/dom.js?v=1784452207 HTTP/1.1" 200 5745
[28/Sep/2026 07:34:23] "GET /static/js/utils/dateFormatter.js?v=1784452207 HTTP/1.1" 200 4272
[28/Sep/2026 07:34:23] "GET /static/js/datepicker/calendar_days.js?v=1784452207 HTTP/1.1" 200 4315
[28/Sep/2026 07:34:23] "GET /static/js/datepicker/events.js?v=1784452207 HTTP/1.1" 200 5271
[28/Sep/2026 07:34:23] "GET /static/js/datepicker/positioning.js?v=1784452207 HTTP/1.1" 200 3508
[28/Sep/2026 07:34:23] "GET /static/js/datepicker/calendar_months.js?v=1784452207 HTTP/1.1" 200 2978
[28/Sep/2026 07:34:23] "GET /static/js/datepicker/calendar_footer.js?v=1784452207 HTTP/1.1" 200 3299
[28/Sep/2026 07:34:23] "GET /static/js/datepicker/calendar.js?v=1784452207 HTTP/1.1" 200 7376
[28/Sep/2026 07:34:23] "GET /static/js/datepicker/core.js?v=1784452207 HTTP/1.1" 200 5520
[28/Sep/2026 07:34:23] "GET /static/js/datepicker/popup_lifecycle.js?v=1784452207 HTTP/1.1" 200 5788
[28/Sep/2026 07:34:23] "GET /static/js/datepicker/delegates.js?v=1784452207 HTTP/1.1" 200 2082
[28/Sep/2026 07:34:23] "GET /static/js/datepicker/date-picker.js?v=1784452207 HTTP/1.1" 200 2422
[28/Sep/2026 07:34:23] "GET /static/js/datepicker/registry.js?v=1784452207 HTTP/1.1" 200 3376
[28/Sep/2026 07:34:23] "GET /static/js/reports/utils.js?v=1784452207 HTTP/1.1" 200 547
[28/Sep/2026 07:34:23] "GET /static/js/reports/pdf.js?v=1784452207 HTTP/1.1" 200 2520
[28/Sep/2026 07:34:23] "GET /static/js/reports/charts.js?v=1784452207 HTTP/1.1" 200 4759
[28/Sep/2026 07:34:23] "GET /static/js/reports/index/tabs.js?v=1784452207 HTTP/1.1" 200 7050
[28/Sep/2026 07:34:23] "GET /static/js/reports/index/data.js?v=1784452207 HTTP/1.1" 200 5990
[28/Sep/2026 07:34:23] "GET /static/js/reports/yearly.js?v=1784452207 HTTP/1.1" 200 78
[28/Sep/2026 07:34:23] "GET /static/js/app/companies.js?v=1784452207 HTTP/1.1" 200 191
[28/Sep/2026 07:34:23] "GET /static/js/app/banks.js?v=1784452207 HTTP/1.1" 200 167
[28/Sep/2026 07:34:23] "GET /static/css/ai/workspace_header.css HTTP/1.1" 200 2403
[28/Sep/2026 07:34:23] "GET /static/css/ai/message_bubbles.css HTTP/1.1" 200 3021
[28/Sep/2026 07:34:23] "GET /static/css/ai/code_tables_badges.css HTTP/1.1" 200 2290
[28/Sep/2026 07:34:23] "GET /static/css/ai/center_empty_state.css HTTP/1.1" 200 3272
[28/Sep/2026 07:34:23] "GET /static/css/ai/left_panel/index.css HTTP/1.1" 200 927
[28/Sep/2026 07:34:23] "GET /static/css/ai/input_area.css HTTP/1.1" 200 2718
[28/Sep/2026 07:34:23] "GET /static/css/ai/right_panel.css HTTP/1.1" 200 3844
[28/Sep/2026 07:34:23] "GET /static/css/ai/mobile_fixes/index.css HTTP/1.1" 200 836
[28/Sep/2026 07:34:23] "GET /static/css/ai/responsive_misc.css HTTP/1.1" 200 3138
[28/Sep/2026 07:34:23] "GET /static/css/layout/shared.css?v=1784442773 HTTP/1.1" 200 674
[28/Sep/2026 07:34:23] "GET /static/css/base/variables.css?v=1784442773?v=1784442773 HTTP/1.1" 200 1958
[28/Sep/2026 07:34:23] "GET /static/css/layout_financial_advisor/index.css?v=1784442773 HTTP/1.1" 200 691
[28/Sep/2026 07:34:23] "GET /static/css/base/typography.css?v=1784442773?v=1784442773 HTTP/1.1" 200 2167
[28/Sep/2026 07:34:23] "GET /static/css/layout/fixed_assets.css?v=1784442773 HTTP/1.1" 200 953
[28/Sep/2026 07:34:23] "GET /static/css/theme/index.css?v=1784442773?v=1784442773 HTTP/1.1" 200 782
[28/Sep/2026 07:34:23] "GET /static/css/layout/settings.css?v=1784442773 HTTP/1.1" 200 872
[28/Sep/2026 07:34:23] "GET /static/css/components/sidebar.css?v=1784442773?v=1784442773 HTTP/1.1" 200 3641
[28/Sep/2026 07:34:23] "GET /static/css/components/tables.css?v=1784442773?v=1784442773 HTTP/1.1" 200 3478
[28/Sep/2026 07:34:23] "GET /static/css/components/forms.css?v=1784442773?v=1784442773 HTTP/1.1" 200 3170
[28/Sep/2026 07:34:23] "GET /static/css/components/topbar.css?v=1784442773?v=1784442773 HTTP/1.1" 200 1744
[28/Sep/2026 07:34:23] "GET /static/css/components/buttons.css?v=1784442773?v=1784442773 HTTP/1.1" 200 3280
[28/Sep/2026 07:34:23] "GET /static/css/components/modals/index.css?v=1784442773?v=1784442773 HTTP/1.1" 200 901
[28/Sep/2026 07:34:23] "GET /static/css/cards/index.css?v=1784442773?v=1784442773 HTTP/1.1" 200 386
[28/Sep/2026 07:34:23] "GET /static/css/features/dashboard.css?v=1784442773?v=1784442773 HTTP/1.1" 200 102
[28/Sep/2026 07:34:23] "GET /static/css/features/balance.css?v=1784442773?v=1784442773 HTTP/1.1" 200 5606
[28/Sep/2026 07:34:23] "GET /static/css/features/salary.css?v=1784442773?v=1784442773 HTTP/1.1" 200 99
[28/Sep/2026 07:34:23] "GET /static/css/features/certificates.css?v=1784442773?v=1784442773 HTTP/1.1" 200 105
[28/Sep/2026 07:34:23] "GET /static/css/features/expenses.css?v=1784442773?v=1784442773 HTTP/1.1" 200 672
[28/Sep/2026 07:34:23] "GET /static/css/features/reports.css?v=1784442773?v=1784442773 HTTP/1.1" 200 506
[28/Sep/2026 07:34:23] "GET /static/css/features/settings.css?v=1784442773?v=1784442773 HTTP/1.1" 200 101
[28/Sep/2026 07:34:23] "GET /static/css/features/billing_customer.css?v=1784442773 HTTP/1.1" 200 3489
[28/Sep/2026 07:34:23] "GET /static/css/features/reminders.css?v=1784442773?v=1784442773 HTTP/1.1" 200 102
[28/Sep/2026 07:34:23] "GET /static/css/fixed_assets/index.css?v=1784442773?v=1784442773 HTTP/1.1" 200 405
[28/Sep/2026 07:34:23] "GET /static/css/financial_advisor/index.css?v=1784442773?v=1784442773 HTTP/1.1" 200 484
[28/Sep/2026 07:34:23] "GET /static/css/date_picker/index.css?v=1784442773 HTTP/1.1" 200 1301
[28/Sep/2026 07:34:23] "GET /static/css/components/center_alert.css?v=1784442773 HTTP/1.1" 200 1601
[28/Sep/2026 07:34:23] "GET /static/css/responsive/index.css?v=1784442773?v=1784442773 HTTP/1.1" 200 859
[28/Sep/2026 07:34:23] "GET /static/css/ai/left_panel/shell_and_new_chat.css HTTP/1.1" 200 1394
[28/Sep/2026 07:34:23] "GET /static/css/ai/left_panel/conversation_list.css HTTP/1.1" 200 2179
[28/Sep/2026 07:34:23] "GET /static/css/ai/left_panel/future_cards.css HTTP/1.1" 200 1202
[28/Sep/2026 07:34:23] "GET /static/css/ai/mobile_fixes/header_and_input_breakpoints.css HTTP/1.1" 200 1998
[28/Sep/2026 07:34:23] "GET /static/css/layout_financial_advisor/executive_sections_1.css HTTP/1.1" 200 2229
[28/Sep/2026 07:34:23] "GET /static/css/layout_financial_advisor/executive_sections_2.css HTTP/1.1" 200 1965
[28/Sep/2026 07:34:23] "GET /static/css/layout_financial_advisor/executive_sections_3.css HTTP/1.1" 200 1952
[28/Sep/2026 07:34:23] "GET /static/css/ai/mobile_fixes/context_panel_mobile.css HTTP/1.1" 200 1794
[28/Sep/2026 07:34:23] "GET /static/css/layout_financial_advisor/amounts_and_pills.css HTTP/1.1" 200 751
[28/Sep/2026 07:34:23] "GET /static/js/app/utils/tabs/breadcrumb.js?v=1784452207 HTTP/1.1" 200 486
[28/Sep/2026 07:34:23] "GET /static/js/app/utils/tabs/shell.js?v=1784452207 HTTP/1.1" 200 416
[28/Sep/2026 07:34:23] "GET /static/js/app/utils/tabs/more_menu.js?v=1784452207 HTTP/1.1" 200 4871
[28/Sep/2026 07:34:23] "GET /static/js/app/chart_crosshair/helpers.js?v=1784452207 HTTP/1.1" 200 7310
[28/Sep/2026 07:34:23] "GET /static/js/app/utils/collapsible.js?v=1784452207 HTTP/1.1" 200 4636
[28/Sep/2026 07:34:23] "GET /static/css/settings_layout/tabs.css HTTP/1.1" 200 1704
[28/Sep/2026 07:34:23] "GET /static/css/settings_layout/portfolio_scoring.css HTTP/1.1" 200 3039
[28/Sep/2026 07:34:23] "GET /static/css/settings_layout/portfolio_recs_goals.css HTTP/1.1" 200 3340
[28/Sep/2026 07:34:23] "GET /static/css/settings_layout/goal_planning/index.css HTTP/1.1" 200 934
[28/Sep/2026 07:34:23] "GET /static/css/settings_layout/misc_ui.css HTTP/1.1" 200 3514
[28/Sep/2026 07:34:23] "GET /static/css/theme/light_overrides_2.css HTTP/1.1" 200 3121
[28/Sep/2026 07:34:23] "GET /static/css/theme/light_overrides_1.css HTTP/1.1" 200 3354
[28/Sep/2026 07:34:23] "GET /static/css/theme/tokens.css HTTP/1.1" 200 2704
[28/Sep/2026 07:34:23] "GET /static/css/theme/light_overrides_3.css HTTP/1.1" 200 2680
[28/Sep/2026 07:34:23] "GET /static/css/theme/dark_overrides.css HTTP/1.1" 200 386
[28/Sep/2026 07:34:23] "GET /static/css/components/modals/inputs_and_asset_modal.css HTTP/1.1" 200 527
[28/Sep/2026 07:34:23] "GET /static/css/components/modals/base.css HTTP/1.1" 200 1960
[28/Sep/2026 07:34:23] "GET /static/css/components/modals/goal_editor.css HTTP/1.1" 200 2807
[28/Sep/2026 07:34:23] "GET /static/css/cards/kpi_panels.css HTTP/1.1" 200 1887
[28/Sep/2026 07:34:23] "GET /static/css/cards/cash_position.css HTTP/1.1" 200 1824
[28/Sep/2026 07:34:23] "GET /static/css/financial_advisor/overview_dashboard/index.css HTTP/1.1" 200 826
[28/Sep/2026 07:34:23] "GET /static/css/cards/currency_cards.css HTTP/1.1" 200 4079
[28/Sep/2026 07:34:23] "GET /static/css/fixed_assets/summary_strip.css HTTP/1.1" 200 2048
[28/Sep/2026 07:34:23] "GET /static/css/fixed_assets/collapsible_cards.css HTTP/1.1" 200 2161
[28/Sep/2026 07:34:23] "GET /static/css/fixed_assets/base_layout.css HTTP/1.1" 200 3122
[28/Sep/2026 07:34:23] "GET /static/css/financial_advisor/kpi_and_summaries/index.css HTTP/1.1" 200 871
[28/Sep/2026 07:34:23] "GET /static/css/financial_advisor/scenario_and_theme.css HTTP/1.1" 200 1091
[28/Sep/2026 07:34:23] "GET /static/css/date_picker/popup_header.css HTTP/1.1" 200 2607
[28/Sep/2026 07:34:23] "GET /static/css/date_picker/footer_buttons.css HTTP/1.1" 200 1816
[28/Sep/2026 07:34:23] "GET /static/css/date_picker/wrapper_trigger.css HTTP/1.1" 200 2862
[28/Sep/2026 07:34:23] "GET /static/css/date_picker/month_day_grid.css HTTP/1.1" 200 3456
[28/Sep/2026 07:34:23] "GET /static/css/date_picker/theme_responsive.css HTTP/1.1" 200 2404
[28/Sep/2026 07:34:23] "GET /static/css/responsive/settings_tabs.css HTTP/1.1" 200 2978
[28/Sep/2026 07:34:23] "GET /static/css/responsive/components.css HTTP/1.1" 200 2105
[28/Sep/2026 07:34:23] "GET /static/css/responsive/filters_expense.css HTTP/1.1" 200 854
[28/Sep/2026 07:34:23] "GET /static/css/responsive/sidebar_desktop.css HTTP/1.1" 200 1472
[28/Sep/2026 07:34:23] "GET /static/css/responsive/sidebar_mobile.css HTTP/1.1" 200 2218
[28/Sep/2026 07:34:23] "GET /static/css/settings_layout/goal_planning/hero_and_toolbar.css HTTP/1.1" 200 989
[28/Sep/2026 07:34:23] "GET /static/css/responsive/grid_forms.css HTTP/1.1" 200 1762
[28/Sep/2026 07:34:23] "GET /static/css/settings_layout/goal_planning/progress_and_chart.css HTTP/1.1" 200 1958
[28/Sep/2026 07:34:23] "GET /static/css/settings_layout/goal_planning/milestones_and_status.css HTTP/1.1" 200 1679
[28/Sep/2026 07:34:23] "GET /static/css/financial_advisor/overview_dashboard/card_and_score.css HTTP/1.1" 200 2115
[28/Sep/2026 07:34:23] "GET /static/css/financial_advisor/overview_dashboard/ai_summary_and_alerts.css HTTP/1.1" 200 2513
[28/Sep/2026 07:34:23] "GET /static/css/financial_advisor/kpi_and_summaries/opportunities_and_theming.css HTTP/1.1" 200 2031
[28/Sep/2026 07:34:23] "GET /static/css/financial_advisor/kpi_and_summaries/kpi_cards_and_summary_stats.css HTTP/1.1" 200 2247
[28/Sep/2026 07:34:23] "GET /static/js/app/chart_crosshair/plugin.js?v=1784452207 HTTP/1.1" 200 7086
[28/Sep/2026 07:34:23] "GET /static/js/app/formatting.js?v=1784452207 HTTP/1.1" 200 1445
[28/Sep/2026 07:34:23] "GET /static/js/app/theme.js?v=1784452207 HTTP/1.1" 200 1857
[28/Sep/2026 07:34:23] "GET /static/js/app/permissions.js?v=1784452207 HTTP/1.1" 200 834
[28/Sep/2026 07:34:23] "GET /static/js/app/center_alert.js?v=1784452207 HTTP/1.1" 200 2152
[28/Sep/2026 07:34:23] "GET /static/js/app/toast.js?v=1784452207 HTTP/1.1" 200 1251
[28/Sep/2026 07:34:23] "GET /static/js/app/loading.js?v=1784452207 HTTP/1.1" 200 1016
[28/Sep/2026 07:34:23] "GET /static/js/app/modals.js?v=1784452207 HTTP/1.1" 200 2050
[28/Sep/2026 07:34:23] "GET /static/js/app/authentication.js?v=1784452207 HTTP/1.1" 200 6841
[28/Sep/2026 07:34:23] "GET /static/js/app/navigation.js?v=1784452207 HTTP/1.1" 200 2287
[28/Sep/2026 07:34:23] "GET /static/js/app/route_dispatch.js?v=1784452207 HTTP/1.1" 200 3945
[28/Sep/2026 07:34:23] "GET /static/js/app/routing.js?v=1784452207 HTTP/1.1" 200 3799
[28/Sep/2026 07:34:23] "GET /static/js/app/sidebar/nav_primary.js?v=1784452207 HTTP/1.1" 200 2000
[28/Sep/2026 07:34:23] "GET /static/js/app/topbar.js?v=1784452207 HTTP/1.1" 200 4901
[28/Sep/2026 07:34:23] "GET /static/js/app/sidebar/nav_modules.js?v=1784452207 HTTP/1.1" 200 2150
[28/Sep/2026 07:34:23] "GET /static/js/app/sidebar/nav_expenses_reports.js?v=1784452207 HTTP/1.1" 200 2559
[28/Sep/2026 07:34:23] "GET /static/js/app/sidebar/render.js?v=1784452207 HTTP/1.1" 200 2138
[28/Sep/2026 07:34:23] "GET /static/js/app/sidebar/nav_settings.js?v=1784452207 HTTP/1.1" 200 673
[28/Sep/2026 07:34:23] "GET /static/js/app/sidebar/footer.js?v=1784452207 HTTP/1.1" 200 2941
[28/Sep/2026 07:34:23] "GET /static/js/app/sidebar/modes.js?v=1784452207 HTTP/1.1" 200 2579
[28/Sep/2026 07:34:23] "GET /static/js/financial_advisor/utils.js?v=1790000001 HTTP/1.1" 200 7270
[28/Sep/2026 07:34:23] "GET /static/js/financial_advisor/cash_flow_forecast/states.js?v=1790000001 HTTP/1.1" 200 2150
[28/Sep/2026 07:34:23] "GET /static/js/financial_advisor/cash_flow_forecast/cash_flow.js?v=1790000001 HTTP/1.1" 200 5317
[28/Sep/2026 07:34:23] "GET /static/js/financial_advisor/cash_flow_forecast/timeline.js?v=1790000001 HTTP/1.1" 200 5709
[28/Sep/2026 07:34:23] "GET /static/js/app/index.js?v=1784452207 HTTP/1.1" 200 4994
[28/Sep/2026 07:34:23] "GET /static/js/financial_advisor/cash_flow_forecast/cash_flow_custom_projection.js?v=1790000001 HTTP/1.1" 200 9926
[28/Sep/2026 07:34:23] "GET /static/js/financial_advisor/wealth_growth_forecast/fragments.js?v=1790000001 HTTP/1.1" 200 5055
[28/Sep/2026 07:34:23] "GET /static/js/financial_advisor/wealth_growth_forecast/charts.js?v=1790000001 HTTP/1.1" 200 4102
[28/Sep/2026 07:34:23] "GET /static/js/financial_advisor/wealth_growth_forecast/wealth_growth.js?v=1790000001 HTTP/1.1" 200 6793
[28/Sep/2026 07:34:23] "GET /static/js/financial_advisor/portfolio_optimizer/charts.js?v=1790000001 HTTP/1.1" 200 2174
[28/Sep/2026 07:34:23] "GET /static/js/financial_advisor/goal_planning/charts.js?v=1790000001 HTTP/1.1" 200 2148
[28/Sep/2026 07:34:23] "GET /static/js/financial_advisor/portfolio_optimizer/fragments.js?v=1790000001 HTTP/1.1" 200 3512
[28/Sep/2026 07:34:23] "GET /static/js/financial_advisor/portfolio_optimizer/portfolio_optimizer.js?v=1790000001 HTTP/1.1" 200 10139
[28/Sep/2026 07:34:23] "GET /static/js/financial_advisor/goal_planning/ui.js?v=1790000001 HTTP/1.1" 200 6501
[28/Sep/2026 07:34:23] "GET /static/js/financial_advisor/goal_planning/ui_sections.js?v=1790000001 HTTP/1.1" 200 4870
[28/Sep/2026 07:34:23] "GET /static/js/financial_advisor/goal_planning/modal.js?v=1790000001 HTTP/1.1" 200 4207
[28/Sep/2026 07:34:23] "GET /static/js/financial_advisor/goal_planning/goal_planning_cards.js?v=1790000001 HTTP/1.1" 200 5762
[28/Sep/2026 07:34:23] "GET /static/js/financial_advisor/goal_planning/goal_planning_modal.js?v=1790000001 HTTP/1.1" 200 3720
[28/Sep/2026 07:34:23] "GET /static/js/financial_advisor/goal_planning/goal_planning_modal_events.js?v=1790000001 HTTP/1.1" 200 4704
[28/Sep/2026 07:34:23] "GET /static/js/financial_advisor/overview/overview_charts.js?v=1790000001 HTTP/1.1" 200 3462
[28/Sep/2026 07:34:23] "GET /static/js/financial_advisor/goal_planning/goal_planning_main.js?v=1790000001 HTTP/1.1" 200 4718
[28/Sep/2026 07:34:23] "GET /static/js/financial_advisor/overview/overview_cards_row3.js?v=1790000001 HTTP/1.1" 200 6379
[28/Sep/2026 07:34:23] "GET /static/js/financial_advisor/overview/overview_cards_summary.js?v=1790000001 HTTP/1.1" 200 1386
[28/Sep/2026 07:34:23] "GET /static/js/financial_advisor/overview/overview_cards_row4.js?v=1790000001 HTTP/1.1" 200 7216
[28/Sep/2026 07:34:23] "GET /static/js/financial_advisor/overview/overview_cards_kpi.js?v=1790000001 HTTP/1.1" 200 5535
[28/Sep/2026 07:34:23] "GET /static/js/financial_advisor/overview/overview_render_helpers.js?v=1790000001 HTTP/1.1" 200 3501
[28/Sep/2026 07:34:23] "GET /static/js/financial_advisor/risk_analysis/state.js?v=1790000001 HTTP/1.1" 200 812
[28/Sep/2026 07:34:23] "GET /static/js/financial_advisor/overview/overview.js?v=1790000001 HTTP/1.1" 200 1027
[28/Sep/2026 07:34:23] "GET /static/js/financial_advisor/overview/overview_render_lists.js?v=1790000001 HTTP/1.1" 200 6292
[28/Sep/2026 07:34:23] "GET /static/js/financial_advisor/overview/overview_render_main.js?v=1790000001 HTTP/1.1" 200 6180
[28/Sep/2026 07:34:23] "GET /static/js/financial_advisor/overview/overview_render_row1.js?v=1790000001 HTTP/1.1" 200 11166
[28/Sep/2026 07:34:23] "GET /static/js/financial_advisor/risk_analysis/render_main.js?v=1790000001 HTTP/1.1" 200 2092
[28/Sep/2026 07:34:23] "GET /static/js/financial_advisor/risk_analysis/render_loading_error.js?v=1790000001 HTTP/1.1" 200 956
[28/Sep/2026 07:34:23] "GET /static/js/financial_advisor/risk_analysis/fragments.js?v=1790000001 HTTP/1.1" 200 9570
[28/Sep/2026 07:34:23] "GET /static/js/financial_advisor/risk_analysis/render_template.js?v=1790000001 HTTP/1.1" 200 7627
[28/Sep/2026 07:34:23] "GET /static/js/financial_advisor/risk_analysis/radar_chart.js?v=1790000001 HTTP/1.1" 200 2962
[28/Sep/2026 07:34:23] "GET /static/js/financial_advisor/spending_intelligence/render_loading_error.js?v=1790000001 HTTP/1.1" 200 1130
[28/Sep/2026 07:34:23] "GET /static/js/financial_advisor/risk_analysis/income_chart.js?v=1790000001 HTTP/1.1" 200 2069
[28/Sep/2026 07:34:23] "GET /static/js/financial_advisor/spending_intelligence/spending_intelligence_render.js?v=1790000001 HTTP/1.1" 200 8468
[28/Sep/2026 07:34:23] "GET /static/js/financial_advisor/risk_analysis/loader.js?v=1790000001 HTTP/1.1" 200 859
[28/Sep/2026 07:34:23] "GET /static/js/financial_advisor/spending_intelligence/render_template.js?v=1790000001 HTTP/1.1" 200 1094
[28/Sep/2026 07:34:23] "GET /static/js/financial_advisor/spending_intelligence/render_main.js?v=1790000001 HTTP/1.1" 200 4859
[28/Sep/2026 07:34:23] "GET /static/js/financial_advisor/spending_intelligence/build_category_donut.js?v=1790000001 HTTP/1.1" 200 6181
[28/Sep/2026 07:34:23] "GET /static/js/financial_advisor/spending_intelligence/build_findings_insights_trend.js?v=1790000001 HTTP/1.1" 200 6479
[28/Sep/2026 07:34:23] "GET /static/js/financial_advisor/spending_intelligence/loader.js?v=1790000001 HTTP/1.1" 200 909
[28/Sep/2026 07:34:23] "GET /static/js/financial_advisor/opportunity_detection/opportunity_detection_helpers.js?v=1790000001 HTTP/1.1" 200 2482
[28/Sep/2026 07:34:23] "GET /static/js/financial_advisor/spending_intelligence/fragments.js?v=1790000001 HTTP/1.1" 200 6995
[28/Sep/2026 07:34:23] "GET /static/js/financial_advisor/opportunity_detection/opportunity_detection_render.js?v=1790000001 HTTP/1.1" 200 5667
[28/Sep/2026 07:34:23] "GET /static/js/financial_advisor/opportunity_detection/opportunity_detection_card.js?v=1790000001 HTTP/1.1" 200 5382
[28/Sep/2026 07:34:23] "GET /static/js/financial_advisor/performance/performance_charts.js?v=1790000001 HTTP/1.1" 200 4430
[28/Sep/2026 07:34:23] "GET /static/js/financial_advisor/performance/performance_format.js?v=1790000001 HTTP/1.1" 200 2203
[28/Sep/2026 07:34:23] "GET /static/js/financial_advisor/performance/performance_state.js?v=1790000001 HTTP/1.1" 200 1550
[28/Sep/2026 07:34:23] "GET /static/js/financial_advisor/performance/performance_view.js?v=1790000001 HTTP/1.1" 200 3680
[28/Sep/2026 07:34:23] "GET /static/js/financial_advisor/performance/performance_sections_currency.js?v=1790000001 HTTP/1.1" 200 9267
[28/Sep/2026 07:34:23] "GET /static/js/financial_advisor/performance/performance_sections_gold.js?v=1790000001 HTTP/1.1" 200 10609
[28/Sep/2026 07:34:23] "GET /static/js/financial_advisor/what_if_simulator/what_if_chart/helpers.js?v=1790000001 HTTP/1.1" 200 1777
[28/Sep/2026 07:34:23] "GET /static/js/financial_advisor/performance/performance_events.js?v=1790000001 HTTP/1.1" 200 3223
[28/Sep/2026 07:34:23] "GET /static/js/financial_advisor/what_if_simulator/what_if_chart/comparison.js?v=1790000001 HTTP/1.1" 200 4436
[28/Sep/2026 07:34:23] "GET /static/js/financial_advisor/what_if_simulator/what_if_chart/render.js?v=1790000001 HTTP/1.1" 200 4759
[28/Sep/2026 07:34:23] "GET /static/js/financial_advisor/what_if_simulator/what_if_state.js?v=1790000001 HTTP/1.1" 200 3816
[28/Sep/2026 07:34:23] "GET /static/js/financial_advisor/what_if_simulator/what_if_recalc.js?v=1790000001 HTTP/1.1" 200 2489
[28/Sep/2026 07:34:23] "GET /static/js/financial_advisor/scenario_planner/state.js?v=1790000001 HTTP/1.1" 200 2394
[28/Sep/2026 07:34:23] "GET /static/js/financial_advisor/what_if_simulator/what_if_view.js?v=1790000001 HTTP/1.1" 200 8567
[28/Sep/2026 07:34:23] "GET /static/js/financial_advisor/scenario_planner/scenario_planner_chart.js?v=1790000001 HTTP/1.1" 200 5709
[28/Sep/2026 07:34:23] "GET /static/js/financial_advisor/what_if_simulator/what_if_events.js?v=1790000001 HTTP/1.1" 200 5392
[28/Sep/2026 07:34:23] "GET /static/js/financial_advisor/scenario_planner/api.js?v=1790000001 HTTP/1.1" 200 3564
[28/Sep/2026 07:34:23] "GET /static/js/financial_advisor/scenario_planner/render_timeline_rail.js?v=1790000001 HTTP/1.1" 200 6363
[28/Sep/2026 07:34:23] "GET /static/js/financial_advisor/scenario_planner/render_view.js?v=1790000001 HTTP/1.1" 200 5063
[28/Sep/2026 07:34:23] "GET /static/js/financial_advisor/scenario_planner/events.js?v=1790000001 HTTP/1.1" 200 4481
[28/Sep/2026 07:34:23] "GET /static/js/financial_advisor/scenario_planner/render_dashboard.js?v=1790000001 HTTP/1.1" 200 6124
[28/Sep/2026 07:34:23] "GET /static/js/financial_advisor/scenario_planner/render_compare_insights.js?v=1790000001 HTTP/1.1" 200 6734
[28/Sep/2026 07:34:23] "GET /static/js/financial_advisor/scenario_planner/render_builder.js?v=1790000001 HTTP/1.1" 200 7610
[28/Sep/2026 07:34:23] "GET /static/js/ai/ai_markdown.js?v=1784452207 HTTP/1.1" 200 4681
[28/Sep/2026 07:34:23] "GET /static/js/financial_advisor/scenario_planner/modal_actions.js?v=1790000001 HTTP/1.1" 200 6641
[28/Sep/2026 07:34:23] "GET /static/js/ai/ai_core.js?v=1784452207 HTTP/1.1" 200 2420
[28/Sep/2026 07:34:23] "GET /static/js/ai/ai_status.js?v=1784452207 HTTP/1.1" 200 2154
[28/Sep/2026 07:34:23] "GET /static/js/ai/ai_messages.js?v=1784452207 HTTP/1.1" 200 6835
[28/Sep/2026 07:34:23] "GET /static/js/ai/ai_progress.js?v=1784452207 HTTP/1.1" 200 5312
[28/Sep/2026 07:34:23] "GET /static/js/ai/ai_context_panel.js?v=1784452207 HTTP/1.1" 200 8048
[28/Sep/2026 07:34:23] "GET /static/js/ai/ai_conversations.js?v=1784452207 HTTP/1.1" 200 4023
[28/Sep/2026 07:34:23] "GET /static/js/ai/ai_context_panel_helpers.js?v=1784452207 HTTP/1.1" 200 2711
[28/Sep/2026 07:34:23] "GET /static/js/ai/ai_conversations_actions.js?v=1784452207 HTTP/1.1" 200 4166
[28/Sep/2026 07:34:23] "GET /static/js/ai/prompt_library/pl_render_list.js?v=1784452207 HTTP/1.1" 200 3172
[28/Sep/2026 07:34:23] "GET /static/js/ai/prompt_library/pl_render_modal_shell.js?v=1784452207 HTTP/1.1" 200 1751
[28/Sep/2026 07:34:23] "GET /static/js/ai/ai_shell.js?v=1784452207 HTTP/1.1" 200 8512
[28/Sep/2026 07:34:23] "GET /static/js/ai/prompt_library/pl_state.js?v=1784452207 HTTP/1.1" 200 4279
[28/Sep/2026 07:34:23] "GET /static/js/ai/ai_chat_submit.js?v=1784452207 HTTP/1.1" 200 3379
[28/Sep/2026 07:34:23] "GET /static/js/ai/prompt_library/pl_render_toolbar.js?v=1784452207 HTTP/1.1" 200 5819
[28/Sep/2026 07:34:23] "GET /static/js/ai/prompt_library/pl_actions_optimistic.js?v=1784452207 HTTP/1.1" 200 3171
[28/Sep/2026 07:34:23] "GET /static/js/ai/prompt_library/pl_actions.js?v=1784452207 HTTP/1.1" 200 3462
[28/Sep/2026 07:34:23] "GET /static/js/ai/prompt_library/pl_render_detail.js?v=1784452207 HTTP/1.1" 200 8364
[28/Sep/2026 07:34:23] "GET /static/js/ai/knowledge_base/kb_render.js?v=1784452207 HTTP/1.1" 200 7356
[28/Sep/2026 07:34:23] "GET /static/js/ai/knowledge_base/kb_state.js?v=1784452207 HTTP/1.1" 200 4279
[28/Sep/2026 07:34:23] "GET /static/js/ai/prompt_library/pl_events.js?v=1784452207 HTTP/1.1" 200 3752
[28/Sep/2026 07:34:23] "GET /static/js/ai/dataset_manager/dm_render.js?v=1784452208 HTTP/1.1" 200 4499
[28/Sep/2026 07:34:23] "GET /static/js/ai/knowledge_base/kb_events.js?v=1784452207 HTTP/1.1" 200 1096
[28/Sep/2026 07:34:23] "GET /static/js/ai/dataset_manager/dm_state.js?v=1784452208 HTTP/1.1" 200 1845
[28/Sep/2026 07:34:23] "GET /static/js/ai/dataset_manager/dm_events.js?v=1784452208 HTTP/1.1" 200 440
[28/Sep/2026 07:34:23] "GET /static/js/ai/model_management/mm_events.js?v=1784452208 HTTP/1.1" 200 517
[28/Sep/2026 07:34:23] "GET /static/js/ai/model_management/mm_state.js?v=1784452208 HTTP/1.1" 200 3173
[28/Sep/2026 07:34:23] "GET /static/js/ai/model_management/mm_render.js?v=1784452208 HTTP/1.1" 200 5483
[28/Sep/2026 07:34:23] "GET /static/js/ai/benchmark_results/br_state.js?v=1784452208 HTTP/1.1" 200 1803
[28/Sep/2026 07:34:23] "GET /static/js/ai/benchmark_results/br_render.js?v=1784452208 HTTP/1.1" 200 4790
[28/Sep/2026 07:34:23] "GET /static/js/ai/benchmark_results/br_events.js?v=1784452208 HTTP/1.1" 200 436
[28/Sep/2026 07:34:23] "GET /static/js/ai/pinned_chats/pc_state.js?v=1784452209 HTTP/1.1" 200 1834
[28/Sep/2026 07:34:23] "GET /static/js/ai/pinned_chats/pc_render.js?v=1784452209 HTTP/1.1" 200 2879
[28/Sep/2026 07:34:23] "GET /static/js/ai/knowledge_search/ks_state_core.js?v=1787225686 HTTP/1.1" 200 2436
[28/Sep/2026 07:34:23] "GET /static/js/ai/pinned_chats/pc_events.js?v=1784452209 HTTP/1.1" 200 1001
[28/Sep/2026 07:34:23] "GET /static/js/ai/knowledge_search/ks_state_actions.js?v=1787225686 HTTP/1.1" 200 1188
[28/Sep/2026 07:34:23] "GET /static/js/ai/knowledge_search/ks_render.js?v=1787225686 HTTP/1.1" 200 6866
[28/Sep/2026 07:34:23] "GET /static/js/ai/knowledge_search/ks_state_edit.js?v=1787225686 HTTP/1.1" 200 2815
[28/Sep/2026 07:34:23] "GET /static/js/ai/knowledge_search/ks_events.js?v=1787225686 HTTP/1.1" 200 793
[28/Sep/2026 07:34:23] "GET /static/js/financial_advisor/api.js?v=1784452207 HTTP/1.1" 200 186
[28/Sep/2026 07:34:23] "GET /static/js/financial_advisor/calculations.js?v=1784452207 HTTP/1.1" 200 178
[28/Sep/2026 07:34:23] "GET /static/js/financial_advisor/tab_panes.js?v=1784452207 HTTP/1.1" 200 3501
[28/Sep/2026 07:34:23] "GET /static/js/financial_advisor/render.js?v=1784452207 HTTP/1.1" 200 6071
[28/Sep/2026 07:34:23] "GET /static/js/financial_advisor/index.js?v=1784452207 HTTP/1.1" 200 2427
[28/Sep/2026 07:34:23] "GET /static/js/documents/doc_state.js?v=1784452207 HTTP/1.1" 200 4489
[28/Sep/2026 07:34:23] "GET /static/js/documents/doc_list.js?v=1784452207 HTTP/1.1" 200 6786
[28/Sep/2026 07:34:23] "GET /static/js/documents/doc_view.js?v=1784452207 HTTP/1.1" 200 656
[28/Sep/2026 07:34:23] "GET /static/js/documents/doc_replace.js?v=1784452207 HTTP/1.1" 200 1187
[28/Sep/2026 07:34:23] "GET /static/js/documents/doc_remove.js?v=1784452207 HTTP/1.1" 200 839
[28/Sep/2026 07:34:23] "GET /static/js/documents/doc_upload.js?v=1784452207 HTTP/1.1" 200 1489
[28/Sep/2026 07:34:23] "GET /static/js/companies/render.js?v=1784452207 HTTP/1.1" 200 2821
[28/Sep/2026 07:34:23] "GET /static/js/companies/actions.js?v=1784452207 HTTP/1.1" 200 2652
[28/Sep/2026 07:34:23] "GET /static/js/salary/utils.js?v=1784452207 HTTP/1.1" 200 350
[28/Sep/2026 07:34:23] "GET /static/js/companies/modal.js?v=1784452207 HTTP/1.1" 200 7527
[28/Sep/2026 07:34:23] "GET /static/js/salary/api.js?v=1784452207 HTTP/1.1" 200 1699
[28/Sep/2026 07:34:23] "GET /static/js/salary/payroll.js?v=1784452207 HTTP/1.1" 200 2056
[28/Sep/2026 07:34:23] "GET /static/js/salary/modal.js?v=1784452207 HTTP/1.1" 200 3137
[28/Sep/2026 07:34:23] "GET /static/js/salary/table.js?v=1784452207 HTTP/1.1" 200 4217
[28/Sep/2026 07:34:23] "GET /static/js/salary/dashboard_render.js?v=1784452207 HTTP/1.1" 200 6905
[28/Sep/2026 07:34:23] "GET /static/js/salary/perdiem/list.js?v=1784452207 HTTP/1.1" 200 5589
[28/Sep/2026 07:34:23] "GET /static/js/salary/perdiem/form.js?v=1784452207 HTTP/1.1" 200 7429
[28/Sep/2026 07:34:23] "GET /static/js/salary/dashboard_enhancements.js?v=1784452207 HTTP/1.1" 200 4977
[28/Sep/2026 07:34:23] "GET /static/js/salary/year_pills.js?v=1784452207 HTTP/1.1" 200 890
[28/Sep/2026 07:34:23] "GET /static/js/salary/index.js?v=1784452207 HTTP/1.1" 200 763
[28/Sep/2026 07:34:23] "GET /static/js/balance/utils.js?v=1784452207 HTTP/1.1" 200 1761
[28/Sep/2026 07:34:23] "GET /static/js/balance/calculations.js?v=1784452207 HTTP/1.1" 200 1133
[28/Sep/2026 07:34:23] "GET /static/js/balance/api.js?v=1784452207 HTTP/1.1" 200 1892
[28/Sep/2026 07:34:23] "GET /static/js/salary/employment_page.js?v=1784452207 HTTP/1.1" 200 6820
[28/Sep/2026 07:34:23] "GET /static/js/balance/analytics.js?v=1784452207 HTTP/1.1" 200 14
[28/Sep/2026 07:34:23] "GET /static/js/balance/charts.js?v=1784452207 HTTP/1.1" 200 14
[28/Sep/2026 07:34:23] "GET /static/js/balance/dashboard.js?v=1784452207 HTTP/1.1" 200 14
[28/Sep/2026 07:34:23] "GET /static/js/balance/allocation.js?v=1784452207 HTTP/1.1" 200 1383
[28/Sep/2026 07:34:23] "GET /static/js/balance/overview.js?v=1784452207 HTTP/1.1" 200 9249
[28/Sep/2026 07:34:23] "GET /static/js/balance/modal.js?v=1784452207 HTTP/1.1" 200 6441
[28/Sep/2026 07:34:23] "GET /static/js/balance/forecasts.js?v=1784452207 HTTP/1.1" 200 6681
[28/Sep/2026 07:34:23] "GET /static/js/balance/recommendations.js?v=1784452207 HTTP/1.1" 200 13329
[28/Sep/2026 07:34:23] "GET /static/js/balance/transfers/form/modal.js?v=1784452207 HTTP/1.1" 200 6842
[28/Sep/2026 07:34:23] "GET /static/js/balance/accounts.js?v=1784452207 HTTP/1.1" 200 3204
[28/Sep/2026 07:34:23] "GET /static/js/balance/transfers/render.js?v=1784452207 HTTP/1.1" 200 4919
[28/Sep/2026 07:34:23] "GET /static/js/balance/currency_exchange/state_and_title.js?v=1784452207 HTTP/1.1" 200 1887
[28/Sep/2026 07:34:23] "GET /static/js/balance/currency_exchange/render_main.js?v=1784452207 HTTP/1.1" 200 6725
[28/Sep/2026 07:34:23] "GET /static/js/balance/transfers/form/persist.js?v=1784452207 HTTP/1.1" 200 2437
[28/Sep/2026 07:34:23] "GET /static/js/balance/currency_exchange/backend_calc_save_delete.js?v=1784452207 HTTP/1.1" 200 4211
[28/Sep/2026 07:34:23] "GET /static/js/balance/bank_interest/modal.js?v=1784452207 HTTP/1.1" 200 4423
[28/Sep/2026 07:34:23] "GET /static/js/balance/currency_exchange/exchange_modal.js?v=1784452207 HTTP/1.1" 200 7021
[28/Sep/2026 07:34:23] "GET /static/js/balance/bank_interest/api.js?v=1784452207 HTTP/1.1" 200 2215
[28/Sep/2026 07:34:23] "GET /static/js/balance/currency_exchange/filters_table.js?v=1784452207 HTTP/1.1" 200 4262
[28/Sep/2026 07:34:23] "GET /static/js/balance/credit_card_payment/render.js?v=1784452207 HTTP/1.1" 200 3837
[28/Sep/2026 07:34:23] "GET /static/js/balance/bank_interest/render.js?v=1784452207 HTTP/1.1" 200 3582
[28/Sep/2026 07:34:23] "GET /static/js/balance/credit_card_payment/modal.js?v=1784452207 HTTP/1.1" 200 4598
[28/Sep/2026 07:34:23] "GET /static/js/balance/card_renewal_fee/render.js?v=1784452207 HTTP/1.1" 200 3445
[28/Sep/2026 07:34:23] "GET /static/js/balance/credit_card_payment/api.js?v=1784452207 HTTP/1.1" 200 2373
[28/Sep/2026 07:34:23] "GET /static/js/balance/card_renewal_fee/modal.js?v=1784452207 HTTP/1.1" 200 3934
[28/Sep/2026 07:34:23] "GET /static/js/balance/card_renewal_fee/api.js?v=1784452207 HTTP/1.1" 200 2268
[28/Sep/2026 07:34:23] "GET /static/js/balance/index_fetch.js?v=1784452207 HTTP/1.1" 200 1978
[28/Sep/2026 07:34:23] "GET /static/js/balance/index_recommendations.js?v=1784452207 HTTP/1.1" 200 2284
[28/Sep/2026 07:34:23] "GET /static/js/balance/index_derive.js?v=1784452207 HTTP/1.1" 200 3221
[28/Sep/2026 07:34:23] "GET /static/js/balance/index_shell.js?v=1784452207 HTTP/1.1" 200 4206
[28/Sep/2026 07:34:23] "GET /static/js/balance/index_labels.js?v=1784452207 HTTP/1.1" 200 2173
[28/Sep/2026 07:34:23] "GET /static/js/balance/index_trend_health.js?v=1784452207 HTTP/1.1" 200 5408
[28/Sep/2026 07:34:23] "GET /static/js/balance/index.js?v=1784452207 HTTP/1.1" 200 4671
[28/Sep/2026 07:34:23] "GET /static/js/balance/index_events.js?v=1784452207 HTTP/1.1" 200 1852
[28/Sep/2026 07:34:23] "GET /static/js/fixed_assets/utils.js?v=1784452207 HTTP/1.1" 200 1532
[28/Sep/2026 07:34:23] "GET /static/js/fixed_assets/gold/dashboard.js?v=1784452207 HTTP/1.1" 200 2580
[28/Sep/2026 07:34:23] "GET /static/js/fixed_assets/gold/units.js?v=1784452207 HTTP/1.1" 200 955
[28/Sep/2026 07:34:23] "GET /static/js/fixed_assets/charts/metrics.js?v=1784452207 HTTP/1.1" 200 4738
[28/Sep/2026 07:34:23] "GET /static/js/fixed_assets/api.js?v=1784452207 HTTP/1.1" 200 1728
[28/Sep/2026 07:34:23] "GET /static/js/fixed_assets/charts/draw.js?v=1784452207 HTTP/1.1" 200 5180
[28/Sep/2026 07:34:23] "GET /static/js/fixed_assets/gold/settings.js?v=1784452207 HTTP/1.1" 200 4309
[28/Sep/2026 07:34:23] "GET /static/js/fixed_assets/list/render.js?v=1784452207 HTTP/1.1" 200 6189
[28/Sep/2026 07:34:23] "GET /static/js/fixed_assets/tabs.js?v=1784452207 HTTP/1.1" 200 5599
[28/Sep/2026 07:34:23] "GET /static/js/fixed_assets/list/gold_groups.js?v=1784452207 HTTP/1.1" 200 3459
[28/Sep/2026 07:34:23] "GET /static/js/fixed_assets/dashboard.js?v=1784452207 HTTP/1.1" 200 3448
[28/Sep/2026 07:34:23] "GET /static/js/fixed_assets/reports.js?v=1784452207 HTTP/1.1" 200 6565
[28/Sep/2026 07:34:23] "GET /static/js/fixed_assets/analytics_render.js?v=1784452207 HTTP/1.1" 200 5497
[28/Sep/2026 07:34:23] "GET /static/js/fixed_assets/analytics_metrics.js?v=1784452207 HTTP/1.1" 200 3814
[28/Sep/2026 07:34:23] "GET /static/js/fixed_assets/analytics_charts.js?v=1784452207 HTTP/1.1" 200 1869
[28/Sep/2026 07:34:23] "GET /static/js/fixed_assets/modal.js?v=1784452207 HTTP/1.1" 200 1200
[28/Sep/2026 07:34:23] "GET /static/js/fixed_assets/currency/rates.js?v=1784452207 HTTP/1.1" 200 7089
[28/Sep/2026 07:34:23] "GET /static/js/fixed_assets/currency/options.js?v=1784452207 HTTP/1.1" 200 5030
[28/Sep/2026 07:34:23] "GET /static/js/fixed_assets/calculations.js?v=1784452207 HTTP/1.1" 200 549
[28/Sep/2026 07:34:23] "GET /static/js/fixed_assets/purchase_payments.js?v=1784452207 HTTP/1.1" 200 4623
[28/Sep/2026 07:34:23] "GET /static/js/fixed_assets/sale_tabs.js?v=1784452207 HTTP/1.1" 200 4339
[28/Sep/2026 07:34:23] "GET /static/js/fixed_assets/mortgage.js?v=1784452207 HTTP/1.1" 200 2381
[28/Sep/2026 07:34:23] "GET /static/js/fixed_assets/sale.js?v=1784452207 HTTP/1.1" 200 3684
[28/Sep/2026 07:34:23] "GET /static/js/fixed_assets/rental.js?v=1784452207 HTTP/1.1" 200 3296
[28/Sep/2026 07:34:23] "GET /static/js/fixed_assets/acquisition_costs.js?v=1784452207 HTTP/1.1" 200 8489
[28/Sep/2026 07:34:23] "GET /static/js/fixed_assets/acquisition_costs_collect.js?v=1784452207 HTTP/1.1" 200 1499
[28/Sep/2026 07:34:23] "GET /static/js/fixed_assets/renovations/rows.js?v=1784452207 HTTP/1.1" 200 7789
[28/Sep/2026 07:34:23] "GET /static/js/fixed_assets/renovations_collect.js?v=1784452207 HTTP/1.1" 200 1595
[28/Sep/2026 07:34:23] "GET /static/js/fixed_assets/renovations/summary.js?v=1784452207 HTTP/1.1" 200 1593
[28/Sep/2026 07:34:23] "GET /static/js/fixed_assets/furniture_summary.js?v=1784452207 HTTP/1.1" 200 3550
[28/Sep/2026 07:34:23] "GET /static/js/fixed_assets/valuation_sync.js?v=1784452207 HTTP/1.1" 200 3815
[28/Sep/2026 07:34:23] "GET /static/js/fixed_assets/valuation.js?v=1784452207 HTTP/1.1" 200 6572
[28/Sep/2026 07:34:23] "GET /static/js/fixed_assets/furniture_row.js?v=1784452207 HTTP/1.1" 200 8439
[28/Sep/2026 07:34:23] "GET /static/js/fixed_assets/vehicle.js?v=1784452207 HTTP/1.1" 200 947
[28/Sep/2026 07:34:23] "GET /static/js/fixed_assets/other_assets.js?v=1784452207 HTTP/1.1" 200 687
[28/Sep/2026 07:34:23] "GET /static/js/fixed_assets/gold_details.js?v=1784452207 HTTP/1.1" 200 792
[28/Sep/2026 07:34:23] "GET /static/js/fixed_assets/property.js?v=1784452207 HTTP/1.1" 200 2277
[28/Sep/2026 07:34:23] "GET /static/js/fixed_assets/maintenance.js?v=1784452207 HTTP/1.1" 200 1852
[28/Sep/2026 07:34:23] "GET /static/js/fixed_assets/insurance.js?v=1784452207 HTTP/1.1" 200 3550
[28/Sep/2026 07:34:23] "GET /static/js/fixed_assets/map/photo_gallery.js?v=1784452207 HTTP/1.1" 200 2222
[28/Sep/2026 07:34:23] "GET /static/js/fixed_assets/map/property_map.js?v=1784452207 HTTP/1.1" 200 3156
[28/Sep/2026 07:34:23] "GET /static/js/fixed_assets/validation/sync_helpers.js?v=1784452207 HTTP/1.1" 200 2283
[28/Sep/2026 07:34:23] "GET /static/js/fixed_assets/map/geocoding.js?v=1784452207 HTTP/1.1" 200 3556
[28/Sep/2026 07:34:23] "GET /static/js/fixed_assets/validation/lifecycle.js?v=1784452207 HTTP/1.1" 200 1399
[28/Sep/2026 07:34:23] "GET /static/js/fixed_assets/validation/sale_form.js?v=1784452207 HTTP/1.1" 200 3323
[28/Sep/2026 07:34:23] "GET /static/js/fixed_assets/validation/save_asset/build_payload.js?v=1784452207 HTTP/1.1" 200 6469
[28/Sep/2026 07:34:23] "GET /static/js/fixed_assets/validation/save_asset/photos.js?v=1784452207 HTTP/1.1" 200 1141
[28/Sep/2026 07:34:23] "GET /static/js/fixed_assets/validation/save_asset/submit.js?v=1784452207 HTTP/1.1" 200 962
[28/Sep/2026 07:34:23] "GET /static/js/fixed_assets/validation/save_asset.js?v=1784452207 HTTP/1.1" 200 2088
[28/Sep/2026 07:34:23] "GET /static/js/fixed_assets/validation/submit_sale_misc.js?v=1784452207 HTTP/1.1" 200 1726
[28/Sep/2026 07:34:23] "GET /static/js/fixed_assets/validation/sale_modal.js?v=1784452207 HTTP/1.1" 200 4890
[28/Sep/2026 07:34:23] "GET /static/js/fixed_assets/details_property_tab.js?v=1784452207 HTTP/1.1" 200 14918
[28/Sep/2026 07:34:23] "GET /static/js/fixed_assets/details_property_other_tabs.js?v=1784452207 HTTP/1.1" 200 10490
[28/Sep/2026 07:34:23] "GET /static/js/fixed_assets/details_insurance_sale_tabs.js?v=1784452207 HTTP/1.1" 200 4685
[28/Sep/2026 07:34:23] "GET /static/js/fixed_assets/details_shared_tabs.js?v=1784452207 HTTP/1.1" 200 10323
[28/Sep/2026 07:34:23] "GET /static/js/fixed_assets/details_modal_nav1.js?v=1784452207 HTTP/1.1" 200 4822
[28/Sep/2026 07:34:23] "GET /static/js/fixed_assets/details_modal_nav2.js?v=1784452207 HTTP/1.1" 200 5903
[28/Sep/2026 07:34:23] "GET /static/js/fixed_assets/details_modal_html.js?v=1784452207 HTTP/1.1" 200 2128
[28/Sep/2026 07:34:23] "GET /static/js/fixed_assets/details_asset_types.js?v=1784452207 HTTP/1.1" 200 6864
[28/Sep/2026 07:34:23] "GET /static/js/fixed_assets/details_modal_events.js?v=1784452207 HTTP/1.1" 200 4234
[28/Sep/2026 07:34:23] "GET /static/js/fixed_assets/asset_detail_view/non_real_estate_core_tab.js?v=1784452207 HTTP/1.1" 200 10538
[28/Sep/2026 07:34:23] "GET /static/js/fixed_assets/details_modal.js?v=1784452207 HTTP/1.1" 200 1372
[28/Sep/2026 07:34:23] "GET /static/js/fixed_assets/asset_detail_view/general_property_tabs.js?v=1784452207 HTTP/1.1" 200 11460
[28/Sep/2026 07:34:23] "GET /static/js/fixed_assets/asset_detail_view/non_real_estate_modal.js?v=1784452207 HTTP/1.1" 200 8162
[28/Sep/2026 07:34:23] "GET /static/js/fixed_assets/asset_detail_view/photos_renovation_acquisition_tabs.js?v=1784452207 HTTP/1.1" 200 11011
[28/Sep/2026 07:34:23] "GET /static/js/fixed_assets/asset_detail_view/tabs/valuation_pane.js?v=1784452207 HTTP/1.1" 200 2011
[28/Sep/2026 07:34:23] "GET /static/js/fixed_assets/asset_detail_view/tabs/furniture_pane.js?v=1784452207 HTTP/1.1" 200 4970
[28/Sep/2026 07:34:23] "GET /static/js/fixed_assets/asset_detail_view/tabs/sale_pane_and_footer.js?v=1784452207 HTTP/1.1" 200 3115
[28/Sep/2026 07:34:23] "GET /static/js/fixed_assets/asset_detail_view/furniture_valuation_mortgage_rental_sale_tabs.js?v=1784452207 HTTP/1.1" 200 715
[28/Sep/2026 07:34:23] "GET /static/js/fixed_assets/asset_detail_view/tabs/mortgage_rental_panes.js?v=1784452207 HTTP/1.1" 200 5025
[28/Sep/2026 07:34:23] "GET /static/js/fixed_assets/asset_detail_view/modal_shell.js?v=1784452207 HTTP/1.1" 200 8846
[28/Sep/2026 07:34:23] "GET /static/js/fixed_assets/asset_detail_view/entry.js?v=1784452207 HTTP/1.1" 200 7104
[28/Sep/2026 07:34:23] "GET /static/js/fixed_assets/load_asset.js?v=1784452207 HTTP/1.1" 200 9278
[28/Sep/2026 07:34:23] "GET /static/js/fixed_assets/index.js?v=1784452207 HTTP/1.1" 200 3275
[28/Sep/2026 07:34:23] "GET /static/js/settings/smtp.js?v=1784452207 HTTP/1.1" 200 3751
[28/Sep/2026 07:34:23] "GET /static/js/settings/app_settings.js?v=1784452207 HTTP/1.1" 200 367
[28/Sep/2026 07:34:23] "GET /static/js/settings/utils.js?v=1784452207 HTTP/1.1" 200 964
[28/Sep/2026 07:34:23] "GET /static/js/settings/email_templates/list.js?v=1784452207 HTTP/1.1" 200 8974
[28/Sep/2026 07:34:23] "GET /static/js/settings/email_templates/modal.js?v=1784452207 HTTP/1.1" 200 4131
[28/Sep/2026 07:34:23] "GET /static/js/settings/cert_status_actions.js?v=1784452207 HTTP/1.1" 200 1563
[28/Sep/2026 07:34:23] "GET /static/js/settings/cert_status_settings.js?v=1784452207 HTTP/1.1" 200 10325
[28/Sep/2026 07:34:23] "GET /static/js/settings/gold_purity.js?v=1784452207 HTTP/1.1" 200 4910
[28/Sep/2026 07:34:23] "GET /static/js/settings/gold_settings.js?v=1784452207 HTTP/1.1" 200 7678
[28/Sep/2026 07:34:23] "GET /static/js/settings/translations/languages/list.js?v=1784452207 HTTP/1.1" 200 2726
[28/Sep/2026 07:34:23] "GET /static/js/settings/property_valuation_scrape.js?v=1784452207 HTTP/1.1" 200 2561
[28/Sep/2026 07:34:23] "GET /static/js/settings/translations/languages/modal.js?v=1784452207 HTTP/1.1" 200 5553
[28/Sep/2026 07:34:23] "GET /static/js/settings/property_valuation.js?v=1784452207 HTTP/1.1" 200 10170
[28/Sep/2026 07:34:23] "GET /static/js/settings/translations/translations_editor.js?v=1784452207 HTTP/1.1" 200 3634
[28/Sep/2026 07:34:23] "GET /static/js/settings/companies/actions.js?v=1784452207 HTTP/1.1" 200 3098
[28/Sep/2026 07:34:23] "GET /static/js/settings/translations/translations_coverage.js?v=1784452207 HTTP/1.1" 200 6822
[28/Sep/2026 07:34:23] "GET /static/js/settings/companies/modal.js?v=1784452207 HTTP/1.1" 200 7107
[28/Sep/2026 07:34:23] "GET /static/js/settings/companies/render.js?v=1784452207 HTTP/1.1" 200 2710
[28/Sep/2026 07:34:23] "GET /static/js/settings/currencies.js?v=1784452207 HTTP/1.1" 200 9269
[28/Sep/2026 07:34:23] "GET /static/js/settings/banks.js?v=1784452207 HTTP/1.1" 200 6131
[28/Sep/2026 07:34:23] "GET /static/js/settings/roles/render.js?v=1784452207 HTTP/1.1" 200 5800
[28/Sep/2026 07:34:23] "GET /static/js/settings/users/actions.js?v=1784452207 HTTP/1.1" 200 3384
[28/Sep/2026 07:34:23] "GET /static/js/settings/dashboard.js?v=1784452207 HTTP/1.1" 200 2067
[28/Sep/2026 07:34:23] "GET /static/js/settings/users/list.js?v=1784452207 HTTP/1.1" 200 9162
[28/Sep/2026 07:34:23] "GET /static/js/settings/permissions.js?v=1784452207 HTTP/1.1" 200 6069
[28/Sep/2026 07:34:23] "GET /static/js/settings/backup_restore/render.js?v=1784452207 HTTP/1.1" 200 6043
[28/Sep/2026 07:34:23] "GET /static/js/settings/backup_restore/download_upload.js?v=1784452207 HTTP/1.1" 200 1546
[28/Sep/2026 07:34:23] "GET /static/js/settings/backup_restore/server_actions.js?v=1784452207 HTTP/1.1" 200 2493
[28/Sep/2026 07:34:23] "GET /static/js/settings/backup_restore/helpers.js?v=1784452207 HTTP/1.1" 200 1023
[28/Sep/2026 07:34:23] "GET /static/js/settings/vendor_assets_update.js?v=1784452207 HTTP/1.1" 200 2879
[28/Sep/2026 07:34:23] "GET /static/js/settings/documentation/documentation_state.js?v=1784452207 HTTP/1.1" 200 3892
[28/Sep/2026 07:34:23] "GET /static/js/settings/documentation/documentation_history.js?v=1784452207 HTTP/1.1" 200 3946
[28/Sep/2026 07:34:23] "GET /static/js/settings/documentation/documentation_validation.js?v=1784452207 HTTP/1.1" 200 4500
[28/Sep/2026 07:34:23] "GET /static/js/settings/documentation/documentation_layout.js?v=1784452207 HTTP/1.1" 200 12908
[28/Sep/2026 07:34:23] "GET /static/js/settings/documentation/documentation_poll.js?v=1784452207 HTTP/1.1" 200 7715
[28/Sep/2026 07:34:23] "GET /static/js/settings/documentation/documentation_actions.js?v=1784452207 HTTP/1.1" 200 3028
[28/Sep/2026 07:34:23] "GET /static/js/settings/ai_advisor/pipeline_controls.js?v=1784452207 HTTP/1.1" 200 1604
[28/Sep/2026 07:34:23] "GET /static/js/settings/ai_advisor/state.js?v=1784452207 HTTP/1.1" 200 537
[28/Sep/2026 07:34:23] "GET /static/js/settings/ai_advisor/provider_fields.js?v=1784452207 HTTP/1.1" 200 2522
[28/Sep/2026 07:34:23] "GET /static/js/settings/ai_advisor/render_settings.js?v=1784452207 HTTP/1.1" 200 3101
[28/Sep/2026 07:34:23] "GET /static/js/settings/ai_advisor/render_settings_form.js?v=1784452207 HTTP/1.1" 200 17183
[28/Sep/2026 07:34:23] "GET /static/js/settings/ai_advisor/connection_test.js?v=1784452207 HTTP/1.1" 200 2393
[28/Sep/2026 07:34:23] "GET /static/js/settings/ai_advisor/diagnostics_model_select.js?v=1784452207 HTTP/1.1" 200 3534
[28/Sep/2026 07:34:23] "GET /static/js/settings/ai_advisor/save_settings.js?v=1784452207 HTTP/1.1" 200 4103
[28/Sep/2026 07:34:23] "GET /static/js/settings/ai_advisor/platform_overview_actions.js?v=1784452207 HTTP/1.1" 200 6350
[28/Sep/2026 07:34:23] "GET /static/js/settings/billing/render.js?v=1784452207 HTTP/1.1" 200 3521
[28/Sep/2026 07:34:23] "GET /static/js/settings/ai_advisor/runtime_capabilities_actions.js?v=1784452207 HTTP/1.1" 200 3961
[28/Sep/2026 07:34:23] "GET /static/js/settings/billing/plan_crud.js?v=1784452207 HTTP/1.1" 200 3390
[28/Sep/2026 07:34:23] "GET /static/js/settings/billing/price_actions.js?v=1784452207 HTTP/1.1" 200 1877
[28/Sep/2026 07:34:23] "GET /static/js/settings/billing/edit_modal.js?v=1784452207 HTTP/1.1" 200 5689
[28/Sep/2026 07:34:23] "GET /static/js/settings/billing/gateway_settings.js?v=1784452207 HTTP/1.1" 200 4322
[28/Sep/2026 07:34:23] "GET /static/js/settings/index.js?v=1784452207 HTTP/1.1" 200 2736
[28/Sep/2026 07:34:23] "GET /static/js/billing/trial_banner.js?v=1784452207 HTTP/1.1" 200 3989
[28/Sep/2026 07:34:23] "GET /static/js/billing/plans_page.js?v=1784452207 HTTP/1.1" 200 7129
[28/Sep/2026 07:34:23] "GET /static/js/settings/window_exports.js?v=1784452207 HTTP/1.1" 200 4339
[28/Sep/2026 07:34:23] "GET /static/js/bank_certificates/utils.js?v=1784452207 HTTP/1.1" 200 2836
[28/Sep/2026 07:34:23] "GET /static/js/settings/tabs.js?v=1784452207 HTTP/1.1" 200 3622
[28/Sep/2026 07:34:23] "GET /static/js/bank_certificates/calculations.js?v=1784452207 HTTP/1.1" 200 1710
[28/Sep/2026 07:34:23] "GET /static/js/bank_certificates/api.js?v=1784452207 HTTP/1.1" 200 3514
[28/Sep/2026 07:34:23] "GET /static/js/bank_certificates/interest.js?v=1784452207 HTTP/1.1" 200 1740
[28/Sep/2026 07:34:23] "GET /static/js/bank_certificates/interest_history.js?v=1784452207 HTTP/1.1" 200 8571
[28/Sep/2026 07:34:23] "GET /static/js/exchange_rates/rates_meta.js?v=1784452207 HTTP/1.1" 200 3075
[28/Sep/2026 07:34:23] "GET /static/js/bank_certificates/list_view.js?v=1784452207 HTTP/1.1" 200 6040
[28/Sep/2026 07:34:23] "GET /static/js/bank_certificates/modal.js?v=1784452207 HTTP/1.1" 200 7610
[28/Sep/2026 07:34:23] "GET /static/js/exchange_rates/rates_render.js?v=1784452207 HTTP/1.1" 200 8703
[28/Sep/2026 07:34:23] "GET /static/js/expenses/utils.js?v=1784452207 HTTP/1.1" 200 1124
[28/Sep/2026 07:34:23] "GET /static/js/exchange_rates/index.js?v=1784452207 HTTP/1.1" 200 2862
[28/Sep/2026 07:34:23] "GET /static/js/expenses/reports.js?v=1784452207 HTTP/1.1" 200 2318
[28/Sep/2026 07:34:23] "GET /static/js/gold_price/index.js?v=1784452207 HTTP/1.1" 200 8914
[28/Sep/2026 07:34:23] "GET /static/js/expenses/api.js?v=1784452207 HTTP/1.1" 200 4427
[28/Sep/2026 07:34:23] "GET /static/js/gold_price/refresh.js?v=1784452207 HTTP/1.1" 200 1871
[28/Sep/2026 07:34:23] "GET /static/js/expenses/dashboard.js?v=1784452207 HTTP/1.1" 200 7836
[28/Sep/2026 07:34:23] "GET /static/js/expenses/categories.js?v=1784452207 HTTP/1.1" 200 4163
[28/Sep/2026 07:34:23] "GET /static/js/expenses/modal.js?v=1784452207 HTTP/1.1" 200 7796
[28/Sep/2026 07:34:23] "GET /static/js/expenses/subcategories.js?v=1784452207 HTTP/1.1" 200 3936
[28/Sep/2026 07:34:23] "GET /static/js/expenses/table.js?v=1784452207 HTTP/1.1" 200 2893
[28/Sep/2026 07:34:23] "GET /static/js/expenses/filters.js?v=1784452207 HTTP/1.1" 200 996
[28/Sep/2026 07:34:23] "GET /static/js/expenses/index.js?v=1784452207 HTTP/1.1" 200 1571
[28/Sep/2026 07:34:23] "GET /static/js/reminders/rules.js?v=1784452207 HTTP/1.1" 200 5973
[28/Sep/2026 07:34:23] "GET /static/js/reminders/api.js?v=1784452207 HTTP/1.1" 200 3213
[28/Sep/2026 07:34:23] "GET /static/js/reminders/banner.js?v=1784452207 HTTP/1.1" 200 3108
[28/Sep/2026 07:34:23] "GET /static/js/advanced_reports/charts.js?v=1784452207 HTTP/1.1" 200 2135
[28/Sep/2026 07:34:23] "GET /static/js/reminders/index.js?v=1784452207 HTTP/1.1" 200 9121
[28/Sep/2026 07:34:23] "GET /static/js/advanced_reports/salary.js?v=1784452207 HTTP/1.1" 200 7469
[28/Sep/2026 07:34:23] "GET /static/js/advanced_reports/balance.js?v=1784452207 HTTP/1.1" 200 3245
[28/Sep/2026 07:34:23] "GET /static/js/advanced_reports/certificates.js?v=1784452207 HTTP/1.1" 200 4388
[28/Sep/2026 07:34:23] "GET /static/js/advanced_reports/index.js?v=1784452207 HTTP/1.1" 200 7117
[28/Sep/2026 07:34:23] "GET /static/js/onboarding/wizard.js?v=1784452207 HTTP/1.1" 200 8727
[28/Sep/2026 07:34:23] "GET /api/asset-acquisition-costs/categories/ HTTP/1.1" 200 138
[28/Sep/2026 07:34:23] "GET /api/asset-renovations/categories/ HTTP/1.1" 200 225
[28/Sep/2026 07:34:23] "GET /api/asset-furniture/categories/ HTTP/1.1" 200 364
[28/Sep/2026 07:34:23] "GET /api/auth/profile/ HTTP/1.1" 200 15380
[28/Sep/2026 07:34:23] "GET /static/images/favicon.ico?v=1784452207 HTTP/1.1" 200 226046
[28/Sep/2026 07:34:23] "GET /static/i18n/en.json?v=1790570063971 HTTP/1.1" 200 129692
[28/Sep/2026 07:34:23] "GET /api/settings/?v=1790570063978 HTTP/1.1" 200 3411
[28/Sep/2026 07:34:24] "GET /api/base-currency/ HTTP/1.1" 200 161
[28/Sep/2026 07:34:24] "GET /api/banks/ HTTP/1.1" 200 416
[28/Sep/2026 07:34:24] "GET /api/auth/me/ HTTP/1.1" 200 805
[28/Sep/2026 07:34:24] "GET /api/auth/profile/ HTTP/1.1" 200 15380
[28/Sep/2026 07:34:24] "GET /api/companies/ HTTP/1.1" 200 3078
[28/Sep/2026 07:34:24] "GET /api/billing/status/ HTTP/1.1" 200 75
[28/Sep/2026 07:34:24] "GET /api/currencies/ HTTP/1.1" 200 995
[28/Sep/2026 07:34:24] "GET /api/banks/ HTTP/1.1" 200 416
[28/Sep/2026 07:34:24] "GET /static/vendor/fonts/inter/inter-latin-ext-400-normal.woff2 HTTP/1.1" 200 20432
[28/Sep/2026 07:34:24] "GET /static/vendor/bootstrap-icons/fonts/bootstrap-icons.woff2?e34853135f9e39acf64315236852cd5a HTTP/1.1" 200 134044
[28/Sep/2026 07:34:24] "GET /static/vendor/fonts/inter/inter-latin-ext-500-normal.woff2 HTTP/1.1" 200 22336
[28/Sep/2026 07:34:24] "GET /api/onboarding/status/ HTTP/1.1" 200 1249
[28/Sep/2026 07:34:24] "GET /static/vendor/fonts/plus-jakarta-sans/plus-jakarta-sans-latin-ext-600-normal.woff2 HTTP/1.1" 200 8600
[28/Sep/2026 07:34:24] "GET /static/vendor/fonts/inter/inter-latin-ext-600-normal.woff2 HTTP/1.1" 200 22444
[28/Sep/2026 07:34:24] "GET /static/vendor/fonts/inter/inter-latin-400-normal.woff2 HTTP/1.1" 200 16708
[28/Sep/2026 07:34:24] "GET /static/vendor/fonts/plus-jakarta-sans/plus-jakarta-sans-latin-ext-800-normal.woff2 HTTP/1.1" 200 8484
[28/Sep/2026 07:34:24] "GET /api/settings/ HTTP/1.1" 200 3411
[28/Sep/2026 07:34:24] "GET /api/balance-transfers/ HTTP/1.1" 200 376
[28/Sep/2026 07:34:24] "GET /api/currency-exchanges/ HTTP/1.1" 200 17
[28/Sep/2026 07:34:24] "GET /api/bank-interests/ HTTP/1.1" 200 552
[28/Sep/2026 07:34:24] "GET /static/vendor/fonts/plus-jakarta-sans/plus-jakarta-sans-latin-ext-400-normal.woff2 HTTP/1.1" 200 8200
[28/Sep/2026 07:34:24] "GET /api/credit-card-payments/ HTTP/1.1" 200 28
[28/Sep/2026 07:34:24] "GET /static/vendor/fonts/inter/inter-latin-500-normal.woff2 HTTP/1.1" 200 17552
[28/Sep/2026 07:34:24] "GET /api/balance/ HTTP/1.1" 200 3858
[28/Sep/2026 07:34:24] "GET /static/vendor/fonts/inter/inter-latin-600-normal.woff2 HTTP/1.1" 200 17660
[28/Sep/2026 07:34:24] "GET /static/vendor/fonts/plus-jakarta-sans/plus-jakarta-sans-latin-600-normal.woff2 HTTP/1.1" 200 10816
[28/Sep/2026 07:34:24] "GET /static/vendor/fonts/plus-jakarta-sans/plus-jakarta-sans-latin-800-normal.woff2 HTTP/1.1" 200 10528
[28/Sep/2026 07:34:24] "GET /static/vendor/fonts/plus-jakarta-sans/plus-jakarta-sans-latin-400-normal.woff2 HTTP/1.1" 200 10464
[28/Sep/2026 07:34:24] "GET /api/card-renewal-fees/ HTTP/1.1" 200 25
[28/Sep/2026 07:34:24] "GET /api/certificate-forecast/ HTTP/1.1" 200 5157
[28/Sep/2026 07:34:24] "GET /static/vendor/fonts/plus-jakarta-sans/plus-jakarta-sans-latin-ext-700-normal.woff2 HTTP/1.1" 200 8648
[28/Sep/2026 07:34:24] "GET /static/vendor/fonts/inter/inter-latin-ext-700-normal.woff2 HTTP/1.1" 200 22624
[28/Sep/2026 07:34:24] "GET /static/vendor/fonts/plus-jakarta-sans/plus-jakarta-sans-latin-700-normal.woff2 HTTP/1.1" 200 10844
[28/Sep/2026 07:34:24] "GET /static/vendor/fonts/inter/inter-latin-700-normal.woff2 HTTP/1.1" 200 17784
[28/Sep/2026 07:34:26] "GET /api/settings/ HTTP/1.1" 200 3411
[28/Sep/2026 07:34:26] "GET /api/reminders/check/ HTTP/1.1" 200 29
Not Found: /dashboard
[28/Sep/2026 07:34:26] "GET /dashboard HTTP/1.1" 404 52992
Not Found: /financial-advisor
[28/Sep/2026 07:34:27] "GET /financial-advisor HTTP/1.1" 404 53016
[28/Sep/2026 07:34:28] "GET / HTTP/1.1" 200 33791
[28/Sep/2026 07:34:28] "GET /static/vendor/fonts/google-fonts.css HTTP/1.1" 200 4560
[28/Sep/2026 07:34:28] "GET /static/css/ai/index.css?v=1784452207 HTTP/1.1" 200 1845
[28/Sep/2026 07:34:28] "GET /static/vendor/leaflet/leaflet.css HTTP/1.1" 200 14145
[28/Sep/2026 07:34:28] "GET /static/css/main/index.css?v=1784452207 HTTP/1.1" 200 2037
[28/Sep/2026 07:34:28] "GET /static/js/utils/csrf_fetch.js?v=1784452207 HTTP/1.1" 200 1672
[28/Sep/2026 07:34:28] "GET /static/vendor/bootstrap-icons/bootstrap-icons.css HTTP/1.1" 200 99556
[28/Sep/2026 07:34:28] "GET /static/vendor/bootstrap/css/bootstrap.min.css HTTP/1.1" 200 232111
[28/Sep/2026 07:34:28] "GET /static/js/i18n/load_language.js?v=1784452207 HTTP/1.1" 200 2699
[28/Sep/2026 07:34:28] "GET /static/js/utils/base_currency.js?v=1784452207 HTTP/1.1" 200 2145
[28/Sep/2026 07:34:28] "GET /static/js/i18n/index.js?v=1784452207 HTTP/1.1" 200 1214
[28/Sep/2026 07:34:28] "GET /static/vendor/bootstrap/js/bootstrap.bundle.min.js HTTP/1.1" 200 80496
[28/Sep/2026 07:34:28] "GET /static/vendor/leaflet/leaflet.js HTTP/1.1" 200 147552
[28/Sep/2026 07:34:28] "GET /static/vendor/chartjs/chart.umd.js HTTP/1.1" 200 208522
[28/Sep/2026 07:34:28] "GET /static/js/i18n/apply_translations.js?v=1784452207 HTTP/1.1" 200 5073
[28/Sep/2026 07:34:28] "GET /static/js/utils/dateFormatter.js?v=1784452207 HTTP/1.1" 200 4272
[28/Sep/2026 07:34:28] "GET /static/js/datepicker/dom.js?v=1784452207 HTTP/1.1" 200 5745
[28/Sep/2026 07:34:28] "GET /static/js/datepicker/localization.js?v=1784452207 HTTP/1.1" 200 3340
[28/Sep/2026 07:34:28] "GET /static/js/datepicker/positioning.js?v=1784452207 HTTP/1.1" 200 3508
[28/Sep/2026 07:34:28] "GET /static/js/datepicker/events.js?v=1784452207 HTTP/1.1" 200 5271
[28/Sep/2026 07:34:28] "GET /static/js/datepicker/calendar_days.js?v=1784452207 HTTP/1.1" 200 4315
[28/Sep/2026 07:34:28] "GET /static/js/datepicker/calendar_months.js?v=1784452207 HTTP/1.1" 200 2978
[28/Sep/2026 07:34:28] "GET /static/js/datepicker/popup_lifecycle.js?v=1784452207 HTTP/1.1" 200 5788
[28/Sep/2026 07:34:28] "GET /static/js/datepicker/calendar.js?v=1784452207 HTTP/1.1" 200 7376
[28/Sep/2026 07:34:28] "GET /static/js/datepicker/calendar_footer.js?v=1784452207 HTTP/1.1" 200 3299
[28/Sep/2026 07:34:28] "GET /static/js/datepicker/core.js?v=1784452207 HTTP/1.1" 200 5520
[28/Sep/2026 07:34:28] "GET /static/js/datepicker/delegates.js?v=1784452207 HTTP/1.1" 200 2082
[28/Sep/2026 07:34:28] "GET /static/js/datepicker/registry.js?v=1784452207 HTTP/1.1" 200 3376
[28/Sep/2026 07:34:28] "GET /static/js/datepicker/date-picker.js?v=1784452207 HTTP/1.1" 200 2422
[28/Sep/2026 07:34:28] "GET /static/js/reports/charts.js?v=1784452207 HTTP/1.1" 200 4759
[28/Sep/2026 07:34:28] "GET /static/js/reports/pdf.js?v=1784452207 HTTP/1.1" 200 2520
[28/Sep/2026 07:34:28] "GET /static/js/reports/utils.js?v=1784452207 HTTP/1.1" 200 547
[28/Sep/2026 07:34:28] "GET /static/js/reports/yearly.js?v=1784452207 HTTP/1.1" 200 78
[28/Sep/2026 07:34:28] "GET /static/js/reports/index/tabs.js?v=1784452207 HTTP/1.1" 200 7050
[28/Sep/2026 07:34:28] "GET /static/js/reports/index/data.js?v=1784452207 HTTP/1.1" 200 5990
[28/Sep/2026 07:34:28] "GET /static/js/app/banks.js?v=1784452207 HTTP/1.1" 200 167
[28/Sep/2026 07:34:28] "GET /static/js/app/utils/tabs/breadcrumb.js?v=1784452207 HTTP/1.1" 200 486
[28/Sep/2026 07:34:28] "GET /static/js/app/companies.js?v=1784452207 HTTP/1.1" 200 191
[28/Sep/2026 07:34:28] "GET /static/js/app/utils/tabs/shell.js?v=1784452207 HTTP/1.1" 200 416
[28/Sep/2026 07:34:28] "GET /static/css/base/variables.css?v=1784442773?v=1784442773 HTTP/1.1" 200 1958
[28/Sep/2026 07:34:28] "GET /static/js/app/utils/tabs/more_menu.js?v=1784452207 HTTP/1.1" 200 4871
[28/Sep/2026 07:34:28] "GET /static/js/app/utils/collapsible.js?v=1784452207 HTTP/1.1" 200 4636
[28/Sep/2026 07:34:28] "GET /static/js/app/chart_crosshair/helpers.js?v=1784452207 HTTP/1.1" 200 7310
[28/Sep/2026 07:34:28] "GET /static/js/app/formatting.js?v=1784452207 HTTP/1.1" 200 1445
[28/Sep/2026 07:34:28] "GET /static/js/app/chart_crosshair/plugin.js?v=1784452207 HTTP/1.1" 200 7086
[28/Sep/2026 07:34:28] "GET /static/css/base/typography.css?v=1784442773?v=1784442773 HTTP/1.1" 200 2167
[28/Sep/2026 07:34:28] "GET /static/css/layout/shared.css?v=1784442773 HTTP/1.1" 200 674
[28/Sep/2026 07:34:28] "GET /static/css/layout/settings.css?v=1784442773 HTTP/1.1" 200 872
[28/Sep/2026 07:34:28] "GET /static/css/theme/index.css?v=1784442773?v=1784442773 HTTP/1.1" 200 782
[28/Sep/2026 07:34:28] "GET /static/css/layout_financial_advisor/index.css?v=1784442773 HTTP/1.1" 200 691
[28/Sep/2026 07:34:28] "GET /static/css/layout/fixed_assets.css?v=1784442773 HTTP/1.1" 200 953
[28/Sep/2026 07:34:28] "GET /static/css/components/tables.css?v=1784442773?v=1784442773 HTTP/1.1" 200 3478
[28/Sep/2026 07:34:28] "GET /static/css/components/sidebar.css?v=1784442773?v=1784442773 HTTP/1.1" 200 3641
[28/Sep/2026 07:34:28] "GET /static/css/components/topbar.css?v=1784442773?v=1784442773 HTTP/1.1" 200 1744
[28/Sep/2026 07:34:28] "GET /static/css/components/forms.css?v=1784442773?v=1784442773 HTTP/1.1" 200 3170
[28/Sep/2026 07:34:28] "GET /static/css/cards/index.css?v=1784442773?v=1784442773 HTTP/1.1" 200 386
[28/Sep/2026 07:34:28] "GET /static/css/components/buttons.css?v=1784442773?v=1784442773 HTTP/1.1" 200 3280
[28/Sep/2026 07:34:28] "GET /static/css/components/modals/index.css?v=1784442773?v=1784442773 HTTP/1.1" 200 901
[28/Sep/2026 07:34:28] "GET /static/css/features/dashboard.css?v=1784442773?v=1784442773 HTTP/1.1" 200 102
[28/Sep/2026 07:34:28] "GET /static/css/features/balance.css?v=1784442773?v=1784442773 HTTP/1.1" 200 5606
[28/Sep/2026 07:34:28] "GET /static/css/features/salary.css?v=1784442773?v=1784442773 HTTP/1.1" 200 99
[28/Sep/2026 07:34:28] "GET /static/css/features/certificates.css?v=1784442773?v=1784442773 HTTP/1.1" 200 105
[28/Sep/2026 07:34:28] "GET /static/css/features/expenses.css?v=1784442773?v=1784442773 HTTP/1.1" 200 672
[28/Sep/2026 07:34:28] "GET /static/css/features/reports.css?v=1784442773?v=1784442773 HTTP/1.1" 200 506
[28/Sep/2026 07:34:28] "GET /static/css/features/reminders.css?v=1784442773?v=1784442773 HTTP/1.1" 200 102
[28/Sep/2026 07:34:28] "GET /static/css/features/settings.css?v=1784442773?v=1784442773 HTTP/1.1" 200 101
[28/Sep/2026 07:34:28] "GET /static/css/fixed_assets/index.css?v=1784442773?v=1784442773 HTTP/1.1" 200 405
[28/Sep/2026 07:34:28] "GET /static/css/features/billing_customer.css?v=1784442773 HTTP/1.1" 200 3489
[28/Sep/2026 07:34:28] "GET /static/css/financial_advisor/index.css?v=1784442773?v=1784442773 HTTP/1.1" 200 484
[28/Sep/2026 07:34:28] "GET /static/css/date_picker/index.css?v=1784442773 HTTP/1.1" 200 1301
[28/Sep/2026 07:34:28] "GET /static/css/responsive/index.css?v=1784442773?v=1784442773 HTTP/1.1" 200 859
[28/Sep/2026 07:34:28] "GET /static/css/ai/left_panel/index.css HTTP/1.1" 200 927
[28/Sep/2026 07:34:28] "GET /static/css/components/center_alert.css?v=1784442773 HTTP/1.1" 200 1601
[28/Sep/2026 07:34:28] "GET /static/css/ai/workspace_header.css HTTP/1.1" 200 2403
[28/Sep/2026 07:34:28] "GET /static/css/ai/center_empty_state.css HTTP/1.1" 200 3272
[28/Sep/2026 07:34:28] "GET /static/css/ai/message_bubbles.css HTTP/1.1" 200 3021
[28/Sep/2026 07:34:28] "GET /static/css/ai/code_tables_badges.css HTTP/1.1" 200 2290
[28/Sep/2026 07:34:28] "GET /static/css/ai/responsive_misc.css HTTP/1.1" 200 3138
[28/Sep/2026 07:34:28] "GET /static/css/ai/input_area.css HTTP/1.1" 200 2718
[28/Sep/2026 07:34:28] "GET /static/css/ai/right_panel.css HTTP/1.1" 200 3844
[28/Sep/2026 07:34:28] "GET /static/css/ai/mobile_fixes/index.css HTTP/1.1" 200 836
[28/Sep/2026 07:34:28] "GET /static/css/settings_layout/portfolio_recs_goals.css HTTP/1.1" 200 3340
[28/Sep/2026 07:34:28] "GET /static/css/settings_layout/portfolio_scoring.css HTTP/1.1" 200 3039
[28/Sep/2026 07:34:28] "GET /static/css/settings_layout/tabs.css HTTP/1.1" 200 1704
[28/Sep/2026 07:34:28] "GET /static/css/settings_layout/goal_planning/index.css HTTP/1.1" 200 934
[28/Sep/2026 07:34:28] "GET /static/css/theme/tokens.css HTTP/1.1" 200 2704
[28/Sep/2026 07:34:28] "GET /static/css/theme/light_overrides_3.css HTTP/1.1" 200 2680
[28/Sep/2026 07:34:28] "GET /static/css/settings_layout/misc_ui.css HTTP/1.1" 200 3514
[28/Sep/2026 07:34:28] "GET /static/css/theme/light_overrides_2.css HTTP/1.1" 200 3121
[28/Sep/2026 07:34:28] "GET /static/css/theme/light_overrides_1.css HTTP/1.1" 200 3354
[28/Sep/2026 07:34:28] "GET /static/css/theme/dark_overrides.css HTTP/1.1" 200 386
[28/Sep/2026 07:34:28] "GET /static/css/layout_financial_advisor/executive_sections_2.css HTTP/1.1" 200 1965
[28/Sep/2026 07:34:28] "GET /static/css/layout_financial_advisor/executive_sections_3.css HTTP/1.1" 200 1952
[28/Sep/2026 07:34:28] "GET /static/css/layout_financial_advisor/executive_sections_1.css HTTP/1.1" 200 2229
[28/Sep/2026 07:34:28] "GET /static/css/cards/kpi_panels.css HTTP/1.1" 200 1887
[28/Sep/2026 07:34:28] "GET /static/css/cards/currency_cards.css HTTP/1.1" 200 4079
[28/Sep/2026 07:34:28] "GET /static/css/components/modals/base.css HTTP/1.1" 200 1960
[28/Sep/2026 07:34:28] "GET /static/css/cards/cash_position.css HTTP/1.1" 200 1824
[28/Sep/2026 07:34:28] "GET /static/css/layout_financial_advisor/amounts_and_pills.css HTTP/1.1" 200 751
[28/Sep/2026 07:34:28] "GET /static/css/components/modals/goal_editor.css HTTP/1.1" 200 2807
[28/Sep/2026 07:34:28] "GET /static/css/components/modals/inputs_and_asset_modal.css HTTP/1.1" 200 527
[28/Sep/2026 07:34:28] "GET /static/css/financial_advisor/kpi_and_summaries/index.css HTTP/1.1" 200 871
[28/Sep/2026 07:34:28] "GET /static/css/fixed_assets/base_layout.css HTTP/1.1" 200 3122
[28/Sep/2026 07:34:28] "GET /static/css/financial_advisor/overview_dashboard/index.css HTTP/1.1" 200 826
[28/Sep/2026 07:34:28] "GET /static/css/fixed_assets/summary_strip.css HTTP/1.1" 200 2048
[28/Sep/2026 07:34:28] "GET /static/css/fixed_assets/collapsible_cards.css HTTP/1.1" 200 2161
[28/Sep/2026 07:34:28] "GET /static/css/date_picker/popup_header.css HTTP/1.1" 200 2607
[28/Sep/2026 07:34:28] "GET /static/css/financial_advisor/scenario_and_theme.css HTTP/1.1" 200 1091
[28/Sep/2026 07:34:28] "GET /static/css/date_picker/theme_responsive.css HTTP/1.1" 200 2404
[28/Sep/2026 07:34:28] "GET /static/css/date_picker/month_day_grid.css HTTP/1.1" 200 3456
[28/Sep/2026 07:34:28] "GET /static/css/date_picker/wrapper_trigger.css HTTP/1.1" 200 2862
[28/Sep/2026 07:34:28] "GET /static/css/date_picker/footer_buttons.css HTTP/1.1" 200 1816
[28/Sep/2026 07:34:28] "GET /static/css/responsive/settings_tabs.css HTTP/1.1" 200 2978
[28/Sep/2026 07:34:28] "GET /static/css/responsive/components.css HTTP/1.1" 200 2105
[28/Sep/2026 07:34:28] "GET /static/css/responsive/sidebar_mobile.css HTTP/1.1" 200 2218
[28/Sep/2026 07:34:28] "GET /static/css/responsive/sidebar_desktop.css HTTP/1.1" 200 1472
[28/Sep/2026 07:34:28] "GET /static/css/responsive/filters_expense.css HTTP/1.1" 200 854
[28/Sep/2026 07:34:28] "GET /static/css/ai/left_panel/shell_and_new_chat.css HTTP/1.1" 200 1394
[28/Sep/2026 07:34:28] "GET /static/css/responsive/grid_forms.css HTTP/1.1" 200 1762
[28/Sep/2026 07:34:28] "GET /static/css/ai/left_panel/conversation_list.css HTTP/1.1" 200 2179
[28/Sep/2026 07:34:28] "GET /static/css/ai/left_panel/future_cards.css HTTP/1.1" 200 1202
[28/Sep/2026 07:34:28] "GET /static/css/settings_layout/goal_planning/progress_and_chart.css HTTP/1.1" 200 1958
[28/Sep/2026 07:34:28] "GET /static/css/settings_layout/goal_planning/hero_and_toolbar.css HTTP/1.1" 200 989
[28/Sep/2026 07:34:28] "GET /static/css/ai/mobile_fixes/header_and_input_breakpoints.css HTTP/1.1" 200 1998
[28/Sep/2026 07:34:28] "GET /static/css/settings_layout/goal_planning/milestones_and_status.css HTTP/1.1" 200 1679
[28/Sep/2026 07:34:28] "GET /static/css/financial_advisor/kpi_and_summaries/kpi_cards_and_summary_stats.css HTTP/1.1" 200 2247
[28/Sep/2026 07:34:28] "GET /static/css/ai/mobile_fixes/context_panel_mobile.css HTTP/1.1" 200 1794
[28/Sep/2026 07:34:28] "GET /static/js/app/theme.js?v=1784452207 HTTP/1.1" 200 1857
[28/Sep/2026 07:34:28] "GET /static/css/financial_advisor/kpi_and_summaries/opportunities_and_theming.css HTTP/1.1" 200 2031
[28/Sep/2026 07:34:28] "GET /static/css/financial_advisor/overview_dashboard/card_and_score.css HTTP/1.1" 200 2115
[28/Sep/2026 07:34:28] "GET /static/css/financial_advisor/overview_dashboard/ai_summary_and_alerts.css HTTP/1.1" 200 2513
[28/Sep/2026 07:34:28] "GET /static/js/app/permissions.js?v=1784452207 HTTP/1.1" 200 834
[28/Sep/2026 07:34:28] "GET /static/js/app/loading.js?v=1784452207 HTTP/1.1" 200 1016
[28/Sep/2026 07:34:28] "GET /static/js/app/toast.js?v=1784452207 HTTP/1.1" 200 1251
[28/Sep/2026 07:34:28] "GET /static/js/app/modals.js?v=1784452207 HTTP/1.1" 200 2050
[28/Sep/2026 07:34:28] "GET /static/js/app/navigation.js?v=1784452207 HTTP/1.1" 200 2287
[28/Sep/2026 07:34:28] "GET /static/js/app/center_alert.js?v=1784452207 HTTP/1.1" 200 2152
[28/Sep/2026 07:34:28] "GET /static/js/app/authentication.js?v=1784452207 HTTP/1.1" 200 6841
[28/Sep/2026 07:34:28] "GET /static/js/app/routing.js?v=1784452207 HTTP/1.1" 200 3799
[28/Sep/2026 07:34:28] "GET /static/js/app/topbar.js?v=1784452207 HTTP/1.1" 200 4901
[28/Sep/2026 07:34:28] "GET /static/js/app/route_dispatch.js?v=1784452207 HTTP/1.1" 200 3945
[28/Sep/2026 07:34:28] "GET /static/js/app/sidebar/nav_primary.js?v=1784452207 HTTP/1.1" 200 2000
[28/Sep/2026 07:34:28] "GET /static/js/app/sidebar/nav_modules.js?v=1784452207 HTTP/1.1" 200 2150
[28/Sep/2026 07:34:28] "GET /static/js/app/sidebar/nav_expenses_reports.js?v=1784452207 HTTP/1.1" 200 2559
[28/Sep/2026 07:34:28] "GET /static/js/app/sidebar/modes.js?v=1784452207 HTTP/1.1" 200 2579
[28/Sep/2026 07:34:28] "GET /static/js/app/sidebar/footer.js?v=1784452207 HTTP/1.1" 200 2941
[28/Sep/2026 07:34:28] "GET /static/js/app/index.js?v=1784452207 HTTP/1.1" 200 4994
[28/Sep/2026 07:34:28] "GET /static/js/app/sidebar/nav_settings.js?v=1784452207 HTTP/1.1" 200 673
[28/Sep/2026 07:34:28] "GET /static/js/app/sidebar/render.js?v=1784452207 HTTP/1.1" 200 2138
[28/Sep/2026 07:34:28] "GET /static/js/financial_advisor/utils.js?v=1790000001 HTTP/1.1" 200 7270
[28/Sep/2026 07:34:28] "GET /static/js/financial_advisor/cash_flow_forecast/cash_flow.js?v=1790000001 HTTP/1.1" 200 5317
[28/Sep/2026 07:34:28] "GET /static/js/financial_advisor/cash_flow_forecast/states.js?v=1790000001 HTTP/1.1" 200 2150
[28/Sep/2026 07:34:28] "GET /static/js/financial_advisor/cash_flow_forecast/timeline.js?v=1790000001 HTTP/1.1" 200 5709
[28/Sep/2026 07:34:28] "GET /static/js/financial_advisor/cash_flow_forecast/cash_flow_custom_projection.js?v=1790000001 HTTP/1.1" 200 9926
[28/Sep/2026 07:34:28] "GET /static/js/financial_advisor/wealth_growth_forecast/charts.js?v=1790000001 HTTP/1.1" 200 4102
[28/Sep/2026 07:34:28] "GET /static/js/financial_advisor/portfolio_optimizer/charts.js?v=1790000001 HTTP/1.1" 200 2174
[28/Sep/2026 07:34:28] "GET /static/js/financial_advisor/wealth_growth_forecast/wealth_growth.js?v=1790000001 HTTP/1.1" 200 6793
[28/Sep/2026 07:34:28] "GET /static/js/financial_advisor/portfolio_optimizer/fragments.js?v=1790000001 HTTP/1.1" 200 3512
[28/Sep/2026 07:34:28] "GET /static/js/financial_advisor/wealth_growth_forecast/fragments.js?v=1790000001 HTTP/1.1" 200 5055
[28/Sep/2026 07:34:28] "GET /static/js/financial_advisor/goal_planning/charts.js?v=1790000001 HTTP/1.1" 200 2148
[28/Sep/2026 07:34:28] "GET /static/js/financial_advisor/portfolio_optimizer/portfolio_optimizer.js?v=1790000001 HTTP/1.1" 200 10139
[28/Sep/2026 07:34:28] "GET /static/js/financial_advisor/goal_planning/ui_sections.js?v=1790000001 HTTP/1.1" 200 4870
[28/Sep/2026 07:34:28] "GET /static/js/financial_advisor/goal_planning/modal.js?v=1790000001 HTTP/1.1" 200 4207
[28/Sep/2026 07:34:28] "GET /static/js/financial_advisor/goal_planning/goal_planning_cards.js?v=1790000001 HTTP/1.1" 200 5762
[28/Sep/2026 07:34:28] "GET /static/js/financial_advisor/goal_planning/ui.js?v=1790000001 HTTP/1.1" 200 6501
[28/Sep/2026 07:34:28] "GET /static/js/financial_advisor/goal_planning/goal_planning_modal.js?v=1790000001 HTTP/1.1" 200 3720
[28/Sep/2026 07:34:28] "GET /static/js/financial_advisor/goal_planning/goal_planning_main.js?v=1790000001 HTTP/1.1" 200 4718
[28/Sep/2026 07:34:28] "GET /static/js/financial_advisor/goal_planning/goal_planning_modal_events.js?v=1790000001 HTTP/1.1" 200 4704
[28/Sep/2026 07:34:28] "GET /static/js/financial_advisor/overview/overview_charts.js?v=1790000001 HTTP/1.1" 200 3462
[28/Sep/2026 07:34:28] "GET /static/js/financial_advisor/overview/overview_cards_kpi.js?v=1790000001 HTTP/1.1" 200 5535
[28/Sep/2026 07:34:28] "GET /static/js/financial_advisor/overview/overview_cards_row3.js?v=1790000001 HTTP/1.1" 200 6379
[28/Sep/2026 07:34:28] "GET /static/js/financial_advisor/overview/overview_cards_row4.js?v=1790000001 HTTP/1.1" 200 7216
[28/Sep/2026 07:34:28] "GET /static/js/financial_advisor/overview/overview_cards_summary.js?v=1790000001 HTTP/1.1" 200 1386
[28/Sep/2026 07:34:28] "GET /static/js/financial_advisor/overview/overview_render_helpers.js?v=1790000001 HTTP/1.1" 200 3501
[28/Sep/2026 07:34:28] "GET /static/js/financial_advisor/overview/overview_render_lists.js?v=1790000001 HTTP/1.1" 200 6292
[28/Sep/2026 07:34:28] "GET /static/js/financial_advisor/overview/overview_render_row1.js?v=1790000001 HTTP/1.1" 200 11166
[28/Sep/2026 07:34:28] "GET /static/js/financial_advisor/overview/overview_render_main.js?v=1790000001 HTTP/1.1" 200 6180
[28/Sep/2026 07:34:28] "GET /static/js/financial_advisor/risk_analysis/state.js?v=1790000001 HTTP/1.1" 200 812
[28/Sep/2026 07:34:28] "GET /static/js/financial_advisor/overview/overview.js?v=1790000001 HTTP/1.1" 200 1027
[28/Sep/2026 07:34:28] "GET /static/js/financial_advisor/risk_analysis/render_loading_error.js?v=1790000001 HTTP/1.1" 200 956
[28/Sep/2026 07:34:28] "GET /static/js/financial_advisor/risk_analysis/render_main.js?v=1790000001 HTTP/1.1" 200 2092
[28/Sep/2026 07:34:28] "GET /static/js/financial_advisor/risk_analysis/render_template.js?v=1790000001 HTTP/1.1" 200 7627
[28/Sep/2026 07:34:28] "GET /static/js/financial_advisor/risk_analysis/fragments.js?v=1790000001 HTTP/1.1" 200 9570
[28/Sep/2026 07:34:28] "GET /static/js/financial_advisor/risk_analysis/radar_chart.js?v=1790000001 HTTP/1.1" 200 2962
[28/Sep/2026 07:34:28] "GET /static/js/financial_advisor/risk_analysis/income_chart.js?v=1790000001 HTTP/1.1" 200 2069
[28/Sep/2026 07:34:28] "GET /static/js/financial_advisor/risk_analysis/loader.js?v=1790000001 HTTP/1.1" 200 859
[28/Sep/2026 07:34:28] "GET /static/js/financial_advisor/spending_intelligence/render_loading_error.js?v=1790000001 HTTP/1.1" 200 1130
[28/Sep/2026 07:34:28] "GET /static/js/financial_advisor/spending_intelligence/spending_intelligence_render.js?v=1790000001 HTTP/1.1" 200 8468
[28/Sep/2026 07:34:28] "GET /static/js/financial_advisor/spending_intelligence/render_template.js?v=1790000001 HTTP/1.1" 200 1094
[28/Sep/2026 07:34:28] "GET /static/js/financial_advisor/spending_intelligence/build_category_donut.js?v=1790000001 HTTP/1.1" 200 6181
[28/Sep/2026 07:34:28] "GET /static/js/financial_advisor/spending_intelligence/build_findings_insights_trend.js?v=1790000001 HTTP/1.1" 200 6479
[28/Sep/2026 07:34:28] "GET /static/js/financial_advisor/spending_intelligence/fragments.js?v=1790000001 HTTP/1.1" 200 6995
[28/Sep/2026 07:34:28] "GET /static/js/financial_advisor/spending_intelligence/loader.js?v=1790000001 HTTP/1.1" 200 909
[28/Sep/2026 07:34:28] "GET /static/js/financial_advisor/opportunity_detection/opportunity_detection_render.js?v=1790000001 HTTP/1.1" 200 5667
[28/Sep/2026 07:34:28] "GET /static/js/financial_advisor/spending_intelligence/render_main.js?v=1790000001 HTTP/1.1" 200 4859
[28/Sep/2026 07:34:28] "GET /static/js/financial_advisor/opportunity_detection/opportunity_detection_helpers.js?v=1790000001 HTTP/1.1" 200 2482
[28/Sep/2026 07:34:28] "GET /static/js/financial_advisor/performance/performance_charts.js?v=1790000001 HTTP/1.1" 200 4430
[28/Sep/2026 07:34:29] "GET /static/js/financial_advisor/performance/performance_format.js?v=1790000001 HTTP/1.1" 200 2203
[28/Sep/2026 07:34:29] "GET /static/js/financial_advisor/opportunity_detection/opportunity_detection_card.js?v=1790000001 HTTP/1.1" 200 5382
[28/Sep/2026 07:34:29] "GET /static/js/financial_advisor/performance/performance_sections_gold.js?v=1790000001 HTTP/1.1" 200 10609
[28/Sep/2026 07:34:29] "GET /static/js/financial_advisor/performance/performance_state.js?v=1790000001 HTTP/1.1" 200 1550
[28/Sep/2026 07:34:29] "GET /static/js/financial_advisor/what_if_simulator/what_if_chart/helpers.js?v=1790000001 HTTP/1.1" 200 1777
[28/Sep/2026 07:34:29] "GET /static/js/financial_advisor/performance/performance_sections_currency.js?v=1790000001 HTTP/1.1" 200 9267
[28/Sep/2026 07:34:29] "GET /static/js/financial_advisor/performance/performance_view.js?v=1790000001 HTTP/1.1" 200 3680
[28/Sep/2026 07:34:29] "GET /static/js/financial_advisor/what_if_simulator/what_if_chart/comparison.js?v=1790000001 HTTP/1.1" 200 4436
[28/Sep/2026 07:34:29] "GET /static/js/financial_advisor/what_if_simulator/what_if_chart/render.js?v=1790000001 HTTP/1.1" 200 4759
[28/Sep/2026 07:34:29] "GET /static/js/financial_advisor/performance/performance_events.js?v=1790000001 HTTP/1.1" 200 3223
[28/Sep/2026 07:34:29] "GET /static/js/financial_advisor/what_if_simulator/what_if_state.js?v=1790000001 HTTP/1.1" 200 3816
[28/Sep/2026 07:34:29] "GET /static/js/financial_advisor/what_if_simulator/what_if_events.js?v=1790000001 HTTP/1.1" 200 5392
[28/Sep/2026 07:34:29] "GET /static/js/financial_advisor/what_if_simulator/what_if_recalc.js?v=1790000001 HTTP/1.1" 200 2489
[28/Sep/2026 07:34:29] "GET /static/js/financial_advisor/what_if_simulator/what_if_view.js?v=1790000001 HTTP/1.1" 200 8567
[28/Sep/2026 07:34:29] "GET /static/js/financial_advisor/scenario_planner/state.js?v=1790000001 HTTP/1.1" 200 2394
[28/Sep/2026 07:34:29] "GET /static/js/financial_advisor/scenario_planner/api.js?v=1790000001 HTTP/1.1" 200 3564
[28/Sep/2026 07:34:29] "GET /static/js/financial_advisor/scenario_planner/scenario_planner_chart.js?v=1790000001 HTTP/1.1" 200 5709
[28/Sep/2026 07:34:29] "GET /static/js/financial_advisor/scenario_planner/render_builder.js?v=1790000001 HTTP/1.1" 200 7610
[28/Sep/2026 07:34:29] "GET /static/js/financial_advisor/scenario_planner/render_view.js?v=1790000001 HTTP/1.1" 200 5063
[28/Sep/2026 07:34:29] "GET /static/js/financial_advisor/scenario_planner/render_timeline_rail.js?v=1790000001 HTTP/1.1" 200 6363
[28/Sep/2026 07:34:29] "GET /static/js/financial_advisor/scenario_planner/render_dashboard.js?v=1790000001 HTTP/1.1" 200 6124
[28/Sep/2026 07:34:29] "GET /static/js/financial_advisor/scenario_planner/render_compare_insights.js?v=1790000001 HTTP/1.1" 200 6734
[28/Sep/2026 07:34:29] "GET /static/js/financial_advisor/scenario_planner/modal_actions.js?v=1790000001 HTTP/1.1" 200 6641
[28/Sep/2026 07:34:29] "GET /static/js/ai/ai_core.js?v=1784452207 HTTP/1.1" 200 2420
[28/Sep/2026 07:34:29] "GET /static/js/financial_advisor/scenario_planner/events.js?v=1790000001 HTTP/1.1" 200 4481
[28/Sep/2026 07:34:29] "GET /static/js/ai/ai_markdown.js?v=1784452207 HTTP/1.1" 200 4681
[28/Sep/2026 07:34:29] "GET /static/js/ai/ai_status.js?v=1784452207 HTTP/1.1" 200 2154
[28/Sep/2026 07:34:29] "GET /static/js/ai/ai_messages.js?v=1784452207 HTTP/1.1" 200 6835
[28/Sep/2026 07:34:29] "GET /static/js/ai/ai_progress.js?v=1784452207 HTTP/1.1" 200 5312
[28/Sep/2026 07:34:29] "GET /static/js/ai/ai_conversations.js?v=1784452207 HTTP/1.1" 200 4023
[28/Sep/2026 07:34:29] "GET /static/js/ai/ai_context_panel_helpers.js?v=1784452207 HTTP/1.1" 200 2711
[28/Sep/2026 07:34:29] "GET /static/js/ai/ai_chat_submit.js?v=1784452207 HTTP/1.1" 200 3379
[28/Sep/2026 07:34:29] "GET /static/js/ai/ai_context_panel.js?v=1784452207 HTTP/1.1" 200 8048
[28/Sep/2026 07:34:29] "GET /static/js/ai/ai_conversations_actions.js?v=1784452207 HTTP/1.1" 200 4166
[28/Sep/2026 07:34:29] "GET /static/js/ai/ai_shell.js?v=1784452207 HTTP/1.1" 200 8512
[28/Sep/2026 07:34:29] "GET /static/js/ai/prompt_library/pl_state.js?v=1784452207 HTTP/1.1" 200 4279
[28/Sep/2026 07:34:29] "GET /static/js/ai/prompt_library/pl_render_modal_shell.js?v=1784452207 HTTP/1.1" 200 1751
[28/Sep/2026 07:34:29] "GET /static/js/ai/prompt_library/pl_render_toolbar.js?v=1784452207 HTTP/1.1" 200 5819
[28/Sep/2026 07:34:29] "GET /static/js/ai/prompt_library/pl_actions_optimistic.js?v=1784452207 HTTP/1.1" 200 3171
[28/Sep/2026 07:34:29] "GET /static/js/ai/prompt_library/pl_render_list.js?v=1784452207 HTTP/1.1" 200 3172
[28/Sep/2026 07:34:29] "GET /static/js/ai/prompt_library/pl_render_detail.js?v=1784452207 HTTP/1.1" 200 8364
[28/Sep/2026 07:34:29] "GET /static/js/ai/prompt_library/pl_events.js?v=1784452207 HTTP/1.1" 200 3752
[28/Sep/2026 07:34:29] "GET /static/js/ai/prompt_library/pl_actions.js?v=1784452207 HTTP/1.1" 200 3462
[28/Sep/2026 07:34:29] "GET /static/js/ai/knowledge_base/kb_state.js?v=1784452207 HTTP/1.1" 200 4279
[28/Sep/2026 07:34:29] "GET /static/js/ai/knowledge_base/kb_events.js?v=1784452207 HTTP/1.1" 200 1096
[28/Sep/2026 07:34:29] "GET /static/js/ai/dataset_manager/dm_state.js?v=1784452208 HTTP/1.1" 200 1845
[28/Sep/2026 07:34:29] "GET /static/js/ai/dataset_manager/dm_render.js?v=1784452208 HTTP/1.1" 200 4499
[28/Sep/2026 07:34:29] "GET /static/js/ai/dataset_manager/dm_events.js?v=1784452208 HTTP/1.1" 200 440
[28/Sep/2026 07:34:29] "GET /static/js/ai/knowledge_base/kb_render.js?v=1784452207 HTTP/1.1" 200 7356
[28/Sep/2026 07:34:29] "GET /static/js/ai/model_management/mm_state.js?v=1784452208 HTTP/1.1" 200 3173
[28/Sep/2026 07:34:29] "GET /static/js/ai/model_management/mm_render.js?v=1784452208 HTTP/1.1" 200 5483
[28/Sep/2026 07:34:29] "GET /static/js/ai/model_management/mm_events.js?v=1784452208 HTTP/1.1" 200 517
[28/Sep/2026 07:34:29] "GET /static/js/ai/benchmark_results/br_state.js?v=1784452208 HTTP/1.1" 200 1803
[28/Sep/2026 07:34:29] "GET /static/js/ai/benchmark_results/br_events.js?v=1784452208 HTTP/1.1" 200 436
[28/Sep/2026 07:34:29] "GET /static/js/ai/pinned_chats/pc_state.js?v=1784452209 HTTP/1.1" 200 1834
[28/Sep/2026 07:34:29] "GET /static/js/ai/pinned_chats/pc_render.js?v=1784452209 HTTP/1.1" 200 2879
[28/Sep/2026 07:34:29] "GET /static/js/ai/benchmark_results/br_render.js?v=1784452208 HTTP/1.1" 200 4790
[28/Sep/2026 07:34:29] "GET /static/js/ai/pinned_chats/pc_events.js?v=1784452209 HTTP/1.1" 200 1001
[28/Sep/2026 07:34:29] "GET /static/js/ai/knowledge_search/ks_state_core.js?v=1787225686 HTTP/1.1" 200 2436
[28/Sep/2026 07:34:29] "GET /static/js/ai/knowledge_search/ks_state_edit.js?v=1787225686 HTTP/1.1" 200 2815
[28/Sep/2026 07:34:29] "GET /static/js/ai/knowledge_search/ks_state_actions.js?v=1787225686 HTTP/1.1" 200 1188
[28/Sep/2026 07:34:29] "GET /static/js/ai/knowledge_search/ks_render.js?v=1787225686 HTTP/1.1" 200 6866
[28/Sep/2026 07:34:29] "GET /static/js/financial_advisor/calculations.js?v=1784452207 HTTP/1.1" 200 178
[28/Sep/2026 07:34:29] "GET /static/js/ai/knowledge_search/ks_events.js?v=1787225686 HTTP/1.1" 200 793
[28/Sep/2026 07:34:29] "GET /static/js/financial_advisor/api.js?v=1784452207 HTTP/1.1" 200 186
[28/Sep/2026 07:34:29] "GET /static/js/financial_advisor/tab_panes.js?v=1784452207 HTTP/1.1" 200 3501
[28/Sep/2026 07:34:29] "GET /static/js/financial_advisor/index.js?v=1784452207 HTTP/1.1" 200 2427
[28/Sep/2026 07:34:29] "GET /static/js/financial_advisor/render.js?v=1784452207 HTTP/1.1" 200 6071
[28/Sep/2026 07:34:29] "GET /static/js/documents/doc_upload.js?v=1784452207 HTTP/1.1" 200 1489
[28/Sep/2026 07:34:29] "GET /static/js/documents/doc_state.js?v=1784452207 HTTP/1.1" 200 4489
[28/Sep/2026 07:34:29] "GET /static/js/documents/doc_view.js?v=1784452207 HTTP/1.1" 200 656
[28/Sep/2026 07:34:29] "GET /static/js/documents/doc_list.js?v=1784452207 HTTP/1.1" 200 6786
[28/Sep/2026 07:34:29] "GET /static/js/documents/doc_replace.js?v=1784452207 HTTP/1.1" 200 1187
[28/Sep/2026 07:34:29] "GET /static/js/documents/doc_remove.js?v=1784452207 HTTP/1.1" 200 839
[28/Sep/2026 07:34:29] "GET /static/js/salary/utils.js?v=1784452207 HTTP/1.1" 200 350
[28/Sep/2026 07:34:29] "GET /static/js/companies/render.js?v=1784452207 HTTP/1.1" 200 2821
[28/Sep/2026 07:34:29] "GET /static/js/salary/api.js?v=1784452207 HTTP/1.1" 200 1699
[28/Sep/2026 07:34:29] "GET /static/js/companies/modal.js?v=1784452207 HTTP/1.1" 200 7527
[28/Sep/2026 07:34:29] "GET /static/js/companies/actions.js?v=1784452207 HTTP/1.1" 200 2652
[28/Sep/2026 07:34:29] "GET /static/js/salary/modal.js?v=1784452207 HTTP/1.1" 200 3137
[28/Sep/2026 07:34:29] "GET /static/js/salary/table.js?v=1784452207 HTTP/1.1" 200 4217
[28/Sep/2026 07:34:29] "GET /static/js/salary/dashboard_render.js?v=1784452207 HTTP/1.1" 200 6905
[28/Sep/2026 07:34:29] "GET /static/js/salary/payroll.js?v=1784452207 HTTP/1.1" 200 2056
[28/Sep/2026 07:34:29] "GET /static/js/salary/perdiem/form.js?v=1784452207 HTTP/1.1" 200 7429
[28/Sep/2026 07:34:29] "GET /static/js/salary/perdiem/list.js?v=1784452207 HTTP/1.1" 200 5589
[28/Sep/2026 07:34:29] "GET /static/js/salary/index.js?v=1784452207 HTTP/1.1" 200 763
[28/Sep/2026 07:34:29] "GET /static/js/salary/employment_page.js?v=1784452207 HTTP/1.1" 200 6820
[28/Sep/2026 07:34:29] "GET /static/js/salary/year_pills.js?v=1784452207 HTTP/1.1" 200 890
[28/Sep/2026 07:34:29] "GET /static/js/salary/dashboard_enhancements.js?v=1784452207 HTTP/1.1" 200 4977
[28/Sep/2026 07:34:29] "GET /static/js/balance/utils.js?v=1784452207 HTTP/1.1" 200 1761
[28/Sep/2026 07:34:29] "GET /static/js/balance/charts.js?v=1784452207 HTTP/1.1" 200 14
[28/Sep/2026 07:34:29] "GET /static/js/balance/api.js?v=1784452207 HTTP/1.1" 200 1892
[28/Sep/2026 07:34:29] "GET /static/js/balance/calculations.js?v=1784452207 HTTP/1.1" 200 1133
[28/Sep/2026 07:34:29] "GET /static/js/balance/dashboard.js?v=1784452207 HTTP/1.1" 200 14
[28/Sep/2026 07:34:29] "GET /static/js/balance/analytics.js?v=1784452207 HTTP/1.1" 200 14
[28/Sep/2026 07:34:29] "GET /static/js/balance/modal.js?v=1784452207 HTTP/1.1" 200 6441
[28/Sep/2026 07:34:29] "GET /static/js/balance/allocation.js?v=1784452207 HTTP/1.1" 200 1383
[28/Sep/2026 07:34:29] "GET /static/js/balance/overview.js?v=1784452207 HTTP/1.1" 200 9249
[28/Sep/2026 07:34:29] "GET /static/js/balance/accounts.js?v=1784452207 HTTP/1.1" 200 3204
[28/Sep/2026 07:34:29] "GET /static/js/balance/forecasts.js?v=1784452207 HTTP/1.1" 200 6681
[28/Sep/2026 07:34:29] "GET /static/js/balance/recommendations.js?v=1784452207 HTTP/1.1" 200 13329
[28/Sep/2026 07:34:29] "GET /static/js/balance/transfers/form/modal.js?v=1784452207 HTTP/1.1" 200 6842
[28/Sep/2026 07:34:29] "GET /static/js/balance/transfers/render.js?v=1784452207 HTTP/1.1" 200 4919
[28/Sep/2026 07:34:29] "GET /static/js/balance/currency_exchange/render_main.js?v=1784452207 HTTP/1.1" 200 6725
[28/Sep/2026 07:34:29] "GET /static/js/balance/transfers/form/persist.js?v=1784452207 HTTP/1.1" 200 2437
[28/Sep/2026 07:34:29] "GET /static/js/balance/currency_exchange/state_and_title.js?v=1784452207 HTTP/1.1" 200 1887
[28/Sep/2026 07:34:29] "GET /static/js/balance/currency_exchange/exchange_modal.js?v=1784452207 HTTP/1.1" 200 7021
[28/Sep/2026 07:34:29] "GET /static/js/balance/currency_exchange/backend_calc_save_delete.js?v=1784452207 HTTP/1.1" 200 4211
[28/Sep/2026 07:34:29] "GET /static/js/balance/currency_exchange/filters_table.js?v=1784452207 HTTP/1.1" 200 4262
[28/Sep/2026 07:34:29] "GET /static/js/balance/bank_interest/render.js?v=1784452207 HTTP/1.1" 200 3582
[28/Sep/2026 07:34:29] "GET /static/js/balance/bank_interest/modal.js?v=1784452207 HTTP/1.1" 200 4423
[28/Sep/2026 07:34:29] "GET /static/js/balance/bank_interest/api.js?v=1784452207 HTTP/1.1" 200 2215
[28/Sep/2026 07:34:29] "GET /static/js/balance/credit_card_payment/render.js?v=1784452207 HTTP/1.1" 200 3837
[28/Sep/2026 07:34:29] "GET /static/js/balance/credit_card_payment/api.js?v=1784452207 HTTP/1.1" 200 2373
[28/Sep/2026 07:34:29] "GET /static/js/balance/credit_card_payment/modal.js?v=1784452207 HTTP/1.1" 200 4598
[28/Sep/2026 07:34:29] "GET /static/js/balance/card_renewal_fee/render.js?v=1784452207 HTTP/1.1" 200 3445
[28/Sep/2026 07:34:29] "GET /static/js/balance/card_renewal_fee/modal.js?v=1784452207 HTTP/1.1" 200 3934
[28/Sep/2026 07:34:29] "GET /static/js/balance/card_renewal_fee/api.js?v=1784452207 HTTP/1.1" 200 2268
[28/Sep/2026 07:34:29] "GET /static/js/balance/index_derive.js?v=1784452207 HTTP/1.1" 200 3221
[28/Sep/2026 07:34:29] "GET /static/js/balance/index_trend_health.js?v=1784452207 HTTP/1.1" 200 5408
[28/Sep/2026 07:34:29] "GET /static/js/balance/index_fetch.js?v=1784452207 HTTP/1.1" 200 1978
[28/Sep/2026 07:34:29] "GET /static/js/balance/index_recommendations.js?v=1784452207 HTTP/1.1" 200 2284
[28/Sep/2026 07:34:29] "GET /static/js/balance/index_labels.js?v=1784452207 HTTP/1.1" 200 2173
[28/Sep/2026 07:34:29] "GET /static/js/balance/index_events.js?v=1784452207 HTTP/1.1" 200 1852
[28/Sep/2026 07:34:29] "GET /static/js/balance/index.js?v=1784452207 HTTP/1.1" 200 4671
[28/Sep/2026 07:34:29] "GET /static/js/fixed_assets/gold/units.js?v=1784452207 HTTP/1.1" 200 955
[28/Sep/2026 07:34:29] "GET /static/js/balance/index_shell.js?v=1784452207 HTTP/1.1" 200 4206
[28/Sep/2026 07:34:29] "GET /static/js/fixed_assets/gold/dashboard.js?v=1784452207 HTTP/1.1" 200 2580
[28/Sep/2026 07:34:29] "GET /static/js/fixed_assets/utils.js?v=1784452207 HTTP/1.1" 200 1532
[28/Sep/2026 07:34:29] "GET /static/js/fixed_assets/gold/settings.js?v=1784452207 HTTP/1.1" 200 4309
[28/Sep/2026 07:34:29] "GET /static/js/fixed_assets/api.js?v=1784452207 HTTP/1.1" 200 1728
[28/Sep/2026 07:34:29] "GET /static/js/fixed_assets/tabs.js?v=1784452207 HTTP/1.1" 200 5599
[28/Sep/2026 07:34:29] "GET /static/js/fixed_assets/list/render.js?v=1784452207 HTTP/1.1" 200 6189
[28/Sep/2026 07:34:29] "GET /static/js/fixed_assets/charts/draw.js?v=1784452207 HTTP/1.1" 200 5180
[28/Sep/2026 07:34:29] "GET /static/js/fixed_assets/charts/metrics.js?v=1784452207 HTTP/1.1" 200 4738
[28/Sep/2026 07:34:29] "GET /static/js/fixed_assets/list/gold_groups.js?v=1784452207 HTTP/1.1" 200 3459
[28/Sep/2026 07:34:29] "GET /static/js/fixed_assets/dashboard.js?v=1784452207 HTTP/1.1" 200 3448
[28/Sep/2026 07:34:29] "GET /static/js/fixed_assets/reports.js?v=1784452207 HTTP/1.1" 200 6565
[28/Sep/2026 07:34:29] "GET /static/js/fixed_assets/analytics_charts.js?v=1784452207 HTTP/1.1" 200 1869
[28/Sep/2026 07:34:29] "GET /static/js/fixed_assets/analytics_render.js?v=1784452207 HTTP/1.1" 200 5497
[28/Sep/2026 07:34:29] "GET /static/js/fixed_assets/modal.js?v=1784452207 HTTP/1.1" 200 1200
[28/Sep/2026 07:34:29] "GET /static/js/fixed_assets/currency/options.js?v=1784452207 HTTP/1.1" 200 5030
[28/Sep/2026 07:34:29] "GET /static/js/fixed_assets/currency/rates.js?v=1784452207 HTTP/1.1" 200 7089
[28/Sep/2026 07:34:29] "GET /static/js/fixed_assets/analytics_metrics.js?v=1784452207 HTTP/1.1" 200 3814
[28/Sep/2026 07:34:29] "GET /static/js/fixed_assets/calculations.js?v=1784452207 HTTP/1.1" 200 549
[28/Sep/2026 07:34:29] "GET /static/js/fixed_assets/purchase_payments.js?v=1784452207 HTTP/1.1" 200 4623
[28/Sep/2026 07:34:29] "GET /static/js/fixed_assets/rental.js?v=1784452207 HTTP/1.1" 200 3296
[28/Sep/2026 07:34:29] "GET /static/js/fixed_assets/sale.js?v=1784452207 HTTP/1.1" 200 3684
[28/Sep/2026 07:34:29] "GET /static/js/fixed_assets/sale_tabs.js?v=1784452207 HTTP/1.1" 200 4339
[28/Sep/2026 07:34:29] "GET /static/js/fixed_assets/mortgage.js?v=1784452207 HTTP/1.1" 200 2381
[28/Sep/2026 07:34:29] "GET /static/js/fixed_assets/acquisition_costs_collect.js?v=1784452207 HTTP/1.1" 200 1499
[28/Sep/2026 07:34:29] "GET /static/js/fixed_assets/acquisition_costs.js?v=1784452207 HTTP/1.1" 200 8489
[28/Sep/2026 07:34:29] "GET /static/js/fixed_assets/renovations/summary.js?v=1784452207 HTTP/1.1" 200 1593
[28/Sep/2026 07:34:29] "GET /static/js/fixed_assets/renovations/rows.js?v=1784452207 HTTP/1.1" 200 7789
[28/Sep/2026 07:34:29] "GET /static/js/fixed_assets/valuation.js?v=1784452207 HTTP/1.1" 200 6572
[28/Sep/2026 07:34:29] "GET /static/js/fixed_assets/renovations_collect.js?v=1784452207 HTTP/1.1" 200 1595
[28/Sep/2026 07:34:29] "GET /static/js/fixed_assets/furniture_summary.js?v=1784452207 HTTP/1.1" 200 3550
[28/Sep/2026 07:34:29] "GET /static/js/fixed_assets/furniture_row.js?v=1784452207 HTTP/1.1" 200 8439
[28/Sep/2026 07:34:29] "GET /static/js/fixed_assets/vehicle.js?v=1784452207 HTTP/1.1" 200 947
[28/Sep/2026 07:34:29] "GET /static/js/fixed_assets/valuation_sync.js?v=1784452207 HTTP/1.1" 200 3815
[28/Sep/2026 07:34:29] "GET /static/js/fixed_assets/gold_details.js?v=1784452207 HTTP/1.1" 200 792
[28/Sep/2026 07:34:29] "GET /static/js/fixed_assets/other_assets.js?v=1784452207 HTTP/1.1" 200 687
[28/Sep/2026 07:34:29] "GET /static/js/fixed_assets/maintenance.js?v=1784452207 HTTP/1.1" 200 1852
[28/Sep/2026 07:34:29] "GET /static/js/fixed_assets/property.js?v=1784452207 HTTP/1.1" 200 2277
[28/Sep/2026 07:34:29] "GET /static/js/fixed_assets/insurance.js?v=1784452207 HTTP/1.1" 200 3550
[28/Sep/2026 07:34:29] "GET /static/js/fixed_assets/map/photo_gallery.js?v=1784452207 HTTP/1.1" 200 2222
[28/Sep/2026 07:34:29] "GET /static/js/fixed_assets/map/property_map.js?v=1784452207 HTTP/1.1" 200 3156
[28/Sep/2026 07:34:29] "GET /static/js/fixed_assets/map/geocoding.js?v=1784452207 HTTP/1.1" 200 3556
[28/Sep/2026 07:34:29] "GET /static/js/fixed_assets/validation/sync_helpers.js?v=1784452207 HTTP/1.1" 200 2283
[28/Sep/2026 07:34:29] "GET /static/js/fixed_assets/validation/sale_form.js?v=1784452207 HTTP/1.1" 200 3323
[28/Sep/2026 07:34:29] "GET /static/js/fixed_assets/validation/save_asset/build_payload.js?v=1784452207 HTTP/1.1" 200 6469
[28/Sep/2026 07:34:29] "GET /static/js/fixed_assets/validation/lifecycle.js?v=1784452207 HTTP/1.1" 200 1399
[28/Sep/2026 07:34:29] "GET /static/js/fixed_assets/validation/save_asset/submit.js?v=1784452207 HTTP/1.1" 200 962
[28/Sep/2026 07:34:29] "GET /static/js/fixed_assets/validation/save_asset/photos.js?v=1784452207 HTTP/1.1" 200 1141
[28/Sep/2026 07:34:29] "GET /static/js/fixed_assets/validation/save_asset.js?v=1784452207 HTTP/1.1" 200 2088
[28/Sep/2026 07:34:29] "GET /static/js/fixed_assets/details_insurance_sale_tabs.js?v=1784452207 HTTP/1.1" 200 4685
[28/Sep/2026 07:34:29] "GET /static/js/fixed_assets/validation/submit_sale_misc.js?v=1784452207 HTTP/1.1" 200 1726
[28/Sep/2026 07:34:29] "GET /static/js/fixed_assets/details_shared_tabs.js?v=1784452207 HTTP/1.1" 200 10323
[28/Sep/2026 07:34:29] "GET /static/js/fixed_assets/validation/sale_modal.js?v=1784452207 HTTP/1.1" 200 4890
[28/Sep/2026 07:34:29] "GET /static/js/fixed_assets/details_property_tab.js?v=1784452207 HTTP/1.1" 200 14918
[28/Sep/2026 07:34:29] "GET /static/js/fixed_assets/details_property_other_tabs.js?v=1784452207 HTTP/1.1" 200 10490
[28/Sep/2026 07:34:29] "GET /static/js/fixed_assets/details_modal_nav1.js?v=1784452207 HTTP/1.1" 200 4822
[28/Sep/2026 07:34:29] "GET /static/js/fixed_assets/details_modal_nav2.js?v=1784452207 HTTP/1.1" 200 5903
[28/Sep/2026 07:34:29] "GET /static/js/fixed_assets/details_asset_types.js?v=1784452207 HTTP/1.1" 200 6864
[28/Sep/2026 07:34:29] "GET /static/js/fixed_assets/details_modal_html.js?v=1784452207 HTTP/1.1" 200 2128
[28/Sep/2026 07:34:29] "GET /static/js/fixed_assets/details_modal_events.js?v=1784452207 HTTP/1.1" 200 4234
[28/Sep/2026 07:34:29] "GET /static/js/fixed_assets/details_modal.js?v=1784452207 HTTP/1.1" 200 1372
[28/Sep/2026 07:34:29] "GET /static/js/fixed_assets/asset_detail_view/non_real_estate_core_tab.js?v=1784452207 HTTP/1.1" 200 10538
[28/Sep/2026 07:34:29] "GET /static/js/fixed_assets/asset_detail_view/non_real_estate_modal.js?v=1784452207 HTTP/1.1" 200 8162
[28/Sep/2026 07:34:29] "GET /static/js/fixed_assets/asset_detail_view/tabs/furniture_pane.js?v=1784452207 HTTP/1.1" 200 4970
[28/Sep/2026 07:34:29] "GET /static/js/fixed_assets/asset_detail_view/photos_renovation_acquisition_tabs.js?v=1784452207 HTTP/1.1" 200 11011
[28/Sep/2026 07:34:29] "GET /static/js/fixed_assets/asset_detail_view/general_property_tabs.js?v=1784452207 HTTP/1.1" 200 11460
[28/Sep/2026 07:34:29] "GET /static/js/fixed_assets/asset_detail_view/tabs/valuation_pane.js?v=1784452207 HTTP/1.1" 200 2011
[28/Sep/2026 07:34:29] "GET /static/js/fixed_assets/asset_detail_view/tabs/mortgage_rental_panes.js?v=1784452207 HTTP/1.1" 200 5025
[28/Sep/2026 07:34:29] "GET /static/js/fixed_assets/asset_detail_view/tabs/sale_pane_and_footer.js?v=1784452207 HTTP/1.1" 200 3115
[28/Sep/2026 07:34:29] "GET /static/js/fixed_assets/asset_detail_view/furniture_valuation_mortgage_rental_sale_tabs.js?v=1784452207 HTTP/1.1" 200 715
[28/Sep/2026 07:34:29] "GET /static/js/fixed_assets/asset_detail_view/modal_shell.js?v=1784452207 HTTP/1.1" 200 8846
[28/Sep/2026 07:34:29] "GET /static/js/settings/utils.js?v=1784452207 HTTP/1.1" 200 964
[28/Sep/2026 07:34:29] "GET /static/js/fixed_assets/asset_detail_view/entry.js?v=1784452207 HTTP/1.1" 200 7104
[28/Sep/2026 07:34:29] "GET /static/js/settings/app_settings.js?v=1784452207 HTTP/1.1" 200 367
[28/Sep/2026 07:34:29] "GET /static/js/fixed_assets/load_asset.js?v=1784452207 HTTP/1.1" 200 9278
[28/Sep/2026 07:34:29] "GET /static/js/fixed_assets/index.js?v=1784452207 HTTP/1.1" 200 3275
[28/Sep/2026 07:34:29] "GET /static/js/settings/smtp.js?v=1784452207 HTTP/1.1" 200 3751
[28/Sep/2026 07:34:29] "GET /static/js/settings/email_templates/list.js?v=1784452207 HTTP/1.1" 200 8974
[28/Sep/2026 07:34:29] "GET /static/js/settings/cert_status_actions.js?v=1784452207 HTTP/1.1" 200 1563
[28/Sep/2026 07:34:29] "GET /static/js/settings/cert_status_settings.js?v=1784452207 HTTP/1.1" 200 10325
[28/Sep/2026 07:34:29] "GET /static/js/settings/email_templates/modal.js?v=1784452207 HTTP/1.1" 200 4131
[28/Sep/2026 07:34:29] "GET /static/js/settings/gold_purity.js?v=1784452207 HTTP/1.1" 200 4910
[28/Sep/2026 07:34:29] "GET /static/js/settings/property_valuation.js?v=1784452207 HTTP/1.1" 200 10170
[28/Sep/2026 07:34:29] "GET /static/js/settings/translations/languages/list.js?v=1784452207 HTTP/1.1" 200 2726
[28/Sep/2026 07:34:29] "GET /static/js/settings/gold_settings.js?v=1784452207 HTTP/1.1" 200 7678
[28/Sep/2026 07:34:29] "GET /static/js/settings/translations/languages/modal.js?v=1784452207 HTTP/1.1" 200 5553
[28/Sep/2026 07:34:29] "GET /static/js/settings/translations/translations_coverage.js?v=1784452207 HTTP/1.1" 200 6822
[28/Sep/2026 07:34:29] "GET /static/js/settings/property_valuation_scrape.js?v=1784452207 HTTP/1.1" 200 2561
[28/Sep/2026 07:34:29] "GET /static/js/settings/translations/translations_editor.js?v=1784452207 HTTP/1.1" 200 3634
[28/Sep/2026 07:34:29] "GET /static/js/settings/companies/render.js?v=1784452207 HTTP/1.1" 200 2710
[28/Sep/2026 07:34:29] "GET /static/js/settings/companies/actions.js?v=1784452207 HTTP/1.1" 200 3098
[28/Sep/2026 07:34:29] "GET /static/js/settings/companies/modal.js?v=1784452207 HTTP/1.1" 200 7107
[28/Sep/2026 07:34:29] "GET /static/js/settings/users/list.js?v=1784452207 HTTP/1.1" 200 9162
[28/Sep/2026 07:34:29] "GET /static/js/settings/banks.js?v=1784452207 HTTP/1.1" 200 6131
[28/Sep/2026 07:34:29] "GET /static/js/settings/users/actions.js?v=1784452207 HTTP/1.1" 200 3384
[28/Sep/2026 07:34:29] "GET /static/js/settings/currencies.js?v=1784452207 HTTP/1.1" 200 9269
[28/Sep/2026 07:34:29] "GET /static/js/settings/permissions.js?v=1784452207 HTTP/1.1" 200 6069
[28/Sep/2026 07:34:29] "GET /static/js/settings/roles/render.js?v=1784452207 HTTP/1.1" 200 5800
[28/Sep/2026 07:34:29] "GET /static/js/settings/backup_restore/render.js?v=1784452207 HTTP/1.1" 200 6043
[28/Sep/2026 07:34:29] "GET /static/js/settings/dashboard.js?v=1784452207 HTTP/1.1" 200 2067
[28/Sep/2026 07:34:29] "GET /static/js/settings/backup_restore/server_actions.js?v=1784452207 HTTP/1.1" 200 2493
[28/Sep/2026 07:34:29] "GET /static/js/settings/vendor_assets_update.js?v=1784452207 HTTP/1.1" 200 2879
[28/Sep/2026 07:34:29] "GET /static/js/settings/backup_restore/helpers.js?v=1784452207 HTTP/1.1" 200 1023
[28/Sep/2026 07:34:29] "GET /static/js/settings/backup_restore/download_upload.js?v=1784452207 HTTP/1.1" 200 1546
[28/Sep/2026 07:34:29] "GET /static/js/settings/documentation/documentation_state.js?v=1784452207 HTTP/1.1" 200 3892
[28/Sep/2026 07:34:29] "GET /static/js/settings/documentation/documentation_history.js?v=1784452207 HTTP/1.1" 200 3946
[28/Sep/2026 07:34:29] "GET /static/js/settings/documentation/documentation_layout.js?v=1784452207 HTTP/1.1" 200 12908
[28/Sep/2026 07:34:29] "GET /static/js/settings/documentation/documentation_validation.js?v=1784452207 HTTP/1.1" 200 4500
[28/Sep/2026 07:34:29] "GET /static/js/settings/documentation/documentation_actions.js?v=1784452207 HTTP/1.1" 200 3028
[28/Sep/2026 07:34:29] "GET /static/js/settings/documentation/documentation_poll.js?v=1784452207 HTTP/1.1" 200 7715
[28/Sep/2026 07:34:29] "GET /static/js/settings/ai_advisor/pipeline_controls.js?v=1784452207 HTTP/1.1" 200 1604
[28/Sep/2026 07:34:29] "GET /static/js/settings/ai_advisor/state.js?v=1784452207 HTTP/1.1" 200 537
[28/Sep/2026 07:34:29] "GET /static/js/settings/ai_advisor/render_settings.js?v=1784452207 HTTP/1.1" 200 3101
[28/Sep/2026 07:34:29] "GET /static/js/settings/ai_advisor/connection_test.js?v=1784452207 HTTP/1.1" 200 2393
[28/Sep/2026 07:34:29] "GET /static/js/settings/ai_advisor/render_settings_form.js?v=1784452207 HTTP/1.1" 200 17183
[28/Sep/2026 07:34:29] "GET /static/js/settings/ai_advisor/provider_fields.js?v=1784452207 HTTP/1.1" 200 2522
[28/Sep/2026 07:34:29] "GET /static/js/settings/billing/render.js?v=1784452207 HTTP/1.1" 200 3521
[28/Sep/2026 07:34:29] "GET /static/js/settings/ai_advisor/save_settings.js?v=1784452207 HTTP/1.1" 200 4103
[28/Sep/2026 07:34:29] "GET /static/js/settings/ai_advisor/diagnostics_model_select.js?v=1784452207 HTTP/1.1" 200 3534
[28/Sep/2026 07:34:29] "GET /static/js/settings/ai_advisor/platform_overview_actions.js?v=1784452207 HTTP/1.1" 200 6350
[28/Sep/2026 07:34:29] "GET /static/js/settings/ai_advisor/runtime_capabilities_actions.js?v=1784452207 HTTP/1.1" 200 3961
[28/Sep/2026 07:34:29] "GET /static/js/settings/billing/plan_crud.js?v=1784452207 HTTP/1.1" 200 3390
[28/Sep/2026 07:34:29] "GET /static/js/billing/trial_banner.js?v=1784452207 HTTP/1.1" 200 3989
[28/Sep/2026 07:34:29] "GET /static/js/settings/billing/price_actions.js?v=1784452207 HTTP/1.1" 200 1877
[28/Sep/2026 07:34:29] "GET /static/js/settings/billing/edit_modal.js?v=1784452207 HTTP/1.1" 200 5689
[28/Sep/2026 07:34:29] "GET /static/js/settings/billing/gateway_settings.js?v=1784452207 HTTP/1.1" 200 4322
[28/Sep/2026 07:34:29] "GET /static/js/settings/index.js?v=1784452207 HTTP/1.1" 200 2736
[28/Sep/2026 07:34:29] "GET /static/js/settings/tabs.js?v=1784452207 HTTP/1.1" 200 3622
[28/Sep/2026 07:34:29] "GET /static/js/billing/plans_page.js?v=1784452207 HTTP/1.1" 200 7129
[28/Sep/2026 07:34:29] "GET /static/js/settings/window_exports.js?v=1784452207 HTTP/1.1" 200 4339
[28/Sep/2026 07:34:29] "GET /static/js/bank_certificates/api.js?v=1784452207 HTTP/1.1" 200 3514
[28/Sep/2026 07:34:29] "GET /static/js/bank_certificates/utils.js?v=1784452207 HTTP/1.1" 200 2836
[28/Sep/2026 07:34:29] "GET /static/js/bank_certificates/interest.js?v=1784452207 HTTP/1.1" 200 1740
[28/Sep/2026 07:34:29] "GET /static/js/bank_certificates/calculations.js?v=1784452207 HTTP/1.1" 200 1710
[28/Sep/2026 07:34:29] "GET /static/js/bank_certificates/modal.js?v=1784452207 HTTP/1.1" 200 7610
[28/Sep/2026 07:34:29] "GET /static/js/exchange_rates/rates_render.js?v=1784452207 HTTP/1.1" 200 8703
[28/Sep/2026 07:34:29] "GET /static/js/bank_certificates/interest_history.js?v=1784452207 HTTP/1.1" 200 8571
[28/Sep/2026 07:34:29] "GET /static/js/exchange_rates/rates_meta.js?v=1784452207 HTTP/1.1" 200 3075
[28/Sep/2026 07:34:29] "GET /static/js/bank_certificates/list_view.js?v=1784452207 HTTP/1.1" 200 6040
[28/Sep/2026 07:34:29] "GET /static/js/exchange_rates/index.js?v=1784452207 HTTP/1.1" 200 2862
[28/Sep/2026 07:34:29] "GET /static/js/gold_price/index.js?v=1784452207 HTTP/1.1" 200 8914
[28/Sep/2026 07:34:29] "GET /static/js/expenses/utils.js?v=1784452207 HTTP/1.1" 200 1124
[28/Sep/2026 07:34:29] "GET /static/js/expenses/api.js?v=1784452207 HTTP/1.1" 200 4427
[28/Sep/2026 07:34:29] "GET /static/js/gold_price/refresh.js?v=1784452207 HTTP/1.1" 200 1871
[28/Sep/2026 07:34:29] "GET /static/js/expenses/reports.js?v=1784452207 HTTP/1.1" 200 2318
[28/Sep/2026 07:34:29] "GET /static/js/expenses/categories.js?v=1784452207 HTTP/1.1" 200 4163
[28/Sep/2026 07:34:29] "GET /static/js/expenses/modal.js?v=1784452207 HTTP/1.1" 200 7796
[28/Sep/2026 07:34:29] "GET /static/js/expenses/subcategories.js?v=1784452207 HTTP/1.1" 200 3936
[28/Sep/2026 07:34:29] "GET /static/js/expenses/dashboard.js?v=1784452207 HTTP/1.1" 200 7836
[28/Sep/2026 07:34:29] "GET /static/js/expenses/table.js?v=1784452207 HTTP/1.1" 200 2893
[28/Sep/2026 07:34:29] "GET /static/js/expenses/filters.js?v=1784452207 HTTP/1.1" 200 996
[28/Sep/2026 07:34:29] "GET /static/js/reminders/api.js?v=1784452207 HTTP/1.1" 200 3213
[28/Sep/2026 07:34:29] "GET /static/js/reminders/rules.js?v=1784452207 HTTP/1.1" 200 5973
[28/Sep/2026 07:34:29] "GET /static/js/expenses/index.js?v=1784452207 HTTP/1.1" 200 1571
[28/Sep/2026 07:34:29] "GET /static/js/reminders/banner.js?v=1784452207 HTTP/1.1" 200 3108
[28/Sep/2026 07:34:29] "GET /static/js/reminders/index.js?v=1784452207 HTTP/1.1" 200 9121
[28/Sep/2026 07:34:29] "GET /static/js/advanced_reports/salary.js?v=1784452207 HTTP/1.1" 200 7469
[28/Sep/2026 07:34:29] "GET /static/js/advanced_reports/certificates.js?v=1784452207 HTTP/1.1" 200 4388
[28/Sep/2026 07:34:29] "GET /static/js/advanced_reports/index.js?v=1784452207 HTTP/1.1" 200 7117
[28/Sep/2026 07:34:29] "GET /static/js/advanced_reports/charts.js?v=1784452207 HTTP/1.1" 200 2135
[28/Sep/2026 07:34:29] "GET /static/js/onboarding/wizard.js?v=1784452207 HTTP/1.1" 200 8727
[28/Sep/2026 07:34:29] "GET /static/js/advanced_reports/balance.js?v=1784452207 HTTP/1.1" 200 3245
[28/Sep/2026 07:34:29] "GET /api/asset-acquisition-costs/categories/ HTTP/1.1" 200 138
[28/Sep/2026 07:34:29] "GET /api/asset-furniture/categories/ HTTP/1.1" 200 364
[28/Sep/2026 07:34:29] "GET /api/asset-renovations/categories/ HTTP/1.1" 200 225
[28/Sep/2026 07:34:29] "GET /api/auth/profile/ HTTP/1.1" 200 15380
[28/Sep/2026 07:34:29] "GET /static/images/favicon.ico?v=1784452207 HTTP/1.1" 200 226046
[28/Sep/2026 07:34:29] "GET /static/i18n/en.json?v=1790570069433 HTTP/1.1" 200 129692
[28/Sep/2026 07:34:29] "GET /api/settings/?v=1790570069442 HTTP/1.1" 200 3411
[28/Sep/2026 07:34:29] "GET /api/base-currency/ HTTP/1.1" 200 161
[28/Sep/2026 07:34:29] "GET /api/banks/ HTTP/1.1" 200 416
[28/Sep/2026 07:34:29] "GET /api/auth/profile/ HTTP/1.1" 200 15380
[28/Sep/2026 07:34:29] "GET /api/auth/me/ HTTP/1.1" 200 805
[28/Sep/2026 07:34:29] "GET /api/companies/ HTTP/1.1" 200 3078
[28/Sep/2026 07:34:29] "GET /api/billing/status/ HTTP/1.1" 200 75
[28/Sep/2026 07:34:29] "GET /api/banks/ HTTP/1.1" 200 416
[28/Sep/2026 07:34:29] "GET /api/currencies/ HTTP/1.1" 200 995
[28/Sep/2026 07:34:29] "GET /api/onboarding/status/ HTTP/1.1" 200 1249
[28/Sep/2026 07:34:29] "GET /static/vendor/fonts/inter/inter-latin-ext-400-normal.woff2 HTTP/1.1" 200 20432
[28/Sep/2026 07:34:29] "GET /static/vendor/fonts/inter/inter-latin-ext-500-normal.woff2 HTTP/1.1" 200 22336
[28/Sep/2026 07:34:29] "GET /static/vendor/bootstrap-icons/fonts/bootstrap-icons.woff2?e34853135f9e39acf64315236852cd5a HTTP/1.1" 200 134044
[28/Sep/2026 07:34:29] "GET /static/vendor/fonts/plus-jakarta-sans/plus-jakarta-sans-latin-ext-600-normal.woff2 HTTP/1.1" 200 8600
[28/Sep/2026 07:34:29] "GET /static/vendor/fonts/inter/inter-latin-ext-600-normal.woff2 HTTP/1.1" 200 22444
[28/Sep/2026 07:34:29] "GET /static/vendor/fonts/plus-jakarta-sans/plus-jakarta-sans-latin-ext-800-normal.woff2 HTTP/1.1" 200 8484
[28/Sep/2026 07:34:29] "GET /api/settings/ HTTP/1.1" 200 3411
[28/Sep/2026 07:34:29] "GET /api/balance-transfers/ HTTP/1.1" 200 376
[28/Sep/2026 07:34:29] "GET /api/currency-exchanges/ HTTP/1.1" 200 17
[28/Sep/2026 07:34:29] "GET /api/bank-interests/ HTTP/1.1" 200 552
[28/Sep/2026 07:34:29] "GET /static/vendor/fonts/inter/inter-latin-500-normal.woff2 HTTP/1.1" 200 17552
[28/Sep/2026 07:34:29] "GET /static/vendor/fonts/inter/inter-latin-400-normal.woff2 HTTP/1.1" 200 16708
[28/Sep/2026 07:34:29] "GET /static/vendor/fonts/inter/inter-latin-600-normal.woff2 HTTP/1.1" 200 17660
[28/Sep/2026 07:34:29] "GET /static/vendor/fonts/plus-jakarta-sans/plus-jakarta-sans-latin-800-normal.woff2 HTTP/1.1" 200 10528
[28/Sep/2026 07:34:29] "GET /static/vendor/fonts/plus-jakarta-sans/plus-jakarta-sans-latin-600-normal.woff2 HTTP/1.1" 200 10816
[28/Sep/2026 07:34:29] "GET /api/balance/ HTTP/1.1" 200 3858
[28/Sep/2026 07:34:29] "GET /static/vendor/fonts/plus-jakarta-sans/plus-jakarta-sans-latin-ext-400-normal.woff2 HTTP/1.1" 200 8200
[28/Sep/2026 07:34:29] "GET /api/card-renewal-fees/ HTTP/1.1" 200 25
[28/Sep/2026 07:34:29] "GET /api/credit-card-payments/ HTTP/1.1" 200 28
[28/Sep/2026 07:34:29] "GET /static/vendor/fonts/plus-jakarta-sans/plus-jakarta-sans-latin-400-normal.woff2 HTTP/1.1" 200 10464
[28/Sep/2026 07:34:29] "GET /api/certificate-forecast/ HTTP/1.1" 200 5157
[28/Sep/2026 07:34:29] "GET /static/vendor/fonts/plus-jakarta-sans/plus-jakarta-sans-latin-ext-700-normal.woff2 HTTP/1.1" 200 8648
[28/Sep/2026 07:34:29] "GET /static/vendor/fonts/inter/inter-latin-ext-700-normal.woff2 HTTP/1.1" 200 22624
[28/Sep/2026 07:34:29] "GET /static/vendor/fonts/plus-jakarta-sans/plus-jakarta-sans-latin-700-normal.woff2 HTTP/1.1" 200 10844
[28/Sep/2026 07:34:29] "GET /static/vendor/fonts/inter/inter-latin-700-normal.woff2 HTTP/1.1" 200 17784
[28/Sep/2026 07:34:30] "DELETE /api/balance/26/ HTTP/1.1" 200 15
[28/Sep/2026 07:34:30] "GET /api/balance-transfers/ HTTP/1.1" 200 376
[28/Sep/2026 07:34:30] "GET /api/currency-exchanges/ HTTP/1.1" 200 17
[28/Sep/2026 07:34:30] "GET /api/banks/ HTTP/1.1" 200 416
[28/Sep/2026 07:34:30] "GET /api/currencies/ HTTP/1.1" 200 995
[28/Sep/2026 07:34:30] "GET /api/credit-card-payments/ HTTP/1.1" 200 28
[28/Sep/2026 07:34:30] "GET /api/card-renewal-fees/ HTTP/1.1" 200 25
[28/Sep/2026 07:34:30] "GET /api/balance/ HTTP/1.1" 200 3489
[28/Sep/2026 07:34:31] "GET /api/bank-interests/ HTTP/1.1" 200 552
[28/Sep/2026 07:34:31] "GET /api/certificate-forecast/ HTTP/1.1" 200 5147
[28/Sep/2026 07:34:31] "GET /api/settings/ HTTP/1.1" 200 3411
[28/Sep/2026 07:34:31] "GET /api/reminders/check/ HTTP/1.1" 200 29
[28/Sep/2026 07:34:32] "GET /api/balance/ HTTP/1.1" 200 3489
[28/Sep/2026 07:34:33] "GET /api/expenses/?start=&end= HTTP/1.1" 200 64255
[28/Sep/2026 07:34:33] "GET /api/expenses/summary/?year=2026 HTTP/1.1" 200 1542
[28/Sep/2026 07:34:33] "GET /api/balance-transfers/ HTTP/1.1" 200 376
[28/Sep/2026 07:34:35] "POST /api/balance-transfers/ HTTP/1.1" 201 363
[28/Sep/2026 07:34:35] "GET /api/balance-transfers/ HTTP/1.1" 200 735
[28/Sep/2026 07:34:35] "GET /api/banks/ HTTP/1.1" 200 416
[28/Sep/2026 07:34:35] "GET /api/currency-exchanges/ HTTP/1.1" 200 17
[28/Sep/2026 07:34:35] "GET /api/currencies/ HTTP/1.1" 200 995
[28/Sep/2026 07:34:35] "GET /api/credit-card-payments/ HTTP/1.1" 200 28
[28/Sep/2026 07:34:35] "GET /api/card-renewal-fees/ HTTP/1.1" 200 25
[28/Sep/2026 07:34:35] "GET /api/bank-interests/ HTTP/1.1" 200 552
[28/Sep/2026 07:34:35] "GET /api/balance/ HTTP/1.1" 200 3489
[28/Sep/2026 07:34:35] "GET /api/certificate-forecast/ HTTP/1.1" 200 5147
[28/Sep/2026 07:34:36] "GET /api/balance-transfers/ HTTP/1.1" 200 735
[28/Sep/2026 07:34:37] "GET /api/expenses/?start=&end= HTTP/1.1" 200 64255
[28/Sep/2026 07:34:37] "GET /api/expenses/summary/?year=2026 HTTP/1.1" 200 1542
[28/Sep/2026 07:34:37] "GET /api/currency-exchanges/ HTTP/1.1" 200 17
[28/Sep/2026 07:34:37] "GET /api/currency-exchanges/options/ HTTP/1.1" 200 2406
[28/Sep/2026 07:34:37] "GET /api/currency-exchanges/options/ HTTP/1.1" 200 2406
[28/Sep/2026 07:34:38] "POST /api/currency-exchanges/calculate/ HTTP/1.1" 200 465
[28/Sep/2026 07:34:39] "POST /api/currency-exchanges/calculate/ HTTP/1.1" 200 491
[28/Sep/2026 07:34:39] "POST /api/currency-exchanges/calculate/ HTTP/1.1" 200 492
[28/Sep/2026 07:34:40] "POST /api/currency-exchanges/ HTTP/1.1" 201 689
[28/Sep/2026 07:34:40] "GET /api/banks/ HTTP/1.1" 200 416
[28/Sep/2026 07:34:40] "GET /api/currency-exchanges/ HTTP/1.1" 200 706
[28/Sep/2026 07:34:40] "GET /api/balance-transfers/ HTTP/1.1" 200 735
[28/Sep/2026 07:34:40] "GET /api/currencies/ HTTP/1.1" 200 995
[28/Sep/2026 07:34:40] "GET /api/card-renewal-fees/ HTTP/1.1" 200 25
[28/Sep/2026 07:34:40] "GET /api/credit-card-payments/ HTTP/1.1" 200 28
[28/Sep/2026 07:34:40] "GET /api/bank-interests/ HTTP/1.1" 200 552
[28/Sep/2026 07:34:40] "GET /api/balance/ HTTP/1.1" 200 3495
[28/Sep/2026 07:34:40] "GET /api/certificate-forecast/ HTTP/1.1" 200 5158
[28/Sep/2026 07:34:41] "GET /api/currency-exchanges/ HTTP/1.1" 200 706
[28/Sep/2026 07:34:41] "GET /api/currency-exchanges/options/ HTTP/1.1" 200 2407
[28/Sep/2026 07:34:41] "POST /api/currency-exchanges/calculate/ HTTP/1.1" 200 492
[28/Sep/2026 07:34:42] "POST /api/currency-exchanges/calculate/ HTTP/1.1" 200 492
[28/Sep/2026 07:34:44] "PUT /api/currency-exchanges/1/ HTTP/1.1" 200 689
[28/Sep/2026 07:34:44] "GET /api/banks/ HTTP/1.1" 200 416
[28/Sep/2026 07:34:44] "GET /api/currencies/ HTTP/1.1" 200 995
[28/Sep/2026 07:34:44] "GET /api/currency-exchanges/ HTTP/1.1" 200 706
[28/Sep/2026 07:34:44] "GET /api/balance-transfers/ HTTP/1.1" 200 735
[28/Sep/2026 07:34:44] "GET /api/bank-interests/ HTTP/1.1" 200 552
[28/Sep/2026 07:34:44] "GET /api/credit-card-payments/ HTTP/1.1" 200 28
[28/Sep/2026 07:34:44] "GET /api/card-renewal-fees/ HTTP/1.1" 200 25
[28/Sep/2026 07:34:44] "GET /api/balance/ HTTP/1.1" 200 3495
[28/Sep/2026 07:34:44] "GET /api/certificate-forecast/ HTTP/1.1" 200 5158
[28/Sep/2026 07:34:45] "GET /api/currency-exchanges/ HTTP/1.1" 200 706
[28/Sep/2026 07:34:45] "DELETE /api/currency-exchanges/1/ HTTP/1.1" 200 768
[28/Sep/2026 07:34:45] "GET /api/currency-exchanges/ HTTP/1.1" 200 734
[28/Sep/2026 07:34:45] "GET /api/balance-transfers/ HTTP/1.1" 200 735
[28/Sep/2026 07:34:45] "GET /api/banks/ HTTP/1.1" 200 416
[28/Sep/2026 07:34:45] "GET /api/currencies/ HTTP/1.1" 200 995
[28/Sep/2026 07:34:45] "GET /api/credit-card-payments/ HTTP/1.1" 200 28
[28/Sep/2026 07:34:45] "GET /api/card-renewal-fees/ HTTP/1.1" 200 25
[28/Sep/2026 07:34:45] "GET /api/bank-interests/ HTTP/1.1" 200 552
[28/Sep/2026 07:34:45] "GET /api/balance/ HTTP/1.1" 200 3489
[28/Sep/2026 07:34:45] "GET /api/certificate-forecast/ HTTP/1.1" 200 5147
[28/Sep/2026 07:34:46] "GET /api/currency-exchanges/ HTTP/1.1" 200 734
[28/Sep/2026 07:34:47] "GET /api/expenses/?start=&end= HTTP/1.1" 200 64255
[28/Sep/2026 07:34:47] "GET /api/expenses/summary/?year=2026 HTTP/1.1" 200 1542
[28/Sep/2026 07:34:48] "GET /api/bank-interests/ HTTP/1.1" 200 552
[28/Sep/2026 07:34:49] "POST /api/bank-interests/ HTTP/1.1" 201 266
[28/Sep/2026 07:34:49] "GET /api/balance-transfers/ HTTP/1.1" 200 735
[28/Sep/2026 07:34:49] "GET /api/currency-exchanges/ HTTP/1.1" 200 734
[28/Sep/2026 07:34:49] "GET /api/banks/ HTTP/1.1" 200 416
[28/Sep/2026 07:34:49] "GET /api/currencies/ HTTP/1.1" 200 995
[28/Sep/2026 07:34:49] "GET /api/credit-card-payments/ HTTP/1.1" 200 28
[28/Sep/2026 07:34:49] "GET /api/bank-interests/ HTTP/1.1" 200 816
[28/Sep/2026 07:34:49] "GET /api/card-renewal-fees/ HTTP/1.1" 200 25
[28/Sep/2026 07:34:49] "GET /api/balance/ HTTP/1.1" 200 3489
[28/Sep/2026 07:34:49] "GET /api/certificate-forecast/ HTTP/1.1" 200 5147
[28/Sep/2026 07:34:50] "GET /api/bank-interests/ HTTP/1.1" 200 816
[28/Sep/2026 07:34:51] "PUT /api/bank-interests/3/ HTTP/1.1" 200 266
[28/Sep/2026 07:34:51] "GET /api/banks/ HTTP/1.1" 200 416
[28/Sep/2026 07:34:51] "GET /api/currency-exchanges/ HTTP/1.1" 200 734
[28/Sep/2026 07:34:51] "GET /api/credit-card-payments/ HTTP/1.1" 200 28
[28/Sep/2026 07:34:51] "GET /api/bank-interests/ HTTP/1.1" 200 816
[28/Sep/2026 07:34:51] "GET /api/card-renewal-fees/ HTTP/1.1" 200 25
[28/Sep/2026 07:34:51] "GET /api/balance-transfers/ HTTP/1.1" 200 735
[28/Sep/2026 07:34:51] "GET /api/currencies/ HTTP/1.1" 200 995
[28/Sep/2026 07:34:51] "GET /api/certificate-forecast/ HTTP/1.1" 200 5147
[28/Sep/2026 07:34:51] "GET /api/balance/ HTTP/1.1" 200 3489
[28/Sep/2026 07:34:52] "GET /api/bank-interests/ HTTP/1.1" 200 816
[28/Sep/2026 07:34:52] "DELETE /api/bank-interests/3/ HTTP/1.1" 200 14
[28/Sep/2026 07:34:52] "GET /api/banks/ HTTP/1.1" 200 416
[28/Sep/2026 07:34:52] "GET /api/currencies/ HTTP/1.1" 200 995
[28/Sep/2026 07:34:52] "GET /api/currency-exchanges/ HTTP/1.1" 200 734
[28/Sep/2026 07:34:52] "GET /api/balance-transfers/ HTTP/1.1" 200 735
[28/Sep/2026 07:34:52] "GET /api/bank-interests/ HTTP/1.1" 200 552
[28/Sep/2026 07:34:52] "GET /api/credit-card-payments/ HTTP/1.1" 200 28
[28/Sep/2026 07:34:52] "GET /api/card-renewal-fees/ HTTP/1.1" 200 25
[28/Sep/2026 07:34:52] "GET /api/balance/ HTTP/1.1" 200 3489
[28/Sep/2026 07:34:52] "GET /api/certificate-forecast/ HTTP/1.1" 200 5147
[28/Sep/2026 07:34:53] "GET /api/bank-interests/ HTTP/1.1" 200 552
[28/Sep/2026 07:34:54] "GET /api/expenses/?start=&end= HTTP/1.1" 200 64255
[28/Sep/2026 07:34:54] "GET /api/expenses/summary/?year=2026 HTTP/1.1" 200 1542
[28/Sep/2026 07:34:55] "GET /api/credit-card-payments/ HTTP/1.1" 200 28
[28/Sep/2026 07:34:56] "POST /api/credit-card-payments/ HTTP/1.1" 201 154
[28/Sep/2026 07:34:56] "GET /api/balance-transfers/ HTTP/1.1" 200 735
[28/Sep/2026 07:34:56] "GET /api/banks/ HTTP/1.1" 200 416
[28/Sep/2026 07:34:56] "GET /api/currency-exchanges/ HTTP/1.1" 200 734
[28/Sep/2026 07:34:56] "GET /api/currencies/ HTTP/1.1" 200 995
[28/Sep/2026 07:34:56] "GET /api/bank-interests/ HTTP/1.1" 200 552
[28/Sep/2026 07:34:56] "GET /api/credit-card-payments/ HTTP/1.1" 200 180
[28/Sep/2026 07:34:56] "GET /api/card-renewal-fees/ HTTP/1.1" 200 25
[28/Sep/2026 07:34:56] "GET /api/balance/ HTTP/1.1" 200 3489
[28/Sep/2026 07:34:56] "GET /api/certificate-forecast/ HTTP/1.1" 200 5147
[28/Sep/2026 07:34:57] "GET /api/credit-card-payments/ HTTP/1.1" 200 180
[28/Sep/2026 07:34:58] "PUT /api/credit-card-payments/1/ HTTP/1.1" 200 154
[28/Sep/2026 07:34:58] "GET /api/banks/ HTTP/1.1" 200 416
[28/Sep/2026 07:34:58] "GET /api/currency-exchanges/ HTTP/1.1" 200 734
[28/Sep/2026 07:34:58] "GET /api/balance-transfers/ HTTP/1.1" 200 735
[28/Sep/2026 07:34:58] "GET /api/currencies/ HTTP/1.1" 200 995
[28/Sep/2026 07:34:58] "GET /api/bank-interests/ HTTP/1.1" 200 552
[28/Sep/2026 07:34:58] "GET /api/credit-card-payments/ HTTP/1.1" 200 180
[28/Sep/2026 07:34:58] "GET /api/card-renewal-fees/ HTTP/1.1" 200 25
[28/Sep/2026 07:34:58] "GET /api/balance/ HTTP/1.1" 200 3489
[28/Sep/2026 07:34:58] "GET /api/certificate-forecast/ HTTP/1.1" 200 5147
[28/Sep/2026 07:34:59] "GET /api/credit-card-payments/ HTTP/1.1" 200 180
[28/Sep/2026 07:34:59] "DELETE /api/credit-card-payments/1/ HTTP/1.1" 200 14
[28/Sep/2026 07:34:59] "GET /api/currency-exchanges/ HTTP/1.1" 200 734
[28/Sep/2026 07:34:59] "GET /api/banks/ HTTP/1.1" 200 416
[28/Sep/2026 07:34:59] "GET /api/currencies/ HTTP/1.1" 200 995
[28/Sep/2026 07:34:59] "GET /api/balance-transfers/ HTTP/1.1" 200 735
[28/Sep/2026 07:34:59] "GET /api/credit-card-payments/ HTTP/1.1" 200 28
[28/Sep/2026 07:34:59] "GET /api/card-renewal-fees/ HTTP/1.1" 200 25
[28/Sep/2026 07:34:59] "GET /api/bank-interests/ HTTP/1.1" 200 552
[28/Sep/2026 07:34:59] "GET /api/balance/ HTTP/1.1" 200 3489
[28/Sep/2026 07:34:59] "GET /api/certificate-forecast/ HTTP/1.1" 200 5147
[28/Sep/2026 07:35:00] "GET /api/credit-card-payments/ HTTP/1.1" 200 28
[28/Sep/2026 07:35:01] "GET /api/expenses/summary/?year=2026 HTTP/1.1" 200 1542
[28/Sep/2026 07:35:01] "GET /api/expenses/?start=&end= HTTP/1.1" 200 64255
[28/Sep/2026 07:35:01] "GET /api/card-renewal-fees/ HTTP/1.1" 200 25
[28/Sep/2026 07:35:03] "POST /api/card-renewal-fees/ HTTP/1.1" 201 124
[28/Sep/2026 07:35:03] "GET /api/balance-transfers/ HTTP/1.1" 200 735
[28/Sep/2026 07:35:03] "GET /api/currency-exchanges/ HTTP/1.1" 200 734
[28/Sep/2026 07:35:03] "GET /api/banks/ HTTP/1.1" 200 416
[28/Sep/2026 07:35:03] "GET /api/currencies/ HTTP/1.1" 200 995
[28/Sep/2026 07:35:03] "GET /api/credit-card-payments/ HTTP/1.1" 200 28
[28/Sep/2026 07:35:03] "GET /api/bank-interests/ HTTP/1.1" 200 552
[28/Sep/2026 07:35:03] "GET /api/card-renewal-fees/ HTTP/1.1" 200 147
[28/Sep/2026 07:35:03] "GET /api/balance/ HTTP/1.1" 200 3489
[28/Sep/2026 07:35:03] "GET /api/certificate-forecast/ HTTP/1.1" 200 5147
[28/Sep/2026 07:35:04] "GET /api/card-renewal-fees/ HTTP/1.1" 200 147
[28/Sep/2026 07:35:04] "PUT /api/card-renewal-fees/1/ HTTP/1.1" 200 124
[28/Sep/2026 07:35:05] "GET /api/balance-transfers/ HTTP/1.1" 200 735
[28/Sep/2026 07:35:05] "GET /api/currencies/ HTTP/1.1" 200 995
[28/Sep/2026 07:35:05] "GET /api/currency-exchanges/ HTTP/1.1" 200 734
[28/Sep/2026 07:35:05] "GET /api/banks/ HTTP/1.1" 200 416
[28/Sep/2026 07:35:05] "GET /api/card-renewal-fees/ HTTP/1.1" 200 147
[28/Sep/2026 07:35:05] "GET /api/credit-card-payments/ HTTP/1.1" 200 28
[28/Sep/2026 07:35:05] "GET /api/bank-interests/ HTTP/1.1" 200 552
[28/Sep/2026 07:35:05] "GET /api/balance/ HTTP/1.1" 200 3489
[28/Sep/2026 07:35:05] "GET /api/certificate-forecast/ HTTP/1.1" 200 5147
[28/Sep/2026 07:35:05] "GET /api/card-renewal-fees/ HTTP/1.1" 200 147
[28/Sep/2026 07:35:05] "DELETE /api/card-renewal-fees/1/ HTTP/1.1" 200 14
[28/Sep/2026 07:35:06] "GET /api/banks/ HTTP/1.1" 200 416
[28/Sep/2026 07:35:06] "GET /api/currencies/ HTTP/1.1" 200 995
[28/Sep/2026 07:35:06] "GET /api/balance-transfers/ HTTP/1.1" 200 735
[28/Sep/2026 07:35:06] "GET /api/bank-interests/ HTTP/1.1" 200 552
[28/Sep/2026 07:35:06] "GET /api/credit-card-payments/ HTTP/1.1" 200 28
[28/Sep/2026 07:35:06] "GET /api/currency-exchanges/ HTTP/1.1" 200 734
[28/Sep/2026 07:35:06] "GET /api/card-renewal-fees/ HTTP/1.1" 200 25
[28/Sep/2026 07:35:06] "GET /api/balance/ HTTP/1.1" 200 3489
[28/Sep/2026 07:35:06] "GET /api/certificate-forecast/ HTTP/1.1" 200 5147
[28/Sep/2026 07:35:07] "GET /api/card-renewal-fees/ HTTP/1.1" 200 25
[28/Sep/2026 07:35:07] "GET /api/salary/?company=1 HTTP/1.1" 200 7822
[28/Sep/2026 07:35:07] "GET /static/images/favicon.ico?v=1784452207 HTTP/1.1" 200 226046
[28/Sep/2026 07:35:08] "GET /api/expenses/?start=&end= HTTP/1.1" 200 64255
[28/Sep/2026 07:35:08] "GET /api/expenses/summary/?year=2026 HTTP/1.1" 200 1542
[28/Sep/2026 07:35:08] "GET /api/expenses/?start=&end= HTTP/1.1" 200 64255
[28/Sep/2026 07:35:08] "GET /api/expenses/summary/?year=2026 HTTP/1.1" 200 1542
[28/Sep/2026 07:35:09] "GET /api/expenses/summary/?year=2026 HTTP/1.1" 200 1542
[28/Sep/2026 07:35:09] "GET /api/expenses/?start=&end= HTTP/1.1" 200 64255
[28/Sep/2026 07:35:09] "GET /api/expenses/?start=&end= HTTP/1.1" 200 64255
[28/Sep/2026 07:35:09] "GET /api/expenses/summary/?year=2026 HTTP/1.1" 200 1542
[28/Sep/2026 07:35:10] "GET /api/companies/ HTTP/1.1" 200 3078
[28/Sep/2026 07:35:10] "GET /api/banks/ HTTP/1.1" 200 416
[28/Sep/2026 07:35:10] "GET /api/currencies/ HTTP/1.1" 200 995
[28/Sep/2026 07:35:11] "POST /api/companies/ HTTP/1.1" 201 427
[28/Sep/2026 07:35:11] "GET /api/companies/ HTTP/1.1" 200 3507
[28/Sep/2026 07:35:11] "GET /api/companies/ HTTP/1.1" 200 3507
[28/Sep/2026 07:35:12] "GET /api/companies/ HTTP/1.1" 200 3507
[28/Sep/2026 07:35:12] "GET /api/banks/ HTTP/1.1" 200 416
[28/Sep/2026 07:35:12] "GET /api/companies/8/ HTTP/1.1" 200 427
[28/Sep/2026 07:35:12] "GET /api/currencies/ HTTP/1.1" 200 995
[28/Sep/2026 07:35:13] "PUT /api/companies/8/ HTTP/1.1" 200 434
[28/Sep/2026 07:35:13] "GET /api/companies/ HTTP/1.1" 200 3514
[28/Sep/2026 07:35:13] "GET /api/companies/ HTTP/1.1" 200 3514
[28/Sep/2026 07:35:13] "GET /api/companies/ HTTP/1.1" 200 3514
[28/Sep/2026 07:35:13] "GET /api/expenses/?start=&end= HTTP/1.1" 200 64255
[28/Sep/2026 07:35:13] "GET /api/expenses/summary/?year=2026 HTTP/1.1" 200 1542
[28/Sep/2026 07:35:14] "GET /api/salary/?company=8&year=2026 HTTP/1.1" 200 15
[28/Sep/2026 07:35:15] "POST /api/salary/ HTTP/1.1" 201 193
[28/Sep/2026 07:35:15] "GET /api/salary/?company=1 HTTP/1.1" 200 7822
[28/Sep/2026 07:35:16] "GET /api/salary/?company=8&year=2026 HTTP/1.1" 200 208
[28/Sep/2026 07:35:16] "GET /api/salary/?company=8 HTTP/1.1" 200 208
[28/Sep/2026 07:35:17] "PUT /api/salary/200/ HTTP/1.1" 200 193
[28/Sep/2026 07:35:17] "GET /api/salary/?company=1 HTTP/1.1" 200 7822
[28/Sep/2026 07:35:18] "GET /api/salary/?company=8&year=2026 HTTP/1.1" 200 208
[28/Sep/2026 07:35:18] "DELETE /api/salary/200/ HTTP/1.1" 200 16
[28/Sep/2026 07:35:18] "GET /api/salary/?company=1 HTTP/1.1" 200 7822
[28/Sep/2026 07:35:19] "GET /api/salary/?company=8&year=2026 HTTP/1.1" 200 15
[28/Sep/2026 07:35:19] "GET /api/expenses/?start=&end= HTTP/1.1" 200 64255
[28/Sep/2026 07:35:19] "GET /api/expenses/summary/?year=2026 HTTP/1.1" 200 1542
[28/Sep/2026 07:35:19] "GET /api/per-diems/?company_id=8&year=2026 HTTP/1.1" 200 15
[28/Sep/2026 07:35:19] "GET /api/per-diems/currencies/ HTTP/1.1" 200 583
[28/Sep/2026 07:35:19] "GET /api/rates/ HTTP/1.1" 200 3711
[28/Sep/2026 07:35:20] "POST /api/per-diems/ HTTP/1.1" 201 385
[28/Sep/2026 07:35:20] "GET /api/banks/ HTTP/1.1" 200 416
[28/Sep/2026 07:35:20] "GET /api/per-diems/?company_id=8&year=2026 HTTP/1.1" 200 400
[28/Sep/2026 07:35:21] "GET /api/per-diems/?company_id=8&year=2026 HTTP/1.1" 200 400
[28/Sep/2026 07:35:21] "GET /api/per-diems/currencies/ HTTP/1.1" 200 583
[28/Sep/2026 07:35:21] "GET /api/per-diems/1/ HTTP/1.1" 200 385
[28/Sep/2026 07:35:21] "GET /api/rates/ HTTP/1.1" 200 3711
[28/Sep/2026 07:35:22] "PUT /api/per-diems/1/ HTTP/1.1" 200 385
[28/Sep/2026 07:35:22] "GET /api/banks/ HTTP/1.1" 200 416
[28/Sep/2026 07:35:22] "GET /api/per-diems/?company_id=8&year=2026 HTTP/1.1" 200 400
[28/Sep/2026 07:35:23] "GET /api/per-diems/?company_id=8&year=2026 HTTP/1.1" 200 400
[28/Sep/2026 07:35:23] "DELETE /api/per-diems/1/ HTTP/1.1" 200 14
[28/Sep/2026 07:35:23] "GET /api/banks/ HTTP/1.1" 200 416
[28/Sep/2026 07:35:23] "GET /api/per-diems/?company_id=8&year=2026 HTTP/1.1" 200 15
[28/Sep/2026 07:35:24] "GET /api/per-diems/?company_id=8&year=2026 HTTP/1.1" 200 15
[28/Sep/2026 07:35:24] "DELETE /api/companies/8/ HTTP/1.1" 200 14
[28/Sep/2026 07:35:24] "GET /api/companies/ HTTP/1.1" 200 3078
[28/Sep/2026 07:35:24] "GET /api/companies/ HTTP/1.1" 200 3078
[28/Sep/2026 07:35:26] "GET /api/expenses/?start=&end= HTTP/1.1" 200 64255
[28/Sep/2026 07:35:26] "GET /api/expenses/summary/?year=2026 HTTP/1.1" 200 1542
[28/Sep/2026 07:35:27] "GET /api/export/excel/ HTTP/1.1" 200 33828
Not Found: /reports
[28/Sep/2026 07:35:27] "GET /reports HTTP/1.1" 404 52986
[28/Sep/2026 07:35:29] "GET / HTTP/1.1" 200 33791
[28/Sep/2026 07:35:29] "GET /static/vendor/fonts/google-fonts.css HTTP/1.1" 200 4560
[28/Sep/2026 07:35:29] "GET /static/vendor/bootstrap-icons/bootstrap-icons.css HTTP/1.1" 200 99556
[28/Sep/2026 07:35:29] "GET /static/css/main/index.css?v=1784452207 HTTP/1.1" 200 2037
[28/Sep/2026 07:35:29] "GET /static/css/ai/index.css?v=1784452207 HTTP/1.1" 200 1845
[28/Sep/2026 07:35:29] "GET /static/vendor/leaflet/leaflet.css HTTP/1.1" 200 14145
[28/Sep/2026 07:35:29] "GET /static/vendor/bootstrap/css/bootstrap.min.css HTTP/1.1" 200 232111
[28/Sep/2026 07:35:29] "GET /static/js/utils/csrf_fetch.js?v=1784452207 HTTP/1.1" 200 1672
[28/Sep/2026 07:35:29] "GET /static/js/utils/base_currency.js?v=1784452207 HTTP/1.1" 200 2145
[28/Sep/2026 07:35:29] "GET /static/js/i18n/index.js?v=1784452207 HTTP/1.1" 200 1214
[28/Sep/2026 07:35:29] "GET /static/vendor/bootstrap/js/bootstrap.bundle.min.js HTTP/1.1" 200 80496
[28/Sep/2026 07:35:29] "GET /static/vendor/leaflet/leaflet.js HTTP/1.1" 200 147552
[28/Sep/2026 07:35:29] "GET /static/vendor/chartjs/chart.umd.js HTTP/1.1" 200 208522
[28/Sep/2026 07:35:29] "GET /static/js/i18n/load_language.js?v=1784452207 HTTP/1.1" 200 2699
[28/Sep/2026 07:35:29] "GET /static/js/i18n/apply_translations.js?v=1784452207 HTTP/1.1" 200 5073
[28/Sep/2026 07:35:29] "GET /static/js/utils/dateFormatter.js?v=1784452207 HTTP/1.1" 200 4272
[28/Sep/2026 07:35:29] "GET /static/js/datepicker/positioning.js?v=1784452207 HTTP/1.1" 200 3508
[28/Sep/2026 07:35:29] "GET /static/js/datepicker/dom.js?v=1784452207 HTTP/1.1" 200 5745
[28/Sep/2026 07:35:29] "GET /static/js/datepicker/localization.js?v=1784452207 HTTP/1.1" 200 3340
[28/Sep/2026 07:35:29] "GET /static/js/datepicker/events.js?v=1784452207 HTTP/1.1" 200 5271
[28/Sep/2026 07:35:29] "GET /static/js/datepicker/calendar_days.js?v=1784452207 HTTP/1.1" 200 4315
[28/Sep/2026 07:35:29] "GET /static/js/datepicker/calendar_footer.js?v=1784452207 HTTP/1.1" 200 3299
[28/Sep/2026 07:35:29] "GET /static/js/datepicker/calendar_months.js?v=1784452207 HTTP/1.1" 200 2978
[28/Sep/2026 07:35:29] "GET /static/js/datepicker/calendar.js?v=1784452207 HTTP/1.1" 200 7376
[28/Sep/2026 07:35:29] "GET /static/js/datepicker/core.js?v=1784452207 HTTP/1.1" 200 5520
[28/Sep/2026 07:35:29] "GET /static/js/datepicker/popup_lifecycle.js?v=1784452207 HTTP/1.1" 200 5788
[28/Sep/2026 07:35:29] "GET /static/js/datepicker/delegates.js?v=1784452207 HTTP/1.1" 200 2082
[28/Sep/2026 07:35:29] "GET /static/js/reports/utils.js?v=1784452207 HTTP/1.1" 200 547
[28/Sep/2026 07:35:29] "GET /static/js/reports/pdf.js?v=1784452207 HTTP/1.1" 200 2520
[28/Sep/2026 07:35:29] "GET /static/js/datepicker/registry.js?v=1784452207 HTTP/1.1" 200 3376
[28/Sep/2026 07:35:29] "GET /static/js/reports/charts.js?v=1784452207 HTTP/1.1" 200 4759
[28/Sep/2026 07:35:29] "GET /static/js/datepicker/date-picker.js?v=1784452207 HTTP/1.1" 200 2422
[28/Sep/2026 07:35:29] "GET /static/css/base/variables.css?v=1784442773?v=1784442773 HTTP/1.1" 200 1958
[28/Sep/2026 07:35:29] "GET /static/js/reports/index/data.js?v=1784452207 HTTP/1.1" 200 5990
[28/Sep/2026 07:35:29] "GET /static/js/reports/index/tabs.js?v=1784452207 HTTP/1.1" 200 7050
[28/Sep/2026 07:35:29] "GET /static/js/app/companies.js?v=1784452207 HTTP/1.1" 200 191
[28/Sep/2026 07:35:29] "GET /static/css/base/typography.css?v=1784442773?v=1784442773 HTTP/1.1" 200 2167
[28/Sep/2026 07:35:29] "GET /static/css/layout_financial_advisor/index.css?v=1784442773 HTTP/1.1" 200 691
[28/Sep/2026 07:35:29] "GET /static/css/layout/shared.css?v=1784442773 HTTP/1.1" 200 674
[28/Sep/2026 07:35:29] "GET /static/js/reports/yearly.js?v=1784452207 HTTP/1.1" 200 78
[28/Sep/2026 07:35:29] "GET /static/css/layout/settings.css?v=1784442773 HTTP/1.1" 200 872
[28/Sep/2026 07:35:29] "GET /static/css/layout/fixed_assets.css?v=1784442773 HTTP/1.1" 200 953
[28/Sep/2026 07:35:29] "GET /static/css/theme/index.css?v=1784442773?v=1784442773 HTTP/1.1" 200 782
[28/Sep/2026 07:35:29] "GET /static/css/components/sidebar.css?v=1784442773?v=1784442773 HTTP/1.1" 200 3641
[28/Sep/2026 07:35:29] "GET /static/css/components/topbar.css?v=1784442773?v=1784442773 HTTP/1.1" 200 1744
[28/Sep/2026 07:35:29] "GET /static/css/components/tables.css?v=1784442773?v=1784442773 HTTP/1.1" 200 3478
[28/Sep/2026 07:35:29] "GET /static/css/components/forms.css?v=1784442773?v=1784442773 HTTP/1.1" 200 3170
[28/Sep/2026 07:35:29] "GET /static/css/cards/index.css?v=1784442773?v=1784442773 HTTP/1.1" 200 386
[28/Sep/2026 07:35:29] "GET /static/css/components/buttons.css?v=1784442773?v=1784442773 HTTP/1.1" 200 3280
[28/Sep/2026 07:35:29] "GET /static/css/components/modals/index.css?v=1784442773?v=1784442773 HTTP/1.1" 200 901
[28/Sep/2026 07:35:29] "GET /static/css/features/dashboard.css?v=1784442773?v=1784442773 HTTP/1.1" 200 102
[28/Sep/2026 07:35:29] "GET /static/css/features/salary.css?v=1784442773?v=1784442773 HTTP/1.1" 200 99
[28/Sep/2026 07:35:29] "GET /static/css/features/certificates.css?v=1784442773?v=1784442773 HTTP/1.1" 200 105
[28/Sep/2026 07:35:29] "GET /static/css/features/reports.css?v=1784442773?v=1784442773 HTTP/1.1" 200 506
[28/Sep/2026 07:35:29] "GET /static/css/features/settings.css?v=1784442773?v=1784442773 HTTP/1.1" 200 101
[28/Sep/2026 07:35:29] "GET /static/css/features/balance.css?v=1784442773?v=1784442773 HTTP/1.1" 200 5606
[28/Sep/2026 07:35:29] "GET /static/css/features/expenses.css?v=1784442773?v=1784442773 HTTP/1.1" 200 672
[28/Sep/2026 07:35:29] "GET /static/css/features/reminders.css?v=1784442773?v=1784442773 HTTP/1.1" 200 102
[28/Sep/2026 07:35:29] "GET /static/css/fixed_assets/index.css?v=1784442773?v=1784442773 HTTP/1.1" 200 405
[28/Sep/2026 07:35:29] "GET /static/css/financial_advisor/index.css?v=1784442773?v=1784442773 HTTP/1.1" 200 484
[28/Sep/2026 07:35:29] "GET /static/css/features/billing_customer.css?v=1784442773 HTTP/1.1" 200 3489
[28/Sep/2026 07:35:29] "GET /static/css/date_picker/index.css?v=1784442773 HTTP/1.1" 200 1301
[28/Sep/2026 07:35:29] "GET /static/css/components/center_alert.css?v=1784442773 HTTP/1.1" 200 1601
[28/Sep/2026 07:35:29] "GET /static/css/responsive/index.css?v=1784442773?v=1784442773 HTTP/1.1" 200 859
[28/Sep/2026 07:35:29] "GET /static/css/ai/left_panel/index.css HTTP/1.1" 200 927
[28/Sep/2026 07:35:29] "GET /static/css/ai/workspace_header.css HTTP/1.1" 200 2403
[28/Sep/2026 07:35:29] "GET /static/css/ai/message_bubbles.css HTTP/1.1" 200 3021
[28/Sep/2026 07:35:29] "GET /static/css/ai/center_empty_state.css HTTP/1.1" 200 3272
[28/Sep/2026 07:35:29] "GET /static/css/ai/code_tables_badges.css HTTP/1.1" 200 2290
[28/Sep/2026 07:35:29] "GET /static/css/ai/input_area.css HTTP/1.1" 200 2718
[28/Sep/2026 07:35:29] "GET /static/css/ai/right_panel.css HTTP/1.1" 200 3844
[28/Sep/2026 07:35:29] "GET /static/css/ai/responsive_misc.css HTTP/1.1" 200 3138
[28/Sep/2026 07:35:29] "GET /static/css/ai/mobile_fixes/index.css HTTP/1.1" 200 836
[28/Sep/2026 07:35:29] "GET /static/css/layout_financial_advisor/executive_sections_1.css HTTP/1.1" 200 2229
[28/Sep/2026 07:35:29] "GET /static/css/layout_financial_advisor/executive_sections_2.css HTTP/1.1" 200 1965
[28/Sep/2026 07:35:29] "GET /static/css/layout_financial_advisor/executive_sections_3.css HTTP/1.1" 200 1952
[28/Sep/2026 07:35:29] "GET /static/css/layout_financial_advisor/amounts_and_pills.css HTTP/1.1" 200 751
[28/Sep/2026 07:35:29] "GET /static/css/settings_layout/tabs.css HTTP/1.1" 200 1704
[28/Sep/2026 07:35:29] "GET /static/css/settings_layout/portfolio_recs_goals.css HTTP/1.1" 200 3340
[28/Sep/2026 07:35:29] "GET /static/css/settings_layout/portfolio_scoring.css HTTP/1.1" 200 3039
[28/Sep/2026 07:35:29] "GET /static/css/settings_layout/goal_planning/index.css HTTP/1.1" 200 934
[28/Sep/2026 07:35:29] "GET /static/css/settings_layout/misc_ui.css HTTP/1.1" 200 3514
[28/Sep/2026 07:35:29] "GET /static/css/theme/tokens.css HTTP/1.1" 200 2704
[28/Sep/2026 07:35:29] "GET /static/css/theme/light_overrides_1.css HTTP/1.1" 200 3354
[28/Sep/2026 07:35:29] "GET /static/css/theme/light_overrides_2.css HTTP/1.1" 200 3121
[28/Sep/2026 07:35:29] "GET /static/css/theme/dark_overrides.css HTTP/1.1" 200 386
[28/Sep/2026 07:35:29] "GET /static/css/theme/light_overrides_3.css HTTP/1.1" 200 2680
[28/Sep/2026 07:35:29] "GET /static/css/cards/kpi_panels.css HTTP/1.1" 200 1887
[28/Sep/2026 07:35:29] "GET /static/css/cards/cash_position.css HTTP/1.1" 200 1824
[28/Sep/2026 07:35:29] "GET /static/css/cards/currency_cards.css HTTP/1.1" 200 4079
[28/Sep/2026 07:35:29] "GET /static/css/components/modals/base.css HTTP/1.1" 200 1960
[28/Sep/2026 07:35:29] "GET /static/css/components/modals/inputs_and_asset_modal.css HTTP/1.1" 200 527
[28/Sep/2026 07:35:29] "GET /static/css/components/modals/goal_editor.css HTTP/1.1" 200 2807
[28/Sep/2026 07:35:29] "GET /static/css/fixed_assets/collapsible_cards.css HTTP/1.1" 200 2161
[28/Sep/2026 07:35:29] "GET /static/css/fixed_assets/base_layout.css HTTP/1.1" 200 3122
[28/Sep/2026 07:35:29] "GET /static/css/fixed_assets/summary_strip.css HTTP/1.1" 200 2048
[28/Sep/2026 07:35:29] "GET /static/css/date_picker/wrapper_trigger.css HTTP/1.1" 200 2862
[28/Sep/2026 07:35:29] "GET /static/css/financial_advisor/overview_dashboard/index.css HTTP/1.1" 200 826
[28/Sep/2026 07:35:29] "GET /static/css/financial_advisor/scenario_and_theme.css HTTP/1.1" 200 1091
[28/Sep/2026 07:35:29] "GET /static/css/financial_advisor/kpi_and_summaries/index.css HTTP/1.1" 200 871
[28/Sep/2026 07:35:29] "GET /static/css/date_picker/theme_responsive.css HTTP/1.1" 200 2404
[28/Sep/2026 07:35:29] "GET /static/css/date_picker/footer_buttons.css HTTP/1.1" 200 1816
[28/Sep/2026 07:35:29] "GET /static/css/date_picker/month_day_grid.css HTTP/1.1" 200 3456
[28/Sep/2026 07:35:29] "GET /static/css/responsive/settings_tabs.css HTTP/1.1" 200 2978
[28/Sep/2026 07:35:29] "GET /static/css/date_picker/popup_header.css HTTP/1.1" 200 2607
[28/Sep/2026 07:35:29] "GET /static/css/responsive/components.css HTTP/1.1" 200 2105
[28/Sep/2026 07:35:29] "GET /static/css/responsive/sidebar_desktop.css HTTP/1.1" 200 1472
[28/Sep/2026 07:35:29] "GET /static/css/responsive/sidebar_mobile.css HTTP/1.1" 200 2218
[28/Sep/2026 07:35:29] "GET /static/css/responsive/grid_forms.css HTTP/1.1" 200 1762
[28/Sep/2026 07:35:29] "GET /static/css/responsive/filters_expense.css HTTP/1.1" 200 854
[28/Sep/2026 07:35:29] "GET /static/css/ai/left_panel/future_cards.css HTTP/1.1" 200 1202
[28/Sep/2026 07:35:29] "GET /static/css/ai/mobile_fixes/header_and_input_breakpoints.css HTTP/1.1" 200 1998
[28/Sep/2026 07:35:29] "GET /static/css/settings_layout/goal_planning/milestones_and_status.css HTTP/1.1" 200 1679
[28/Sep/2026 07:35:29] "GET /static/css/ai/left_panel/shell_and_new_chat.css HTTP/1.1" 200 1394
[28/Sep/2026 07:35:29] "GET /static/css/ai/mobile_fixes/context_panel_mobile.css HTTP/1.1" 200 1794
[28/Sep/2026 07:35:29] "GET /static/css/ai/left_panel/conversation_list.css HTTP/1.1" 200 2179
[28/Sep/2026 07:35:29] "GET /static/css/settings_layout/goal_planning/hero_and_toolbar.css HTTP/1.1" 200 989
[28/Sep/2026 07:35:29] "GET /static/css/financial_advisor/overview_dashboard/card_and_score.css HTTP/1.1" 200 2115
[28/Sep/2026 07:35:29] "GET /static/css/settings_layout/goal_planning/progress_and_chart.css HTTP/1.1" 200 1958
[28/Sep/2026 07:35:29] "GET /static/css/financial_advisor/overview_dashboard/ai_summary_and_alerts.css HTTP/1.1" 200 2513
[28/Sep/2026 07:35:29] "GET /static/css/financial_advisor/kpi_and_summaries/kpi_cards_and_summary_stats.css HTTP/1.1" 200 2247
[28/Sep/2026 07:35:29] "GET /static/css/financial_advisor/kpi_and_summaries/opportunities_and_theming.css HTTP/1.1" 200 2031
[28/Sep/2026 07:35:29] "GET /static/js/app/utils/tabs/breadcrumb.js?v=1784452207 HTTP/1.1" 200 486
[28/Sep/2026 07:35:29] "GET /static/js/app/utils/tabs/more_menu.js?v=1784452207 HTTP/1.1" 200 4871
[28/Sep/2026 07:35:29] "GET /static/js/app/banks.js?v=1784452207 HTTP/1.1" 200 167
[28/Sep/2026 07:35:29] "GET /static/js/app/utils/tabs/shell.js?v=1784452207 HTTP/1.1" 200 416
[28/Sep/2026 07:35:29] "GET /static/js/app/chart_crosshair/plugin.js?v=1784452207 HTTP/1.1" 200 7086
[28/Sep/2026 07:35:29] "GET /static/js/app/chart_crosshair/helpers.js?v=1784452207 HTTP/1.1" 200 7310
[28/Sep/2026 07:35:29] "GET /static/js/app/formatting.js?v=1784452207 HTTP/1.1" 200 1445
[28/Sep/2026 07:35:29] "GET /static/js/app/theme.js?v=1784452207 HTTP/1.1" 200 1857
[28/Sep/2026 07:35:29] "GET /static/js/app/permissions.js?v=1784452207 HTTP/1.1" 200 834
[28/Sep/2026 07:35:29] "GET /static/js/app/utils/collapsible.js?v=1784452207 HTTP/1.1" 200 4636
[28/Sep/2026 07:35:29] "GET /static/js/app/loading.js?v=1784452207 HTTP/1.1" 200 1016
[28/Sep/2026 07:35:29] "GET /static/js/app/center_alert.js?v=1784452207 HTTP/1.1" 200 2152
[28/Sep/2026 07:35:29] "GET /static/js/app/authentication.js?v=1784452207 HTTP/1.1" 200 6841
[28/Sep/2026 07:35:29] "GET /static/js/app/toast.js?v=1784452207 HTTP/1.1" 200 1251
[28/Sep/2026 07:35:29] "GET /static/js/app/routing.js?v=1784452207 HTTP/1.1" 200 3799
[28/Sep/2026 07:35:29] "GET /static/js/app/route_dispatch.js?v=1784452207 HTTP/1.1" 200 3945
[28/Sep/2026 07:35:29] "GET /static/js/app/navigation.js?v=1784452207 HTTP/1.1" 200 2287
[28/Sep/2026 07:35:29] "GET /static/js/app/topbar.js?v=1784452207 HTTP/1.1" 200 4901
[28/Sep/2026 07:35:29] "GET /static/js/app/sidebar/nav_primary.js?v=1784452207 HTTP/1.1" 200 2000
[28/Sep/2026 07:35:29] "GET /static/js/app/sidebar/nav_modules.js?v=1784452207 HTTP/1.1" 200 2150
[28/Sep/2026 07:35:29] "GET /static/js/app/sidebar/nav_settings.js?v=1784452207 HTTP/1.1" 200 673
[28/Sep/2026 07:35:29] "GET /static/js/app/modals.js?v=1784452207 HTTP/1.1" 200 2050
[28/Sep/2026 07:35:29] "GET /static/js/app/sidebar/nav_expenses_reports.js?v=1784452207 HTTP/1.1" 200 2559
[28/Sep/2026 07:35:29] "GET /static/js/app/sidebar/render.js?v=1784452207 HTTP/1.1" 200 2138
[28/Sep/2026 07:35:29] "GET /static/js/app/sidebar/footer.js?v=1784452207 HTTP/1.1" 200 2941
[28/Sep/2026 07:35:29] "GET /static/js/app/sidebar/modes.js?v=1784452207 HTTP/1.1" 200 2579
[28/Sep/2026 07:35:29] "GET /static/js/app/index.js?v=1784452207 HTTP/1.1" 200 4994
[28/Sep/2026 07:35:29] "GET /static/js/financial_advisor/cash_flow_forecast/states.js?v=1790000001 HTTP/1.1" 200 2150
[28/Sep/2026 07:35:29] "GET /static/js/financial_advisor/cash_flow_forecast/timeline.js?v=1790000001 HTTP/1.1" 200 5709
[28/Sep/2026 07:35:29] "GET /static/js/financial_advisor/wealth_growth_forecast/charts.js?v=1790000001 HTTP/1.1" 200 4102
[28/Sep/2026 07:35:29] "GET /static/js/financial_advisor/cash_flow_forecast/cash_flow.js?v=1790000001 HTTP/1.1" 200 5317
[28/Sep/2026 07:35:29] "GET /static/js/financial_advisor/cash_flow_forecast/cash_flow_custom_projection.js?v=1790000001 HTTP/1.1" 200 9926
[28/Sep/2026 07:35:29] "GET /static/js/financial_advisor/wealth_growth_forecast/fragments.js?v=1790000001 HTTP/1.1" 200 5055
[28/Sep/2026 07:35:29] "GET /static/js/financial_advisor/wealth_growth_forecast/wealth_growth.js?v=1790000001 HTTP/1.1" 200 6793
[28/Sep/2026 07:35:29] "GET /static/js/financial_advisor/portfolio_optimizer/charts.js?v=1790000001 HTTP/1.1" 200 2174
[28/Sep/2026 07:35:29] "GET /static/js/financial_advisor/portfolio_optimizer/portfolio_optimizer.js?v=1790000001 HTTP/1.1" 200 10139
[28/Sep/2026 07:35:29] "GET /static/js/financial_advisor/utils.js?v=1790000001 HTTP/1.1" 200 7270
[28/Sep/2026 07:35:29] "GET /static/js/financial_advisor/goal_planning/charts.js?v=1790000001 HTTP/1.1" 200 2148
[28/Sep/2026 07:35:29] "GET /static/js/financial_advisor/goal_planning/ui_sections.js?v=1790000001 HTTP/1.1" 200 4870
[28/Sep/2026 07:35:29] "GET /static/js/financial_advisor/goal_planning/modal.js?v=1790000001 HTTP/1.1" 200 4207
[28/Sep/2026 07:35:29] "GET /static/js/financial_advisor/goal_planning/goal_planning_modal_events.js?v=1790000001 HTTP/1.1" 200 4704
[28/Sep/2026 07:35:29] "GET /static/js/financial_advisor/goal_planning/goal_planning_cards.js?v=1790000001 HTTP/1.1" 200 5762
[28/Sep/2026 07:35:29] "GET /static/js/financial_advisor/goal_planning/goal_planning_main.js?v=1790000001 HTTP/1.1" 200 4718
[28/Sep/2026 07:35:29] "GET /static/js/financial_advisor/goal_planning/goal_planning_modal.js?v=1790000001 HTTP/1.1" 200 3720
[28/Sep/2026 07:35:29] "GET /static/js/financial_advisor/portfolio_optimizer/fragments.js?v=1790000001 HTTP/1.1" 200 3512
[28/Sep/2026 07:35:29] "GET /static/js/financial_advisor/overview/overview_charts.js?v=1790000001 HTTP/1.1" 200 3462
[28/Sep/2026 07:35:29] "GET /static/js/financial_advisor/overview/overview_cards_row4.js?v=1790000001 HTTP/1.1" 200 7216
[28/Sep/2026 07:35:29] "GET /static/js/financial_advisor/overview/overview_cards_row3.js?v=1790000001 HTTP/1.1" 200 6379
[28/Sep/2026 07:35:29] "GET /static/js/financial_advisor/overview/overview_cards_kpi.js?v=1790000001 HTTP/1.1" 200 5535
[28/Sep/2026 07:35:29] "GET /static/js/financial_advisor/goal_planning/ui.js?v=1790000001 HTTP/1.1" 200 6501
[28/Sep/2026 07:35:29] "GET /static/js/financial_advisor/overview/overview_cards_summary.js?v=1790000001 HTTP/1.1" 200 1386
[28/Sep/2026 07:35:29] "GET /static/js/financial_advisor/overview/overview_render_helpers.js?v=1790000001 HTTP/1.1" 200 3501
[28/Sep/2026 07:35:29] "GET /static/js/financial_advisor/overview/overview.js?v=1790000001 HTTP/1.1" 200 1027
[28/Sep/2026 07:35:29] "GET /static/js/financial_advisor/overview/overview_render_main.js?v=1790000001 HTTP/1.1" 200 6180
[28/Sep/2026 07:35:29] "GET /static/js/financial_advisor/overview/overview_render_lists.js?v=1790000001 HTTP/1.1" 200 6292
[28/Sep/2026 07:35:29] "GET /static/js/financial_advisor/overview/overview_render_row1.js?v=1790000001 HTTP/1.1" 200 11166
[28/Sep/2026 07:35:29] "GET /static/js/financial_advisor/risk_analysis/render_loading_error.js?v=1790000001 HTTP/1.1" 200 956
[28/Sep/2026 07:35:29] "GET /static/js/financial_advisor/risk_analysis/state.js?v=1790000001 HTTP/1.1" 200 812
[28/Sep/2026 07:35:29] "GET /static/js/financial_advisor/risk_analysis/radar_chart.js?v=1790000001 HTTP/1.1" 200 2962
[28/Sep/2026 07:35:29] "GET /static/js/financial_advisor/risk_analysis/render_main.js?v=1790000001 HTTP/1.1" 200 2092
[28/Sep/2026 07:35:29] "GET /static/js/financial_advisor/risk_analysis/render_template.js?v=1790000001 HTTP/1.1" 200 7627
[28/Sep/2026 07:35:29] "GET /static/js/financial_advisor/risk_analysis/fragments.js?v=1790000001 HTTP/1.1" 200 9570
[28/Sep/2026 07:35:29] "GET /static/js/financial_advisor/risk_analysis/income_chart.js?v=1790000001 HTTP/1.1" 200 2069
[28/Sep/2026 07:35:29] "GET /static/js/financial_advisor/spending_intelligence/spending_intelligence_render.js?v=1790000001 HTTP/1.1" 200 8468
[28/Sep/2026 07:35:29] "GET /static/js/financial_advisor/risk_analysis/loader.js?v=1790000001 HTTP/1.1" 200 859
[28/Sep/2026 07:35:29] "GET /static/js/financial_advisor/spending_intelligence/render_loading_error.js?v=1790000001 HTTP/1.1" 200 1130
[28/Sep/2026 07:35:29] "GET /static/js/financial_advisor/spending_intelligence/build_category_donut.js?v=1790000001 HTTP/1.1" 200 6181
[28/Sep/2026 07:35:29] "GET /static/js/financial_advisor/spending_intelligence/loader.js?v=1790000001 HTTP/1.1" 200 909
[28/Sep/2026 07:35:29] "GET /static/js/financial_advisor/spending_intelligence/render_main.js?v=1790000001 HTTP/1.1" 200 4859
[28/Sep/2026 07:35:29] "GET /static/js/financial_advisor/spending_intelligence/build_findings_insights_trend.js?v=1790000001 HTTP/1.1" 200 6479
[28/Sep/2026 07:35:29] "GET /static/js/financial_advisor/spending_intelligence/render_template.js?v=1790000001 HTTP/1.1" 200 1094
[28/Sep/2026 07:35:29] "GET /static/js/financial_advisor/spending_intelligence/fragments.js?v=1790000001 HTTP/1.1" 200 6995
[28/Sep/2026 07:35:29] "GET /static/js/financial_advisor/opportunity_detection/opportunity_detection_render.js?v=1790000001 HTTP/1.1" 200 5667
[28/Sep/2026 07:35:29] "GET /static/js/financial_advisor/opportunity_detection/opportunity_detection_card.js?v=1790000001 HTTP/1.1" 200 5382
[28/Sep/2026 07:35:29] "GET /static/js/financial_advisor/performance/performance_charts.js?v=1790000001 HTTP/1.1" 200 4430
[28/Sep/2026 07:35:29] "GET /static/js/financial_advisor/opportunity_detection/opportunity_detection_helpers.js?v=1790000001 HTTP/1.1" 200 2482
[28/Sep/2026 07:35:29] "GET /static/js/financial_advisor/performance/performance_format.js?v=1790000001 HTTP/1.1" 200 2203
[28/Sep/2026 07:35:29] "GET /static/js/financial_advisor/performance/performance_state.js?v=1790000001 HTTP/1.1" 200 1550
[28/Sep/2026 07:35:29] "GET /static/js/financial_advisor/performance/performance_sections_currency.js?v=1790000001 HTTP/1.1" 200 9267
[28/Sep/2026 07:35:29] "GET /static/js/financial_advisor/performance/performance_sections_gold.js?v=1790000001 HTTP/1.1" 200 10609
[28/Sep/2026 07:35:29] "GET /static/js/financial_advisor/performance/performance_view.js?v=1790000001 HTTP/1.1" 200 3680
[28/Sep/2026 07:35:29] "GET /static/js/financial_advisor/what_if_simulator/what_if_chart/helpers.js?v=1790000001 HTTP/1.1" 200 1777
[28/Sep/2026 07:35:29] "GET /static/js/financial_advisor/what_if_simulator/what_if_chart/comparison.js?v=1790000001 HTTP/1.1" 200 4436
[28/Sep/2026 07:35:29] "GET /static/js/financial_advisor/performance/performance_events.js?v=1790000001 HTTP/1.1" 200 3223
[28/Sep/2026 07:35:29] "GET /static/js/financial_advisor/what_if_simulator/what_if_chart/render.js?v=1790000001 HTTP/1.1" 200 4759
[28/Sep/2026 07:35:29] "GET /static/js/financial_advisor/what_if_simulator/what_if_state.js?v=1790000001 HTTP/1.1" 200 3816
[28/Sep/2026 07:35:29] "GET /static/js/financial_advisor/what_if_simulator/what_if_events.js?v=1790000001 HTTP/1.1" 200 5392
[28/Sep/2026 07:35:29] "GET /static/js/financial_advisor/what_if_simulator/what_if_view.js?v=1790000001 HTTP/1.1" 200 8567
[28/Sep/2026 07:35:29] "GET /static/js/financial_advisor/scenario_planner/state.js?v=1790000001 HTTP/1.1" 200 2394
[28/Sep/2026 07:35:29] "GET /static/js/financial_advisor/what_if_simulator/what_if_recalc.js?v=1790000001 HTTP/1.1" 200 2489
[28/Sep/2026 07:35:29] "GET /static/js/financial_advisor/scenario_planner/api.js?v=1790000001 HTTP/1.1" 200 3564
[28/Sep/2026 07:35:29] "GET /static/js/financial_advisor/scenario_planner/render_view.js?v=1790000001 HTTP/1.1" 200 5063
[28/Sep/2026 07:35:29] "GET /static/js/financial_advisor/scenario_planner/render_builder.js?v=1790000001 HTTP/1.1" 200 7610
[28/Sep/2026 07:35:29] "GET /static/js/financial_advisor/scenario_planner/render_timeline_rail.js?v=1790000001 HTTP/1.1" 200 6363
[28/Sep/2026 07:35:29] "GET /static/js/financial_advisor/scenario_planner/scenario_planner_chart.js?v=1790000001 HTTP/1.1" 200 5709
[28/Sep/2026 07:35:29] "GET /static/js/financial_advisor/scenario_planner/modal_actions.js?v=1790000001 HTTP/1.1" 200 6641
[28/Sep/2026 07:35:29] "GET /static/js/ai/ai_core.js?v=1784452207 HTTP/1.1" 200 2420
[28/Sep/2026 07:35:29] "GET /static/js/financial_advisor/scenario_planner/render_dashboard.js?v=1790000001 HTTP/1.1" 200 6124
[28/Sep/2026 07:35:29] "GET /static/js/financial_advisor/scenario_planner/events.js?v=1790000001 HTTP/1.1" 200 4481
[28/Sep/2026 07:35:29] "GET /static/js/financial_advisor/scenario_planner/render_compare_insights.js?v=1790000001 HTTP/1.1" 200 6734
[28/Sep/2026 07:35:29] "GET /static/js/ai/ai_status.js?v=1784452207 HTTP/1.1" 200 2154
[28/Sep/2026 07:35:29] "GET /static/js/ai/ai_messages.js?v=1784452207 HTTP/1.1" 200 6835
[28/Sep/2026 07:35:29] "GET /static/js/ai/ai_progress.js?v=1784452207 HTTP/1.1" 200 5312
[28/Sep/2026 07:35:29] "GET /static/js/ai/ai_markdown.js?v=1784452207 HTTP/1.1" 200 4681
[28/Sep/2026 07:35:29] "GET /static/js/ai/ai_conversations.js?v=1784452207 HTTP/1.1" 200 4023
[28/Sep/2026 07:35:29] "GET /static/js/ai/ai_context_panel_helpers.js?v=1784452207 HTTP/1.1" 200 2711
[28/Sep/2026 07:35:29] "GET /static/js/ai/ai_conversations_actions.js?v=1784452207 HTTP/1.1" 200 4166
[28/Sep/2026 07:35:29] "GET /static/js/ai/ai_chat_submit.js?v=1784452207 HTTP/1.1" 200 3379
[28/Sep/2026 07:35:29] "GET /static/js/ai/prompt_library/pl_render_modal_shell.js?v=1784452207 HTTP/1.1" 200 1751
[28/Sep/2026 07:35:29] "GET /static/js/ai/ai_context_panel.js?v=1784452207 HTTP/1.1" 200 8048
[28/Sep/2026 07:35:29] "GET /static/js/ai/prompt_library/pl_render_list.js?v=1784452207 HTTP/1.1" 200 3172
[28/Sep/2026 07:35:29] "GET /static/js/ai/prompt_library/pl_render_toolbar.js?v=1784452207 HTTP/1.1" 200 5819
[28/Sep/2026 07:35:29] "GET /static/js/ai/prompt_library/pl_actions_optimistic.js?v=1784452207 HTTP/1.1" 200 3171
[28/Sep/2026 07:35:29] "GET /static/js/ai/prompt_library/pl_state.js?v=1784452207 HTTP/1.1" 200 4279
[28/Sep/2026 07:35:29] "GET /static/js/ai/ai_shell.js?v=1784452207 HTTP/1.1" 200 8512
[28/Sep/2026 07:35:29] "GET /static/js/ai/prompt_library/pl_actions.js?v=1784452207 HTTP/1.1" 200 3462
[28/Sep/2026 07:35:29] "GET /static/js/ai/prompt_library/pl_render_detail.js?v=1784452207 HTTP/1.1" 200 8364
[28/Sep/2026 07:35:29] "GET /static/js/ai/knowledge_base/kb_state.js?v=1784452207 HTTP/1.1" 200 4279
[28/Sep/2026 07:35:29] "GET /static/js/ai/prompt_library/pl_events.js?v=1784452207 HTTP/1.1" 200 3752
[28/Sep/2026 07:35:29] "GET /static/js/ai/knowledge_base/kb_render.js?v=1784452207 HTTP/1.1" 200 7356
[28/Sep/2026 07:35:29] "GET /static/js/ai/dataset_manager/dm_render.js?v=1784452208 HTTP/1.1" 200 4499
[28/Sep/2026 07:35:29] "GET /static/js/ai/dataset_manager/dm_state.js?v=1784452208 HTTP/1.1" 200 1845
[28/Sep/2026 07:35:29] "GET /static/js/ai/knowledge_base/kb_events.js?v=1784452207 HTTP/1.1" 200 1096
[28/Sep/2026 07:35:29] "GET /static/js/ai/model_management/mm_render.js?v=1784452208 HTTP/1.1" 200 5483
[28/Sep/2026 07:35:29] "GET /static/js/ai/model_management/mm_events.js?v=1784452208 HTTP/1.1" 200 517
[28/Sep/2026 07:35:29] "GET /static/js/ai/model_management/mm_state.js?v=1784452208 HTTP/1.1" 200 3173
[28/Sep/2026 07:35:29] "GET /static/js/ai/benchmark_results/br_render.js?v=1784452208 HTTP/1.1" 200 4790
[28/Sep/2026 07:35:29] "GET /static/js/ai/dataset_manager/dm_events.js?v=1784452208 HTTP/1.1" 200 440
[28/Sep/2026 07:35:29] "GET /static/js/ai/pinned_chats/pc_state.js?v=1784452209 HTTP/1.1" 200 1834
[28/Sep/2026 07:35:29] "GET /static/js/ai/pinned_chats/pc_render.js?v=1784452209 HTTP/1.1" 200 2879
[28/Sep/2026 07:35:29] "GET /static/js/ai/benchmark_results/br_events.js?v=1784452208 HTTP/1.1" 200 436
[28/Sep/2026 07:35:29] "GET /static/js/ai/benchmark_results/br_state.js?v=1784452208 HTTP/1.1" 200 1803
[28/Sep/2026 07:35:29] "GET /static/js/ai/knowledge_search/ks_state_core.js?v=1787225686 HTTP/1.1" 200 2436
[28/Sep/2026 07:35:29] "GET /static/js/ai/knowledge_search/ks_state_edit.js?v=1787225686 HTTP/1.1" 200 2815
[28/Sep/2026 07:35:29] "GET /static/js/ai/knowledge_search/ks_render.js?v=1787225686 HTTP/1.1" 200 6866
[28/Sep/2026 07:35:29] "GET /static/js/financial_advisor/tab_panes.js?v=1784452207 HTTP/1.1" 200 3501
[28/Sep/2026 07:35:29] "GET /static/js/ai/knowledge_search/ks_state_actions.js?v=1787225686 HTTP/1.1" 200 1188
[28/Sep/2026 07:35:29] "GET /static/js/financial_advisor/api.js?v=1784452207 HTTP/1.1" 200 186
[28/Sep/2026 07:35:29] "GET /static/js/ai/pinned_chats/pc_events.js?v=1784452209 HTTP/1.1" 200 1001
[28/Sep/2026 07:35:29] "GET /static/js/financial_advisor/index.js?v=1784452207 HTTP/1.1" 200 2427
[28/Sep/2026 07:35:29] "GET /static/js/ai/knowledge_search/ks_events.js?v=1787225686 HTTP/1.1" 200 793
[28/Sep/2026 07:35:29] "GET /static/js/documents/doc_list.js?v=1784452207 HTTP/1.1" 200 6786
[28/Sep/2026 07:35:29] "GET /static/js/financial_advisor/calculations.js?v=1784452207 HTTP/1.1" 200 178
[28/Sep/2026 07:35:29] "GET /static/js/financial_advisor/render.js?v=1784452207 HTTP/1.1" 200 6071
[28/Sep/2026 07:35:29] "GET /static/js/documents/doc_upload.js?v=1784452207 HTTP/1.1" 200 1489
[28/Sep/2026 07:35:29] "GET /static/js/documents/doc_replace.js?v=1784452207 HTTP/1.1" 200 1187
[28/Sep/2026 07:35:29] "GET /static/js/documents/doc_state.js?v=1784452207 HTTP/1.1" 200 4489
[28/Sep/2026 07:35:29] "GET /static/js/documents/doc_view.js?v=1784452207 HTTP/1.1" 200 656
[28/Sep/2026 07:35:29] "GET /static/js/documents/doc_remove.js?v=1784452207 HTTP/1.1" 200 839
[28/Sep/2026 07:35:29] "GET /static/js/companies/render.js?v=1784452207 HTTP/1.1" 200 2821
[28/Sep/2026 07:35:29] "GET /static/js/companies/actions.js?v=1784452207 HTTP/1.1" 200 2652
[28/Sep/2026 07:35:29] "GET /static/js/companies/modal.js?v=1784452207 HTTP/1.1" 200 7527
[28/Sep/2026 07:35:29] "GET /static/js/salary/utils.js?v=1784452207 HTTP/1.1" 200 350
[28/Sep/2026 07:35:29] "GET /static/js/salary/table.js?v=1784452207 HTTP/1.1" 200 4217
[28/Sep/2026 07:35:29] "GET /static/js/salary/api.js?v=1784452207 HTTP/1.1" 200 1699
[28/Sep/2026 07:35:29] "GET /static/js/salary/perdiem/form.js?v=1784452207 HTTP/1.1" 200 7429
[28/Sep/2026 07:35:29] "GET /static/js/salary/payroll.js?v=1784452207 HTTP/1.1" 200 2056
[28/Sep/2026 07:35:29] "GET /static/js/salary/perdiem/list.js?v=1784452207 HTTP/1.1" 200 5589
[28/Sep/2026 07:35:29] "GET /static/js/salary/modal.js?v=1784452207 HTTP/1.1" 200 3137
[28/Sep/2026 07:35:29] "GET /static/js/salary/dashboard_enhancements.js?v=1784452207 HTTP/1.1" 200 4977
[28/Sep/2026 07:35:29] "GET /static/js/salary/index.js?v=1784452207 HTTP/1.1" 200 763
[28/Sep/2026 07:35:29] "GET /static/js/salary/employment_page.js?v=1784452207 HTTP/1.1" 200 6820
[28/Sep/2026 07:35:29] "GET /static/js/salary/dashboard_render.js?v=1784452207 HTTP/1.1" 200 6905
[28/Sep/2026 07:35:29] "GET /static/js/salary/year_pills.js?v=1784452207 HTTP/1.1" 200 890
[28/Sep/2026 07:35:29] "GET /static/js/balance/api.js?v=1784452207 HTTP/1.1" 200 1892
[28/Sep/2026 07:35:29] "GET /static/js/balance/analytics.js?v=1784452207 HTTP/1.1" 200 14
[28/Sep/2026 07:35:29] "GET /static/js/balance/utils.js?v=1784452207 HTTP/1.1" 200 1761
[28/Sep/2026 07:35:29] "GET /static/js/balance/dashboard.js?v=1784452207 HTTP/1.1" 200 14
[28/Sep/2026 07:35:29] "GET /static/js/balance/calculations.js?v=1784452207 HTTP/1.1" 200 1133
[28/Sep/2026 07:35:29] "GET /static/js/balance/charts.js?v=1784452207 HTTP/1.1" 200 14
[28/Sep/2026 07:35:29] "GET /static/js/balance/modal.js?v=1784452207 HTTP/1.1" 200 6441
[28/Sep/2026 07:35:29] "GET /static/js/balance/overview.js?v=1784452207 HTTP/1.1" 200 9249
[28/Sep/2026 07:35:29] "GET /static/js/balance/accounts.js?v=1784452207 HTTP/1.1" 200 3204
[28/Sep/2026 07:35:29] "GET /static/js/balance/recommendations.js?v=1784452207 HTTP/1.1" 200 13329
[28/Sep/2026 07:35:29] "GET /static/js/balance/forecasts.js?v=1784452207 HTTP/1.1" 200 6681
[28/Sep/2026 07:35:30] "GET /static/js/balance/transfers/render.js?v=1784452207 HTTP/1.1" 200 4919
[28/Sep/2026 07:35:30] "GET /static/js/balance/allocation.js?v=1784452207 HTTP/1.1" 200 1383
[28/Sep/2026 07:35:30] "GET /static/js/balance/transfers/form/modal.js?v=1784452207 HTTP/1.1" 200 6842
[28/Sep/2026 07:35:30] "GET /static/js/balance/currency_exchange/state_and_title.js?v=1784452207 HTTP/1.1" 200 1887
[28/Sep/2026 07:35:30] "GET /static/js/balance/currency_exchange/render_main.js?v=1784452207 HTTP/1.1" 200 6725
[28/Sep/2026 07:35:30] "GET /static/js/balance/transfers/form/persist.js?v=1784452207 HTTP/1.1" 200 2437
[28/Sep/2026 07:35:30] "GET /static/js/balance/currency_exchange/exchange_modal.js?v=1784452207 HTTP/1.1" 200 7021
[28/Sep/2026 07:35:30] "GET /static/js/balance/bank_interest/modal.js?v=1784452207 HTTP/1.1" 200 4423
[28/Sep/2026 07:35:30] "GET /static/js/balance/currency_exchange/backend_calc_save_delete.js?v=1784452207 HTTP/1.1" 200 4211
[28/Sep/2026 07:35:30] "GET /static/js/balance/currency_exchange/filters_table.js?v=1784452207 HTTP/1.1" 200 4262
[28/Sep/2026 07:35:30] "GET /static/js/balance/bank_interest/render.js?v=1784452207 HTTP/1.1" 200 3582
[28/Sep/2026 07:35:30] "GET /static/js/balance/bank_interest/api.js?v=1784452207 HTTP/1.1" 200 2215
[28/Sep/2026 07:35:30] "GET /static/js/balance/credit_card_payment/api.js?v=1784452207 HTTP/1.1" 200 2373
[28/Sep/2026 07:35:30] "GET /static/js/balance/card_renewal_fee/modal.js?v=1784452207 HTTP/1.1" 200 3934
[28/Sep/2026 07:35:30] "GET /static/js/balance/credit_card_payment/render.js?v=1784452207 HTTP/1.1" 200 3837
[28/Sep/2026 07:35:30] "GET /static/js/balance/credit_card_payment/modal.js?v=1784452207 HTTP/1.1" 200 4598
[28/Sep/2026 07:35:30] "GET /static/js/balance/card_renewal_fee/render.js?v=1784452207 HTTP/1.1" 200 3445
[28/Sep/2026 07:35:30] "GET /static/js/balance/card_renewal_fee/api.js?v=1784452207 HTTP/1.1" 200 2268
[28/Sep/2026 07:35:30] "GET /static/js/balance/index_fetch.js?v=1784452207 HTTP/1.1" 200 1978
[28/Sep/2026 07:35:30] "GET /static/js/balance/index_derive.js?v=1784452207 HTTP/1.1" 200 3221
[28/Sep/2026 07:35:30] "GET /static/js/balance/index_recommendations.js?v=1784452207 HTTP/1.1" 200 2284
[28/Sep/2026 07:35:30] "GET /static/js/balance/index_labels.js?v=1784452207 HTTP/1.1" 200 2173
[28/Sep/2026 07:35:30] "GET /static/js/balance/index_events.js?v=1784452207 HTTP/1.1" 200 1852
[28/Sep/2026 07:35:30] "GET /static/js/balance/index_trend_health.js?v=1784452207 HTTP/1.1" 200 5408
[28/Sep/2026 07:35:30] "GET /static/js/balance/index_shell.js?v=1784452207 HTTP/1.1" 200 4206
[28/Sep/2026 07:35:30] "GET /static/js/fixed_assets/gold/dashboard.js?v=1784452207 HTTP/1.1" 200 2580
[28/Sep/2026 07:35:30] "GET /static/js/fixed_assets/utils.js?v=1784452207 HTTP/1.1" 200 1532
[28/Sep/2026 07:35:30] "GET /static/js/balance/index.js?v=1784452207 HTTP/1.1" 200 4671
[28/Sep/2026 07:35:30] "GET /static/js/fixed_assets/api.js?v=1784452207 HTTP/1.1" 200 1728
[28/Sep/2026 07:35:30] "GET /static/js/fixed_assets/gold/units.js?v=1784452207 HTTP/1.1" 200 955
[28/Sep/2026 07:35:30] "GET /static/js/fixed_assets/charts/metrics.js?v=1784452207 HTTP/1.1" 200 4738
[28/Sep/2026 07:35:30] "GET /static/js/fixed_assets/gold/settings.js?v=1784452207 HTTP/1.1" 200 4309
[28/Sep/2026 07:35:30] "GET /static/js/fixed_assets/list/render.js?v=1784452207 HTTP/1.1" 200 6189
[28/Sep/2026 07:35:30] "GET /static/js/fixed_assets/list/gold_groups.js?v=1784452207 HTTP/1.1" 200 3459
[28/Sep/2026 07:35:30] "GET /static/js/fixed_assets/tabs.js?v=1784452207 HTTP/1.1" 200 5599
[28/Sep/2026 07:35:30] "GET /static/js/fixed_assets/reports.js?v=1784452207 HTTP/1.1" 200 6565
[28/Sep/2026 07:35:30] "GET /static/js/fixed_assets/analytics_render.js?v=1784452207 HTTP/1.1" 200 5497
[28/Sep/2026 07:35:30] "GET /static/js/fixed_assets/analytics_metrics.js?v=1784452207 HTTP/1.1" 200 3814
[28/Sep/2026 07:35:30] "GET /static/js/fixed_assets/analytics_charts.js?v=1784452207 HTTP/1.1" 200 1869
[28/Sep/2026 07:35:30] "GET /static/js/fixed_assets/charts/draw.js?v=1784452207 HTTP/1.1" 200 5180
[28/Sep/2026 07:35:30] "GET /static/js/fixed_assets/dashboard.js?v=1784452207 HTTP/1.1" 200 3448
[28/Sep/2026 07:35:30] "GET /static/js/fixed_assets/modal.js?v=1784452207 HTTP/1.1" 200 1200
[28/Sep/2026 07:35:30] "GET /static/js/fixed_assets/currency/options.js?v=1784452207 HTTP/1.1" 200 5030
[28/Sep/2026 07:35:30] "GET /static/js/fixed_assets/calculations.js?v=1784452207 HTTP/1.1" 200 549
[28/Sep/2026 07:35:30] "GET /static/js/fixed_assets/currency/rates.js?v=1784452207 HTTP/1.1" 200 7089
[28/Sep/2026 07:35:30] "GET /static/js/fixed_assets/sale_tabs.js?v=1784452207 HTTP/1.1" 200 4339
[28/Sep/2026 07:35:30] "GET /static/js/fixed_assets/mortgage.js?v=1784452207 HTTP/1.1" 200 2381
[28/Sep/2026 07:35:30] "GET /static/js/fixed_assets/rental.js?v=1784452207 HTTP/1.1" 200 3296
[28/Sep/2026 07:35:30] "GET /static/js/fixed_assets/acquisition_costs.js?v=1784452207 HTTP/1.1" 200 8489
[28/Sep/2026 07:35:30] "GET /static/js/fixed_assets/acquisition_costs_collect.js?v=1784452207 HTTP/1.1" 200 1499
[28/Sep/2026 07:35:30] "GET /static/js/fixed_assets/renovations/summary.js?v=1784452207 HTTP/1.1" 200 1593
[28/Sep/2026 07:35:30] "GET /static/js/fixed_assets/purchase_payments.js?v=1784452207 HTTP/1.1" 200 4623
[28/Sep/2026 07:35:30] "GET /static/js/fixed_assets/sale.js?v=1784452207 HTTP/1.1" 200 3684
[28/Sep/2026 07:35:30] "GET /static/js/fixed_assets/renovations/rows.js?v=1784452207 HTTP/1.1" 200 7789
[28/Sep/2026 07:35:30] "GET /static/js/fixed_assets/renovations_collect.js?v=1784452207 HTTP/1.1" 200 1595
[28/Sep/2026 07:35:30] "GET /static/js/fixed_assets/valuation.js?v=1784452207 HTTP/1.1" 200 6572
[28/Sep/2026 07:35:30] "GET /static/js/fixed_assets/vehicle.js?v=1784452207 HTTP/1.1" 200 947
[28/Sep/2026 07:35:30] "GET /static/js/fixed_assets/gold_details.js?v=1784452207 HTTP/1.1" 200 792
[28/Sep/2026 07:35:30] "GET /static/js/fixed_assets/furniture_summary.js?v=1784452207 HTTP/1.1" 200 3550
[28/Sep/2026 07:35:30] "GET /static/js/fixed_assets/valuation_sync.js?v=1784452207 HTTP/1.1" 200 3815
[28/Sep/2026 07:35:30] "GET /static/js/fixed_assets/insurance.js?v=1784452207 HTTP/1.1" 200 3550
[28/Sep/2026 07:35:30] "GET /static/js/fixed_assets/other_assets.js?v=1784452207 HTTP/1.1" 200 687
[28/Sep/2026 07:35:30] "GET /static/js/fixed_assets/maintenance.js?v=1784452207 HTTP/1.1" 200 1852
[28/Sep/2026 07:35:30] "GET /static/js/fixed_assets/furniture_row.js?v=1784452207 HTTP/1.1" 200 8439
[28/Sep/2026 07:35:30] "GET /static/js/fixed_assets/property.js?v=1784452207 HTTP/1.1" 200 2277
[28/Sep/2026 07:35:30] "GET /static/js/fixed_assets/map/geocoding.js?v=1784452207 HTTP/1.1" 200 3556
[28/Sep/2026 07:35:30] "GET /static/js/fixed_assets/map/photo_gallery.js?v=1784452207 HTTP/1.1" 200 2222
[28/Sep/2026 07:35:30] "GET /static/js/fixed_assets/map/property_map.js?v=1784452207 HTTP/1.1" 200 3156
[28/Sep/2026 07:35:30] "GET /static/js/fixed_assets/validation/sale_form.js?v=1784452207 HTTP/1.1" 200 3323
[28/Sep/2026 07:35:30] "GET /static/js/fixed_assets/validation/sync_helpers.js?v=1784452207 HTTP/1.1" 200 2283
[28/Sep/2026 07:35:30] "GET /static/js/fixed_assets/validation/save_asset/submit.js?v=1784452207 HTTP/1.1" 200 962
[28/Sep/2026 07:35:30] "GET /static/js/fixed_assets/validation/save_asset/build_payload.js?v=1784452207 HTTP/1.1" 200 6469
[28/Sep/2026 07:35:30] "GET /static/js/fixed_assets/validation/lifecycle.js?v=1784452207 HTTP/1.1" 200 1399
[28/Sep/2026 07:35:30] "GET /static/js/fixed_assets/validation/save_asset.js?v=1784452207 HTTP/1.1" 200 2088
[28/Sep/2026 07:35:30] "GET /static/js/fixed_assets/validation/save_asset/photos.js?v=1784452207 HTTP/1.1" 200 1141
[28/Sep/2026 07:35:30] "GET /static/js/fixed_assets/validation/submit_sale_misc.js?v=1784452207 HTTP/1.1" 200 1726
[28/Sep/2026 07:35:30] "GET /static/js/fixed_assets/details_insurance_sale_tabs.js?v=1784452207 HTTP/1.1" 200 4685
[28/Sep/2026 07:35:30] "GET /static/js/fixed_assets/details_shared_tabs.js?v=1784452207 HTTP/1.1" 200 10323
[28/Sep/2026 07:35:30] "GET /static/js/fixed_assets/validation/sale_modal.js?v=1784452207 HTTP/1.1" 200 4890
[28/Sep/2026 07:35:30] "GET /static/js/fixed_assets/details_property_tab.js?v=1784452207 HTTP/1.1" 200 14918
[28/Sep/2026 07:35:30] "GET /static/js/fixed_assets/details_asset_types.js?v=1784452207 HTTP/1.1" 200 6864
[28/Sep/2026 07:35:30] "GET /static/js/fixed_assets/details_modal_nav2.js?v=1784452207 HTTP/1.1" 200 5903
[28/Sep/2026 07:35:30] "GET /static/js/fixed_assets/details_modal_nav1.js?v=1784452207 HTTP/1.1" 200 4822
[28/Sep/2026 07:35:30] "GET /static/js/fixed_assets/details_modal_events.js?v=1784452207 HTTP/1.1" 200 4234
[28/Sep/2026 07:35:30] "GET /static/js/fixed_assets/details_property_other_tabs.js?v=1784452207 HTTP/1.1" 200 10490
[28/Sep/2026 07:35:30] "GET /static/js/fixed_assets/details_modal.js?v=1784452207 HTTP/1.1" 200 1372
[28/Sep/2026 07:35:30] "GET /static/js/fixed_assets/asset_detail_view/non_real_estate_modal.js?v=1784452207 HTTP/1.1" 200 8162
[28/Sep/2026 07:35:30] "GET /static/js/fixed_assets/asset_detail_view/non_real_estate_core_tab.js?v=1784452207 HTTP/1.1" 200 10538
[28/Sep/2026 07:35:30] "GET /static/js/fixed_assets/details_modal_html.js?v=1784452207 HTTP/1.1" 200 2128
[28/Sep/2026 07:35:30] "GET /static/js/fixed_assets/asset_detail_view/general_property_tabs.js?v=1784452207 HTTP/1.1" 200 11460
[28/Sep/2026 07:35:30] "GET /static/js/fixed_assets/asset_detail_view/tabs/furniture_pane.js?v=1784452207 HTTP/1.1" 200 4970
[28/Sep/2026 07:35:30] "GET /static/js/fixed_assets/asset_detail_view/tabs/mortgage_rental_panes.js?v=1784452207 HTTP/1.1" 200 5025
[28/Sep/2026 07:35:30] "GET /static/js/fixed_assets/asset_detail_view/furniture_valuation_mortgage_rental_sale_tabs.js?v=1784452207 HTTP/1.1" 200 715
[28/Sep/2026 07:35:30] "GET /static/js/fixed_assets/asset_detail_view/tabs/valuation_pane.js?v=1784452207 HTTP/1.1" 200 2011
[28/Sep/2026 07:35:30] "GET /static/js/fixed_assets/asset_detail_view/photos_renovation_acquisition_tabs.js?v=1784452207 HTTP/1.1" 200 11011
[28/Sep/2026 07:35:30] "GET /static/js/fixed_assets/asset_detail_view/tabs/sale_pane_and_footer.js?v=1784452207 HTTP/1.1" 200 3115
[28/Sep/2026 07:35:30] "GET /static/js/fixed_assets/asset_detail_view/modal_shell.js?v=1784452207 HTTP/1.1" 200 8846
[28/Sep/2026 07:35:30] "GET /static/js/fixed_assets/asset_detail_view/entry.js?v=1784452207 HTTP/1.1" 200 7104
[28/Sep/2026 07:35:30] "GET /static/js/settings/utils.js?v=1784452207 HTTP/1.1" 200 964
[28/Sep/2026 07:35:30] "GET /static/js/fixed_assets/load_asset.js?v=1784452207 HTTP/1.1" 200 9278
[28/Sep/2026 07:35:30] "GET /static/js/fixed_assets/index.js?v=1784452207 HTTP/1.1" 200 3275
[28/Sep/2026 07:35:30] "GET /static/js/settings/smtp.js?v=1784452207 HTTP/1.1" 200 3751
[28/Sep/2026 07:35:30] "GET /static/js/settings/app_settings.js?v=1784452207 HTTP/1.1" 200 367
[28/Sep/2026 07:35:30] "GET /static/js/settings/email_templates/modal.js?v=1784452207 HTTP/1.1" 200 4131
[28/Sep/2026 07:35:30] "GET /static/js/settings/cert_status_settings.js?v=1784452207 HTTP/1.1" 200 10325
[28/Sep/2026 07:35:30] "GET /static/js/settings/email_templates/list.js?v=1784452207 HTTP/1.1" 200 8974
[28/Sep/2026 07:35:30] "GET /static/js/settings/cert_status_actions.js?v=1784452207 HTTP/1.1" 200 1563
[28/Sep/2026 07:35:30] "GET /static/js/settings/gold_purity.js?v=1784452207 HTTP/1.1" 200 4910
[28/Sep/2026 07:35:30] "GET /static/js/settings/property_valuation.js?v=1784452207 HTTP/1.1" 200 10170
[28/Sep/2026 07:35:30] "GET /static/js/settings/translations/languages/list.js?v=1784452207 HTTP/1.1" 200 2726
[28/Sep/2026 07:35:30] "GET /static/js/settings/translations/languages/modal.js?v=1784452207 HTTP/1.1" 200 5553
[28/Sep/2026 07:35:30] "GET /static/js/settings/gold_settings.js?v=1784452207 HTTP/1.1" 200 7678
[28/Sep/2026 07:35:30] "GET /static/js/settings/translations/translations_editor.js?v=1784452207 HTTP/1.1" 200 3634
[28/Sep/2026 07:35:30] "GET /static/js/settings/property_valuation_scrape.js?v=1784452207 HTTP/1.1" 200 2561
[28/Sep/2026 07:35:30] "GET /static/js/settings/translations/translations_coverage.js?v=1784452207 HTTP/1.1" 200 6822
[28/Sep/2026 07:35:30] "GET /static/js/settings/companies/modal.js?v=1784452207 HTTP/1.1" 200 7107
[28/Sep/2026 07:35:30] "GET /static/js/settings/companies/actions.js?v=1784452207 HTTP/1.1" 200 3098
[28/Sep/2026 07:35:30] "GET /static/js/settings/companies/render.js?v=1784452207 HTTP/1.1" 200 2710
[28/Sep/2026 07:35:30] "GET /static/js/settings/currencies.js?v=1784452207 HTTP/1.1" 200 9269
[28/Sep/2026 07:35:30] "GET /static/js/settings/users/actions.js?v=1784452207 HTTP/1.1" 200 3384
[28/Sep/2026 07:35:30] "GET /static/js/settings/users/list.js?v=1784452207 HTTP/1.1" 200 9162
[28/Sep/2026 07:35:30] "GET /static/js/settings/banks.js?v=1784452207 HTTP/1.1" 200 6131
[28/Sep/2026 07:35:30] "GET /static/js/settings/backup_restore/server_actions.js?v=1784452207 HTTP/1.1" 200 2493
[28/Sep/2026 07:35:30] "GET /static/js/settings/permissions.js?v=1784452207 HTTP/1.1" 200 6069
[28/Sep/2026 07:35:30] "GET /static/js/settings/backup_restore/render.js?v=1784452207 HTTP/1.1" 200 6043
[28/Sep/2026 07:35:30] "GET /static/js/settings/roles/render.js?v=1784452207 HTTP/1.1" 200 5800
[28/Sep/2026 07:35:30] "GET /static/js/settings/backup_restore/download_upload.js?v=1784452207 HTTP/1.1" 200 1546
[28/Sep/2026 07:35:30] "GET /static/js/settings/dashboard.js?v=1784452207 HTTP/1.1" 200 2067
[28/Sep/2026 07:35:30] "GET /static/js/settings/vendor_assets_update.js?v=1784452207 HTTP/1.1" 200 2879
[28/Sep/2026 07:35:30] "GET /static/js/settings/backup_restore/helpers.js?v=1784452207 HTTP/1.1" 200 1023
[28/Sep/2026 07:35:30] "GET /static/js/settings/documentation/documentation_history.js?v=1784452207 HTTP/1.1" 200 3946
[28/Sep/2026 07:35:30] "GET /static/js/settings/documentation/documentation_state.js?v=1784452207 HTTP/1.1" 200 3892
[28/Sep/2026 07:35:30] "GET /static/js/settings/documentation/documentation_validation.js?v=1784452207 HTTP/1.1" 200 4500
[28/Sep/2026 07:35:30] "GET /static/js/settings/documentation/documentation_poll.js?v=1784452207 HTTP/1.1" 200 7715
[28/Sep/2026 07:35:30] "GET /static/js/settings/documentation/documentation_layout.js?v=1784452207 HTTP/1.1" 200 12908
[28/Sep/2026 07:35:30] "GET /static/js/settings/documentation/documentation_actions.js?v=1784452207 HTTP/1.1" 200 3028
[28/Sep/2026 07:35:30] "GET /static/js/settings/ai_advisor/state.js?v=1784452207 HTTP/1.1" 200 537
[28/Sep/2026 07:35:30] "GET /static/js/settings/ai_advisor/pipeline_controls.js?v=1784452207 HTTP/1.1" 200 1604
[28/Sep/2026 07:35:30] "GET /static/js/settings/ai_advisor/render_settings.js?v=1784452207 HTTP/1.1" 200 3101
[28/Sep/2026 07:35:30] "GET /static/js/settings/ai_advisor/provider_fields.js?v=1784452207 HTTP/1.1" 200 2522
[28/Sep/2026 07:35:30] "GET /static/js/settings/ai_advisor/diagnostics_model_select.js?v=1784452207 HTTP/1.1" 200 3534
[28/Sep/2026 07:35:30] "GET /static/js/settings/ai_advisor/connection_test.js?v=1784452207 HTTP/1.1" 200 2393
[28/Sep/2026 07:35:30] "GET /static/js/settings/ai_advisor/platform_overview_actions.js?v=1784452207 HTTP/1.1" 200 6350
[28/Sep/2026 07:35:30] "GET /static/js/settings/ai_advisor/runtime_capabilities_actions.js?v=1784452207 HTTP/1.1" 200 3961
[28/Sep/2026 07:35:30] "GET /static/js/settings/ai_advisor/save_settings.js?v=1784452207 HTTP/1.1" 200 4103
[28/Sep/2026 07:35:30] "GET /static/js/settings/billing/render.js?v=1784452207 HTTP/1.1" 200 3521
[28/Sep/2026 07:35:30] "GET /static/js/settings/ai_advisor/render_settings_form.js?v=1784452207 HTTP/1.1" 200 17183
[28/Sep/2026 07:35:30] "GET /static/js/settings/billing/edit_modal.js?v=1784452207 HTTP/1.1" 200 5689
[28/Sep/2026 07:35:30] "GET /static/js/settings/billing/plan_crud.js?v=1784452207 HTTP/1.1" 200 3390
[28/Sep/2026 07:35:30] "GET /static/js/settings/billing/price_actions.js?v=1784452207 HTTP/1.1" 200 1877
[28/Sep/2026 07:35:30] "GET /static/js/settings/billing/gateway_settings.js?v=1784452207 HTTP/1.1" 200 4322
[28/Sep/2026 07:35:30] "GET /static/js/settings/index.js?v=1784452207 HTTP/1.1" 200 2736
[28/Sep/2026 07:35:30] "GET /static/js/billing/plans_page.js?v=1784452207 HTTP/1.1" 200 7129
[28/Sep/2026 07:35:30] "GET /static/js/settings/tabs.js?v=1784452207 HTTP/1.1" 200 3622
[28/Sep/2026 07:35:30] "GET /static/js/bank_certificates/utils.js?v=1784452207 HTTP/1.1" 200 2836
[28/Sep/2026 07:35:30] "GET /static/js/billing/trial_banner.js?v=1784452207 HTTP/1.1" 200 3989
[28/Sep/2026 07:35:30] "GET /static/js/bank_certificates/calculations.js?v=1784452207 HTTP/1.1" 200 1710
[28/Sep/2026 07:35:30] "GET /static/js/bank_certificates/api.js?v=1784452207 HTTP/1.1" 200 3514
[28/Sep/2026 07:35:30] "GET /static/js/bank_certificates/interest.js?v=1784452207 HTTP/1.1" 200 1740
[28/Sep/2026 07:35:30] "GET /static/js/bank_certificates/list_view.js?v=1784452207 HTTP/1.1" 200 6040
[28/Sep/2026 07:35:30] "GET /static/js/settings/window_exports.js?v=1784452207 HTTP/1.1" 200 4339
[28/Sep/2026 07:35:30] "GET /static/js/exchange_rates/rates_meta.js?v=1784452207 HTTP/1.1" 200 3075
[28/Sep/2026 07:35:30] "GET /static/js/exchange_rates/index.js?v=1784452207 HTTP/1.1" 200 2862
[28/Sep/2026 07:35:30] "GET /static/js/bank_certificates/modal.js?v=1784452207 HTTP/1.1" 200 7610
[28/Sep/2026 07:35:30] "GET /static/js/bank_certificates/interest_history.js?v=1784452207 HTTP/1.1" 200 8571
[28/Sep/2026 07:35:30] "GET /static/js/exchange_rates/rates_render.js?v=1784452207 HTTP/1.1" 200 8703
[28/Sep/2026 07:35:30] "GET /static/js/expenses/utils.js?v=1784452207 HTTP/1.1" 200 1124
[28/Sep/2026 07:35:30] "GET /static/js/expenses/api.js?v=1784452207 HTTP/1.1" 200 4427
[28/Sep/2026 07:35:30] "GET /static/js/gold_price/index.js?v=1784452207 HTTP/1.1" 200 8914
[28/Sep/2026 07:35:30] "GET /static/js/expenses/reports.js?v=1784452207 HTTP/1.1" 200 2318
[28/Sep/2026 07:35:30] "GET /static/js/gold_price/refresh.js?v=1784452207 HTTP/1.1" 200 1871
[28/Sep/2026 07:35:30] "GET /static/js/expenses/categories.js?v=1784452207 HTTP/1.1" 200 4163
[28/Sep/2026 07:35:30] "GET /static/js/expenses/subcategories.js?v=1784452207 HTTP/1.1" 200 3936
[28/Sep/2026 07:35:30] "GET /static/js/expenses/filters.js?v=1784452207 HTTP/1.1" 200 996
[28/Sep/2026 07:35:30] "GET /static/js/expenses/dashboard.js?v=1784452207 HTTP/1.1" 200 7836
[28/Sep/2026 07:35:30] "GET /static/js/expenses/modal.js?v=1784452207 HTTP/1.1" 200 7796
[28/Sep/2026 07:35:30] "GET /static/js/expenses/table.js?v=1784452207 HTTP/1.1" 200 2893
[28/Sep/2026 07:35:30] "GET /static/js/expenses/index.js?v=1784452207 HTTP/1.1" 200 1571
[28/Sep/2026 07:35:30] "GET /static/js/reminders/api.js?v=1784452207 HTTP/1.1" 200 3213
[28/Sep/2026 07:35:30] "GET /static/js/reminders/rules.js?v=1784452207 HTTP/1.1" 200 5973
[28/Sep/2026 07:35:30] "GET /static/js/reminders/banner.js?v=1784452207 HTTP/1.1" 200 3108
[28/Sep/2026 07:35:30] "GET /static/js/advanced_reports/certificates.js?v=1784452207 HTTP/1.1" 200 4388
[28/Sep/2026 07:35:30] "GET /static/js/advanced_reports/charts.js?v=1784452207 HTTP/1.1" 200 2135
[28/Sep/2026 07:35:30] "GET /static/js/reminders/index.js?v=1784452207 HTTP/1.1" 200 9121
[28/Sep/2026 07:35:30] "GET /static/js/advanced_reports/balance.js?v=1784452207 HTTP/1.1" 200 3245
[28/Sep/2026 07:35:30] "GET /static/js/advanced_reports/salary.js?v=1784452207 HTTP/1.1" 200 7469
[28/Sep/2026 07:35:30] "GET /static/js/onboarding/wizard.js?v=1784452207 HTTP/1.1" 200 8727
[28/Sep/2026 07:35:30] "GET /static/js/advanced_reports/index.js?v=1784452207 HTTP/1.1" 200 7117
[28/Sep/2026 07:35:30] "GET /api/asset-furniture/categories/ HTTP/1.1" 200 364
[28/Sep/2026 07:35:30] "GET /api/asset-renovations/categories/ HTTP/1.1" 200 225
[28/Sep/2026 07:35:30] "GET /api/asset-acquisition-costs/categories/ HTTP/1.1" 200 138
[28/Sep/2026 07:35:30] "GET /api/auth/profile/ HTTP/1.1" 200 15380
[28/Sep/2026 07:35:30] "GET /static/images/favicon.ico?v=1784452207 HTTP/1.1" 200 226046
[28/Sep/2026 07:35:30] "GET /static/i18n/en.json?v=1790570130350 HTTP/1.1" 200 129692
[28/Sep/2026 07:35:30] "GET /api/settings/?v=1790570130357 HTTP/1.1" 200 3411
[28/Sep/2026 07:35:30] "GET /api/base-currency/ HTTP/1.1" 200 161
[28/Sep/2026 07:35:30] "GET /api/banks/ HTTP/1.1" 200 416
[28/Sep/2026 07:35:30] "GET /api/auth/profile/ HTTP/1.1" 200 15380
[28/Sep/2026 07:35:30] "GET /api/auth/me/ HTTP/1.1" 200 805
[28/Sep/2026 07:35:30] "GET /api/companies/ HTTP/1.1" 200 3078
[28/Sep/2026 07:35:30] "GET /api/billing/status/ HTTP/1.1" 200 75
[28/Sep/2026 07:35:30] "GET /static/vendor/fonts/inter/inter-latin-ext-400-normal.woff2 HTTP/1.1" 200 20432
[28/Sep/2026 07:35:30] "GET /api/banks/ HTTP/1.1" 200 416
[28/Sep/2026 07:35:30] "GET /static/vendor/fonts/inter/inter-latin-ext-600-normal.woff2 HTTP/1.1" 200 22444
[28/Sep/2026 07:35:30] "GET /static/vendor/bootstrap-icons/fonts/bootstrap-icons.woff2?e34853135f9e39acf64315236852cd5a HTTP/1.1" 200 134044
[28/Sep/2026 07:35:30] "GET /static/vendor/fonts/plus-jakarta-sans/plus-jakarta-sans-latin-ext-600-normal.woff2 HTTP/1.1" 200 8600
[28/Sep/2026 07:35:30] "GET /static/vendor/fonts/plus-jakarta-sans/plus-jakarta-sans-latin-ext-800-normal.woff2 HTTP/1.1" 200 8484
[28/Sep/2026 07:35:30] "GET /static/vendor/fonts/inter/inter-latin-ext-500-normal.woff2 HTTP/1.1" 200 22336
[28/Sep/2026 07:35:30] "GET /static/vendor/fonts/inter/inter-latin-400-normal.woff2 HTTP/1.1" 200 16708
[28/Sep/2026 07:35:30] "GET /api/onboarding/status/ HTTP/1.1" 200 1249
[28/Sep/2026 07:35:30] "GET /static/vendor/fonts/inter/inter-latin-600-normal.woff2 HTTP/1.1" 200 17660
[28/Sep/2026 07:35:30] "GET /api/bank-certificates/ HTTP/1.1" 200 2377
[28/Sep/2026 07:35:30] "GET /api/currencies/ HTTP/1.1" 200 995
[28/Sep/2026 07:35:30] "GET /api/settings/ HTTP/1.1" 200 3411
[28/Sep/2026 07:35:30] "GET /static/vendor/fonts/plus-jakarta-sans/plus-jakarta-sans-latin-800-normal.woff2 HTTP/1.1" 200 10528
[28/Sep/2026 07:35:30] "GET /static/vendor/fonts/inter/inter-latin-500-normal.woff2 HTTP/1.1" 200 17552
[28/Sep/2026 07:35:30] "GET /static/vendor/fonts/plus-jakarta-sans/plus-jakarta-sans-latin-ext-400-normal.woff2 HTTP/1.1" 200 8200
[28/Sep/2026 07:35:30] "GET /static/vendor/fonts/plus-jakarta-sans/plus-jakarta-sans-latin-600-normal.woff2 HTTP/1.1" 200 10816
[28/Sep/2026 07:35:30] "GET /static/vendor/fonts/inter/inter-latin-ext-700-normal.woff2 HTTP/1.1" 200 22624
[28/Sep/2026 07:35:30] "GET /static/vendor/fonts/plus-jakarta-sans/plus-jakarta-sans-latin-400-normal.woff2 HTTP/1.1" 200 10464
[28/Sep/2026 07:35:30] "GET /static/vendor/fonts/inter/inter-latin-700-normal.woff2 HTTP/1.1" 200 17784
[28/Sep/2026 07:35:30] "GET /static/vendor/fonts/plus-jakarta-sans/plus-jakarta-sans-latin-ext-700-normal.woff2 HTTP/1.1" 200 8648
[28/Sep/2026 07:35:30] "GET /static/vendor/fonts/plus-jakarta-sans/plus-jakarta-sans-latin-700-normal.woff2 HTTP/1.1" 200 10844
[28/Sep/2026 07:35:31] "GET /api/expenses/?start=&end= HTTP/1.1" 200 64255
[28/Sep/2026 07:35:31] "GET /api/expenses/summary/?year=2026 HTTP/1.1" 200 1542
[28/Sep/2026 07:35:31] "GET /api/expenses/summary/?year=2026 HTTP/1.1" 200 1542
[28/Sep/2026 07:35:31] "GET /api/expenses/?start=&end= HTTP/1.1" 200 64255
[28/Sep/2026 07:35:32] "GET /api/bank-certificates/ HTTP/1.1" 200 2377
[28/Sep/2026 07:35:32] "GET /api/cert-statuses/ HTTP/1.1" 200 557
[28/Sep/2026 07:35:32] "GET /api/settings/ HTTP/1.1" 200 3411
[28/Sep/2026 07:35:32] "GET /api/reminders/check/ HTTP/1.1" 200 29
[28/Sep/2026 07:35:34] "POST /api/bank-certificates/ HTTP/1.1" 201 378
[28/Sep/2026 07:35:34] "GET /api/banks/ HTTP/1.1" 200 416
[28/Sep/2026 07:35:34] "GET /api/currencies/ HTTP/1.1" 200 995
[28/Sep/2026 07:35:34] "GET /api/bank-certificates/ HTTP/1.1" 200 2757
[28/Sep/2026 07:35:35] "GET /api/bank-certificates/ HTTP/1.1" 200 2757
[28/Sep/2026 07:35:35] "GET /api/bank-certificates/15/ HTTP/1.1" 200 378
[28/Sep/2026 07:35:35] "GET /api/cert-statuses/ HTTP/1.1" 200 557
[28/Sep/2026 07:35:35] "GET /api/documents/categories/?parent_type=bank_certificate HTTP/1.1" 200 79
[28/Sep/2026 07:35:35] "GET /api/documents/bank_certificate/15/ HTTP/1.1" 200 17
[28/Sep/2026 07:35:36] "PUT /api/bank-certificates/15/ HTTP/1.1" 200 378
[28/Sep/2026 07:35:36] "GET /api/banks/ HTTP/1.1" 200 416
[28/Sep/2026 07:35:36] "GET /api/bank-certificates/ HTTP/1.1" 200 2757
[28/Sep/2026 07:35:36] "GET /api/currencies/ HTTP/1.1" 200 995
[28/Sep/2026 07:35:36] "GET /api/bank-certificates/ HTTP/1.1" 200 2757
[28/Sep/2026 07:35:36] "DELETE /api/bank-certificates/15/ HTTP/1.1" 200 15
[28/Sep/2026 07:35:36] "GET /api/banks/ HTTP/1.1" 200 416
[28/Sep/2026 07:35:37] "GET /api/bank-certificates/ HTTP/1.1" 200 2377
[28/Sep/2026 07:35:37] "GET /api/currencies/ HTTP/1.1" 200 995
[28/Sep/2026 07:35:37] "GET /api/bank-certificates/ HTTP/1.1" 200 2377
[28/Sep/2026 07:35:37] "GET /api/expenses/?start=&end= HTTP/1.1" 200 64255
[28/Sep/2026 07:35:37] "GET /api/expenses/summary/?year=2026 HTTP/1.1" 200 1542
[28/Sep/2026 07:35:38] "GET /api/cert-statuses/ HTTP/1.1" 200 557
[28/Sep/2026 07:35:39] "POST /api/cert-statuses/ HTTP/1.1" 201 131
[28/Sep/2026 07:35:39] "GET /api/cert-statuses/ HTTP/1.1" 200 678
[28/Sep/2026 07:35:40] "GET /api/cert-statuses/ HTTP/1.1" 200 678
[28/Sep/2026 07:35:40] "GET /api/cert-statuses/ HTTP/1.1" 200 678
[28/Sep/2026 07:35:40] "PUT /api/cert-statuses/41/ HTTP/1.1" 200 138
[28/Sep/2026 07:35:40] "GET /api/cert-statuses/ HTTP/1.1" 200 685
[28/Sep/2026 07:35:41] "GET /api/cert-statuses/ HTTP/1.1" 200 685
[28/Sep/2026 07:35:41] "DELETE /api/cert-statuses/41/ HTTP/1.1" 200 15
[28/Sep/2026 07:35:41] "GET /api/cert-statuses/ HTTP/1.1" 200 557
[28/Sep/2026 07:35:42] "GET /api/cert-statuses/ HTTP/1.1" 200 557
Not Found: /financial-advisor
[28/Sep/2026 07:35:43] "GET /financial-advisor HTTP/1.1" 404 53016
[28/Sep/2026 07:35:44] "GET / HTTP/1.1" 200 33791
[28/Sep/2026 07:35:44] "GET /static/vendor/fonts/google-fonts.css HTTP/1.1" 200 4560
[28/Sep/2026 07:35:44] "GET /static/js/utils/csrf_fetch.js?v=1784452207 HTTP/1.1" 200 1672
[28/Sep/2026 07:35:44] "GET /static/css/main/index.css?v=1784452207 HTTP/1.1" 200 2037
[28/Sep/2026 07:35:44] "GET /static/vendor/leaflet/leaflet.css HTTP/1.1" 200 14145
[28/Sep/2026 07:35:44] "GET /static/css/ai/index.css?v=1784452207 HTTP/1.1" 200 1845
[28/Sep/2026 07:35:44] "GET /static/vendor/bootstrap-icons/bootstrap-icons.css HTTP/1.1" 200 99556
[28/Sep/2026 07:35:44] "GET /static/vendor/bootstrap/css/bootstrap.min.css HTTP/1.1" 200 232111
[28/Sep/2026 07:35:44] "GET /static/js/utils/base_currency.js?v=1784452207 HTTP/1.1" 200 2145
[28/Sep/2026 07:35:44] "GET /static/js/i18n/index.js?v=1784452207 HTTP/1.1" 200 1214
[28/Sep/2026 07:35:44] "GET /static/js/i18n/load_language.js?v=1784452207 HTTP/1.1" 200 2699
[28/Sep/2026 07:35:44] "GET /static/vendor/bootstrap/js/bootstrap.bundle.min.js HTTP/1.1" 200 80496
[28/Sep/2026 07:35:44] "GET /static/vendor/leaflet/leaflet.js HTTP/1.1" 200 147552
[28/Sep/2026 07:35:44] "GET /static/vendor/chartjs/chart.umd.js HTTP/1.1" 200 208522
[28/Sep/2026 07:35:44] "GET /static/js/i18n/apply_translations.js?v=1784452207 HTTP/1.1" 200 5073
[28/Sep/2026 07:35:44] "GET /static/js/utils/dateFormatter.js?v=1784452207 HTTP/1.1" 200 4272
[28/Sep/2026 07:35:44] "GET /static/js/datepicker/localization.js?v=1784452207 HTTP/1.1" 200 3340
[28/Sep/2026 07:35:44] "GET /static/js/datepicker/positioning.js?v=1784452207 HTTP/1.1" 200 3508
[28/Sep/2026 07:35:44] "GET /static/js/datepicker/dom.js?v=1784452207 HTTP/1.1" 200 5745
[28/Sep/2026 07:35:44] "GET /static/js/datepicker/calendar_days.js?v=1784452207 HTTP/1.1" 200 4315
[28/Sep/2026 07:35:44] "GET /static/js/datepicker/calendar_months.js?v=1784452207 HTTP/1.1" 200 2978
[28/Sep/2026 07:35:44] "GET /static/js/datepicker/events.js?v=1784452207 HTTP/1.1" 200 5271
[28/Sep/2026 07:35:44] "GET /static/js/datepicker/calendar_footer.js?v=1784452207 HTTP/1.1" 200 3299
[28/Sep/2026 07:35:44] "GET /static/js/datepicker/calendar.js?v=1784452207 HTTP/1.1" 200 7376
[28/Sep/2026 07:35:44] "GET /static/js/datepicker/popup_lifecycle.js?v=1784452207 HTTP/1.1" 200 5788
[28/Sep/2026 07:35:44] "GET /static/js/datepicker/registry.js?v=1784452207 HTTP/1.1" 200 3376
[28/Sep/2026 07:35:44] "GET /static/js/datepicker/core.js?v=1784452207 HTTP/1.1" 200 5520
[28/Sep/2026 07:35:44] "GET /static/js/datepicker/delegates.js?v=1784452207 HTTP/1.1" 200 2082
[28/Sep/2026 07:35:44] "GET /static/js/datepicker/date-picker.js?v=1784452207 HTTP/1.1" 200 2422
[28/Sep/2026 07:35:44] "GET /static/js/reports/pdf.js?v=1784452207 HTTP/1.1" 200 2520
[28/Sep/2026 07:35:44] "GET /static/js/reports/yearly.js?v=1784452207 HTTP/1.1" 200 78
[28/Sep/2026 07:35:44] "GET /static/js/reports/charts.js?v=1784452207 HTTP/1.1" 200 4759
[28/Sep/2026 07:35:44] "GET /static/js/reports/utils.js?v=1784452207 HTTP/1.1" 200 547
[28/Sep/2026 07:35:44] "GET /static/js/reports/index/tabs.js?v=1784452207 HTTP/1.1" 200 7050
[28/Sep/2026 07:35:44] "GET /static/js/app/banks.js?v=1784452207 HTTP/1.1" 200 167
[28/Sep/2026 07:35:44] "GET /static/js/app/companies.js?v=1784452207 HTTP/1.1" 200 191
[28/Sep/2026 07:35:44] "GET /static/js/reports/index/data.js?v=1784452207 HTTP/1.1" 200 5990
[28/Sep/2026 07:35:44] "GET /static/js/app/utils/tabs/breadcrumb.js?v=1784452207 HTTP/1.1" 200 486
[28/Sep/2026 07:35:44] "GET /static/js/app/utils/tabs/more_menu.js?v=1784452207 HTTP/1.1" 200 4871
[28/Sep/2026 07:35:44] "GET /static/js/app/utils/tabs/shell.js?v=1784452207 HTTP/1.1" 200 416
[28/Sep/2026 07:35:44] "GET /static/css/ai/workspace_header.css HTTP/1.1" 200 2403
[28/Sep/2026 07:35:44] "GET /static/js/app/utils/collapsible.js?v=1784452207 HTTP/1.1" 200 4636
[28/Sep/2026 07:35:44] "GET /static/js/app/chart_crosshair/helpers.js?v=1784452207 HTTP/1.1" 200 7310
[28/Sep/2026 07:35:44] "GET /static/js/app/chart_crosshair/plugin.js?v=1784452207 HTTP/1.1" 200 7086
[28/Sep/2026 07:35:44] "GET /static/css/ai/left_panel/index.css HTTP/1.1" 200 927
[28/Sep/2026 07:35:44] "GET /static/css/ai/center_empty_state.css HTTP/1.1" 200 3272
[28/Sep/2026 07:35:44] "GET /static/css/ai/message_bubbles.css HTTP/1.1" 200 3021
[28/Sep/2026 07:35:44] "GET /static/css/ai/input_area.css HTTP/1.1" 200 2718
[28/Sep/2026 07:35:44] "GET /static/css/ai/right_panel.css HTTP/1.1" 200 3844
[28/Sep/2026 07:35:44] "GET /static/css/ai/mobile_fixes/index.css HTTP/1.1" 200 836
[28/Sep/2026 07:35:44] "GET /static/css/ai/code_tables_badges.css HTTP/1.1" 200 2290
[28/Sep/2026 07:35:44] "GET /static/css/ai/responsive_misc.css HTTP/1.1" 200 3138
[28/Sep/2026 07:35:44] "GET /static/css/base/variables.css?v=1784442773?v=1784442773 HTTP/1.1" 200 1958
[28/Sep/2026 07:35:44] "GET /static/css/base/typography.css?v=1784442773?v=1784442773 HTTP/1.1" 200 2167
[28/Sep/2026 07:35:44] "GET /static/css/layout_financial_advisor/index.css?v=1784442773 HTTP/1.1" 200 691
[28/Sep/2026 07:35:44] "GET /static/css/layout/shared.css?v=1784442773 HTTP/1.1" 200 674
[28/Sep/2026 07:35:44] "GET /static/css/layout/fixed_assets.css?v=1784442773 HTTP/1.1" 200 953
[28/Sep/2026 07:35:44] "GET /static/css/theme/index.css?v=1784442773?v=1784442773 HTTP/1.1" 200 782
[28/Sep/2026 07:35:44] "GET /static/css/layout/settings.css?v=1784442773 HTTP/1.1" 200 872
[28/Sep/2026 07:35:44] "GET /static/css/components/sidebar.css?v=1784442773?v=1784442773 HTTP/1.1" 200 3641
[28/Sep/2026 07:35:44] "GET /static/css/components/tables.css?v=1784442773?v=1784442773 HTTP/1.1" 200 3478
[28/Sep/2026 07:35:44] "GET /static/css/components/topbar.css?v=1784442773?v=1784442773 HTTP/1.1" 200 1744
[28/Sep/2026 07:35:44] "GET /static/css/components/forms.css?v=1784442773?v=1784442773 HTTP/1.1" 200 3170
[28/Sep/2026 07:35:44] "GET /static/css/components/buttons.css?v=1784442773?v=1784442773 HTTP/1.1" 200 3280
[28/Sep/2026 07:35:44] "GET /static/css/components/modals/index.css?v=1784442773?v=1784442773 HTTP/1.1" 200 901
[28/Sep/2026 07:35:44] "GET /static/css/cards/index.css?v=1784442773?v=1784442773 HTTP/1.1" 200 386
[28/Sep/2026 07:35:44] "GET /static/css/features/salary.css?v=1784442773?v=1784442773 HTTP/1.1" 200 99
[28/Sep/2026 07:35:44] "GET /static/css/features/dashboard.css?v=1784442773?v=1784442773 HTTP/1.1" 200 102
[28/Sep/2026 07:35:44] "GET /static/css/features/certificates.css?v=1784442773?v=1784442773 HTTP/1.1" 200 105
[28/Sep/2026 07:35:44] "GET /static/css/features/balance.css?v=1784442773?v=1784442773 HTTP/1.1" 200 5606
[28/Sep/2026 07:35:44] "GET /static/css/features/expenses.css?v=1784442773?v=1784442773 HTTP/1.1" 200 672
[28/Sep/2026 07:35:44] "GET /static/css/features/reports.css?v=1784442773?v=1784442773 HTTP/1.1" 200 506
[28/Sep/2026 07:35:44] "GET /static/css/features/reminders.css?v=1784442773?v=1784442773 HTTP/1.1" 200 102
[28/Sep/2026 07:35:44] "GET /static/css/features/billing_customer.css?v=1784442773 HTTP/1.1" 200 3489
[28/Sep/2026 07:35:44] "GET /static/css/features/settings.css?v=1784442773?v=1784442773 HTTP/1.1" 200 101
[28/Sep/2026 07:35:44] "GET /static/css/financial_advisor/index.css?v=1784442773?v=1784442773 HTTP/1.1" 200 484
[28/Sep/2026 07:35:44] "GET /static/css/fixed_assets/index.css?v=1784442773?v=1784442773 HTTP/1.1" 200 405
[28/Sep/2026 07:35:44] "GET /static/css/date_picker/index.css?v=1784442773 HTTP/1.1" 200 1301
[28/Sep/2026 07:35:44] "GET /static/css/components/center_alert.css?v=1784442773 HTTP/1.1" 200 1601
[28/Sep/2026 07:35:44] "GET /static/css/responsive/index.css?v=1784442773?v=1784442773 HTTP/1.1" 200 859
[28/Sep/2026 07:35:44] "GET /static/css/ai/left_panel/shell_and_new_chat.css HTTP/1.1" 200 1394
[28/Sep/2026 07:35:44] "GET /static/css/ai/left_panel/conversation_list.css HTTP/1.1" 200 2179
[28/Sep/2026 07:35:44] "GET /static/css/ai/left_panel/future_cards.css HTTP/1.1" 200 1202
[28/Sep/2026 07:35:44] "GET /static/css/ai/mobile_fixes/context_panel_mobile.css HTTP/1.1" 200 1794
[28/Sep/2026 07:35:44] "GET /static/css/ai/mobile_fixes/header_and_input_breakpoints.css HTTP/1.1" 200 1998
[28/Sep/2026 07:35:44] "GET /static/css/layout_financial_advisor/executive_sections_1.css HTTP/1.1" 200 2229
[28/Sep/2026 07:35:44] "GET /static/css/layout_financial_advisor/executive_sections_3.css HTTP/1.1" 200 1952
[28/Sep/2026 07:35:44] "GET /static/css/layout_financial_advisor/amounts_and_pills.css HTTP/1.1" 200 751
[28/Sep/2026 07:35:44] "GET /static/css/layout_financial_advisor/executive_sections_2.css HTTP/1.1" 200 1965
[28/Sep/2026 07:35:44] "GET /static/css/theme/light_overrides_1.css HTTP/1.1" 200 3354
[28/Sep/2026 07:35:44] "GET /static/css/theme/tokens.css HTTP/1.1" 200 2704
[28/Sep/2026 07:35:44] "GET /static/css/theme/light_overrides_2.css HTTP/1.1" 200 3121
[28/Sep/2026 07:35:44] "GET /static/css/theme/light_overrides_3.css HTTP/1.1" 200 2680
[28/Sep/2026 07:35:44] "GET /static/css/theme/dark_overrides.css HTTP/1.1" 200 386
[28/Sep/2026 07:35:44] "GET /static/css/settings_layout/portfolio_recs_goals.css HTTP/1.1" 200 3340
[28/Sep/2026 07:35:44] "GET /static/css/settings_layout/portfolio_scoring.css HTTP/1.1" 200 3039
[28/Sep/2026 07:35:44] "GET /static/css/settings_layout/tabs.css HTTP/1.1" 200 1704
[28/Sep/2026 07:35:44] "GET /static/css/settings_layout/goal_planning/index.css HTTP/1.1" 200 934
[28/Sep/2026 07:35:44] "GET /static/css/settings_layout/misc_ui.css HTTP/1.1" 200 3514
[28/Sep/2026 07:35:44] "GET /static/css/components/modals/base.css HTTP/1.1" 200 1960
[28/Sep/2026 07:35:44] "GET /static/css/components/modals/goal_editor.css HTTP/1.1" 200 2807
[28/Sep/2026 07:35:44] "GET /static/css/cards/kpi_panels.css HTTP/1.1" 200 1887
[28/Sep/2026 07:35:44] "GET /static/css/components/modals/inputs_and_asset_modal.css HTTP/1.1" 200 527
[28/Sep/2026 07:35:44] "GET /static/css/cards/currency_cards.css HTTP/1.1" 200 4079
[28/Sep/2026 07:35:44] "GET /static/css/cards/cash_position.css HTTP/1.1" 200 1824
[28/Sep/2026 07:35:44] "GET /static/css/fixed_assets/base_layout.css HTTP/1.1" 200 3122
[28/Sep/2026 07:35:44] "GET /static/css/fixed_assets/collapsible_cards.css HTTP/1.1" 200 2161
[28/Sep/2026 07:35:44] "GET /static/css/fixed_assets/summary_strip.css HTTP/1.1" 200 2048
[28/Sep/2026 07:35:44] "GET /static/css/financial_advisor/overview_dashboard/index.css HTTP/1.1" 200 826
[28/Sep/2026 07:35:44] "GET /static/css/financial_advisor/scenario_and_theme.css HTTP/1.1" 200 1091
[28/Sep/2026 07:35:44] "GET /static/css/date_picker/popup_header.css HTTP/1.1" 200 2607
[28/Sep/2026 07:35:44] "GET /static/css/financial_advisor/kpi_and_summaries/index.css HTTP/1.1" 200 871
[28/Sep/2026 07:35:44] "GET /static/css/date_picker/wrapper_trigger.css HTTP/1.1" 200 2862
[28/Sep/2026 07:35:44] "GET /static/css/date_picker/month_day_grid.css HTTP/1.1" 200 3456
[28/Sep/2026 07:35:44] "GET /static/css/date_picker/footer_buttons.css HTTP/1.1" 200 1816
[28/Sep/2026 07:35:44] "GET /static/css/responsive/settings_tabs.css HTTP/1.1" 200 2978
[28/Sep/2026 07:35:44] "GET /static/css/date_picker/theme_responsive.css HTTP/1.1" 200 2404
[28/Sep/2026 07:35:44] "GET /static/css/responsive/components.css HTTP/1.1" 200 2105
[28/Sep/2026 07:35:44] "GET /static/css/responsive/sidebar_desktop.css HTTP/1.1" 200 1472
[28/Sep/2026 07:35:44] "GET /static/css/responsive/sidebar_mobile.css HTTP/1.1" 200 2218
[28/Sep/2026 07:35:44] "GET /static/css/responsive/grid_forms.css HTTP/1.1" 200 1762
[28/Sep/2026 07:35:44] "GET /static/css/responsive/filters_expense.css HTTP/1.1" 200 854
[28/Sep/2026 07:35:44] "GET /static/css/settings_layout/goal_planning/hero_and_toolbar.css HTTP/1.1" 200 989
[28/Sep/2026 07:35:44] "GET /static/css/settings_layout/goal_planning/milestones_and_status.css HTTP/1.1" 200 1679
[28/Sep/2026 07:35:44] "GET /static/css/settings_layout/goal_planning/progress_and_chart.css HTTP/1.1" 200 1958
[28/Sep/2026 07:35:44] "GET /static/js/app/formatting.js?v=1784452207 HTTP/1.1" 200 1445
[28/Sep/2026 07:35:44] "GET /static/js/app/theme.js?v=1784452207 HTTP/1.1" 200 1857
[28/Sep/2026 07:35:44] "GET /static/js/app/permissions.js?v=1784452207 HTTP/1.1" 200 834
[28/Sep/2026 07:35:44] "GET /static/css/financial_advisor/overview_dashboard/card_and_score.css HTTP/1.1" 200 2115
[28/Sep/2026 07:35:44] "GET /static/css/financial_advisor/overview_dashboard/ai_summary_and_alerts.css HTTP/1.1" 200 2513
[28/Sep/2026 07:35:44] "GET /static/css/financial_advisor/kpi_and_summaries/kpi_cards_and_summary_stats.css HTTP/1.1" 200 2247
[28/Sep/2026 07:35:44] "GET /static/js/app/loading.js?v=1784452207 HTTP/1.1" 200 1016
[28/Sep/2026 07:35:44] "GET /static/css/financial_advisor/kpi_and_summaries/opportunities_and_theming.css HTTP/1.1" 200 2031
[28/Sep/2026 07:35:44] "GET /static/js/app/toast.js?v=1784452207 HTTP/1.1" 200 1251
[28/Sep/2026 07:35:44] "GET /static/js/app/center_alert.js?v=1784452207 HTTP/1.1" 200 2152
[28/Sep/2026 07:35:44] "GET /static/js/app/modals.js?v=1784452207 HTTP/1.1" 200 2050
[28/Sep/2026 07:35:44] "GET /static/js/app/navigation.js?v=1784452207 HTTP/1.1" 200 2287
[28/Sep/2026 07:35:44] "GET /static/js/app/authentication.js?v=1784452207 HTTP/1.1" 200 6841
[28/Sep/2026 07:35:44] "GET /static/js/app/routing.js?v=1784452207 HTTP/1.1" 200 3799
[28/Sep/2026 07:35:44] "GET /static/js/app/route_dispatch.js?v=1784452207 HTTP/1.1" 200 3945
[28/Sep/2026 07:35:44] "GET /static/js/app/sidebar/nav_modules.js?v=1784452207 HTTP/1.1" 200 2150
[28/Sep/2026 07:35:44] "GET /static/js/app/sidebar/nav_primary.js?v=1784452207 HTTP/1.1" 200 2000
[28/Sep/2026 07:35:44] "GET /static/js/app/sidebar/nav_expenses_reports.js?v=1784452207 HTTP/1.1" 200 2559
[28/Sep/2026 07:35:44] "GET /static/js/app/topbar.js?v=1784452207 HTTP/1.1" 200 4901
[28/Sep/2026 07:35:44] "GET /static/js/app/sidebar/render.js?v=1784452207 HTTP/1.1" 200 2138
[28/Sep/2026 07:35:44] "GET /static/js/app/sidebar/nav_settings.js?v=1784452207 HTTP/1.1" 200 673
[28/Sep/2026 07:35:44] "GET /static/js/app/sidebar/footer.js?v=1784452207 HTTP/1.1" 200 2941
[28/Sep/2026 07:35:44] "GET /static/js/financial_advisor/utils.js?v=1790000001 HTTP/1.1" 200 7270
[28/Sep/2026 07:35:44] "GET /static/js/app/sidebar/modes.js?v=1784452207 HTTP/1.1" 200 2579
[28/Sep/2026 07:35:44] "GET /static/js/financial_advisor/cash_flow_forecast/states.js?v=1790000001 HTTP/1.1" 200 2150
[28/Sep/2026 07:35:44] "GET /static/js/app/index.js?v=1784452207 HTTP/1.1" 200 4994
[28/Sep/2026 07:35:44] "GET /static/js/financial_advisor/cash_flow_forecast/timeline.js?v=1790000001 HTTP/1.1" 200 5709
[28/Sep/2026 07:35:44] "GET /static/js/financial_advisor/cash_flow_forecast/cash_flow.js?v=1790000001 HTTP/1.1" 200 5317
[28/Sep/2026 07:35:44] "GET /static/js/financial_advisor/cash_flow_forecast/cash_flow_custom_projection.js?v=1790000001 HTTP/1.1" 200 9926
[28/Sep/2026 07:35:44] "GET /static/js/financial_advisor/wealth_growth_forecast/wealth_growth.js?v=1790000001 HTTP/1.1" 200 6793
[28/Sep/2026 07:35:44] "GET /static/js/financial_advisor/wealth_growth_forecast/charts.js?v=1790000001 HTTP/1.1" 200 4102
[28/Sep/2026 07:35:44] "GET /static/js/financial_advisor/portfolio_optimizer/charts.js?v=1790000001 HTTP/1.1" 200 2174
[28/Sep/2026 07:35:44] "GET /static/js/financial_advisor/goal_planning/charts.js?v=1790000001 HTTP/1.1" 200 2148
[28/Sep/2026 07:35:44] "GET /static/js/financial_advisor/portfolio_optimizer/fragments.js?v=1790000001 HTTP/1.1" 200 3512
[28/Sep/2026 07:35:44] "GET /static/js/financial_advisor/portfolio_optimizer/portfolio_optimizer.js?v=1790000001 HTTP/1.1" 200 10139
[28/Sep/2026 07:35:44] "GET /static/js/financial_advisor/goal_planning/ui.js?v=1790000001 HTTP/1.1" 200 6501
[28/Sep/2026 07:35:44] "GET /static/js/financial_advisor/wealth_growth_forecast/fragments.js?v=1790000001 HTTP/1.1" 200 5055
[28/Sep/2026 07:35:44] "GET /static/js/financial_advisor/goal_planning/ui_sections.js?v=1790000001 HTTP/1.1" 200 4870
[28/Sep/2026 07:35:44] "GET /static/js/financial_advisor/goal_planning/goal_planning_modal.js?v=1790000001 HTTP/1.1" 200 3720
[28/Sep/2026 07:35:44] "GET /static/js/financial_advisor/goal_planning/goal_planning_main.js?v=1790000001 HTTP/1.1" 200 4718
[28/Sep/2026 07:35:44] "GET /static/js/financial_advisor/goal_planning/modal.js?v=1790000001 HTTP/1.1" 200 4207
[28/Sep/2026 07:35:44] "GET /static/js/financial_advisor/goal_planning/goal_planning_cards.js?v=1790000001 HTTP/1.1" 200 5762
[28/Sep/2026 07:35:44] "GET /static/js/financial_advisor/goal_planning/goal_planning_modal_events.js?v=1790000001 HTTP/1.1" 200 4704
[28/Sep/2026 07:35:44] "GET /static/js/financial_advisor/overview/overview_charts.js?v=1790000001 HTTP/1.1" 200 3462
[28/Sep/2026 07:35:44] "GET /static/js/financial_advisor/overview/overview_cards_kpi.js?v=1790000001 HTTP/1.1" 200 5535
[28/Sep/2026 07:35:44] "GET /static/js/financial_advisor/overview/overview_cards_row3.js?v=1790000001 HTTP/1.1" 200 6379
[28/Sep/2026 07:35:44] "GET /static/js/financial_advisor/overview/overview_render_helpers.js?v=1790000001 HTTP/1.1" 200 3501
[28/Sep/2026 07:35:44] "GET /static/js/financial_advisor/overview/overview_cards_row4.js?v=1790000001 HTTP/1.1" 200 7216
[28/Sep/2026 07:35:44] "GET /static/js/financial_advisor/overview/overview_render_row1.js?v=1790000001 HTTP/1.1" 200 11166
[28/Sep/2026 07:35:44] "GET /static/js/financial_advisor/overview/overview_cards_summary.js?v=1790000001 HTTP/1.1" 200 1386
[28/Sep/2026 07:35:44] "GET /static/js/financial_advisor/overview/overview_render_lists.js?v=1790000001 HTTP/1.1" 200 6292
[28/Sep/2026 07:35:44] "GET /static/js/financial_advisor/overview/overview.js?v=1790000001 HTTP/1.1" 200 1027
[28/Sep/2026 07:35:44] "GET /static/js/financial_advisor/overview/overview_render_main.js?v=1790000001 HTTP/1.1" 200 6180
[28/Sep/2026 07:35:44] "GET /static/js/financial_advisor/risk_analysis/state.js?v=1790000001 HTTP/1.1" 200 812
[28/Sep/2026 07:35:44] "GET /static/js/financial_advisor/risk_analysis/render_loading_error.js?v=1790000001 HTTP/1.1" 200 956
[28/Sep/2026 07:35:44] "GET /static/js/financial_advisor/risk_analysis/render_template.js?v=1790000001 HTTP/1.1" 200 7627
[28/Sep/2026 07:35:44] "GET /static/js/financial_advisor/risk_analysis/render_main.js?v=1790000001 HTTP/1.1" 200 2092
[28/Sep/2026 07:35:44] "GET /static/js/financial_advisor/risk_analysis/radar_chart.js?v=1790000001 HTTP/1.1" 200 2962
[28/Sep/2026 07:35:44] "GET /static/js/financial_advisor/risk_analysis/fragments.js?v=1790000001 HTTP/1.1" 200 9570
[28/Sep/2026 07:35:44] "GET /static/js/financial_advisor/risk_analysis/loader.js?v=1790000001 HTTP/1.1" 200 859
[28/Sep/2026 07:35:44] "GET /static/js/financial_advisor/spending_intelligence/render_loading_error.js?v=1790000001 HTTP/1.1" 200 1130
[28/Sep/2026 07:35:44] "GET /static/js/financial_advisor/risk_analysis/income_chart.js?v=1790000001 HTTP/1.1" 200 2069
[28/Sep/2026 07:35:44] "GET /static/js/financial_advisor/spending_intelligence/build_category_donut.js?v=1790000001 HTTP/1.1" 200 6181
[28/Sep/2026 07:35:44] "GET /static/js/financial_advisor/spending_intelligence/spending_intelligence_render.js?v=1790000001 HTTP/1.1" 200 8468
[28/Sep/2026 07:35:44] "GET /static/js/financial_advisor/spending_intelligence/render_template.js?v=1790000001 HTTP/1.1" 200 1094
[28/Sep/2026 07:35:44] "GET /static/js/financial_advisor/spending_intelligence/build_findings_insights_trend.js?v=1790000001 HTTP/1.1" 200 6479
[28/Sep/2026 07:35:44] "GET /static/js/financial_advisor/spending_intelligence/fragments.js?v=1790000001 HTTP/1.1" 200 6995
[28/Sep/2026 07:35:44] "GET /static/js/financial_advisor/spending_intelligence/render_main.js?v=1790000001 HTTP/1.1" 200 4859
[28/Sep/2026 07:35:44] "GET /static/js/financial_advisor/opportunity_detection/opportunity_detection_helpers.js?v=1790000001 HTTP/1.1" 200 2482
[28/Sep/2026 07:35:44] "GET /static/js/financial_advisor/spending_intelligence/loader.js?v=1790000001 HTTP/1.1" 200 909
[28/Sep/2026 07:35:44] "GET /static/js/financial_advisor/opportunity_detection/opportunity_detection_card.js?v=1790000001 HTTP/1.1" 200 5382
[28/Sep/2026 07:35:44] "GET /static/js/financial_advisor/performance/performance_format.js?v=1790000001 HTTP/1.1" 200 2203
[28/Sep/2026 07:35:44] "GET /static/js/financial_advisor/performance/performance_state.js?v=1790000001 HTTP/1.1" 200 1550
[28/Sep/2026 07:35:44] "GET /static/js/financial_advisor/opportunity_detection/opportunity_detection_render.js?v=1790000001 HTTP/1.1" 200 5667
[28/Sep/2026 07:35:44] "GET /static/js/financial_advisor/performance/performance_view.js?v=1790000001 HTTP/1.1" 200 3680
[28/Sep/2026 07:35:44] "GET /static/js/financial_advisor/performance/performance_sections_currency.js?v=1790000001 HTTP/1.1" 200 9267
[28/Sep/2026 07:35:44] "GET /static/js/financial_advisor/performance/performance_charts.js?v=1790000001 HTTP/1.1" 200 4430
[28/Sep/2026 07:35:44] "GET /static/js/financial_advisor/performance/performance_sections_gold.js?v=1790000001 HTTP/1.1" 200 10609
[28/Sep/2026 07:35:44] "GET /static/js/financial_advisor/performance/performance_events.js?v=1790000001 HTTP/1.1" 200 3223
[28/Sep/2026 07:35:44] "GET /static/js/financial_advisor/what_if_simulator/what_if_chart/comparison.js?v=1790000001 HTTP/1.1" 200 4436
[28/Sep/2026 07:35:44] "GET /static/js/financial_advisor/what_if_simulator/what_if_chart/helpers.js?v=1790000001 HTTP/1.1" 200 1777
[28/Sep/2026 07:35:44] "GET /static/js/financial_advisor/what_if_simulator/what_if_chart/render.js?v=1790000001 HTTP/1.1" 200 4759
[28/Sep/2026 07:35:44] "GET /static/js/financial_advisor/what_if_simulator/what_if_state.js?v=1790000001 HTTP/1.1" 200 3816
[28/Sep/2026 07:35:44] "GET /static/js/financial_advisor/what_if_simulator/what_if_recalc.js?v=1790000001 HTTP/1.1" 200 2489
[28/Sep/2026 07:35:44] "GET /static/js/financial_advisor/what_if_simulator/what_if_view.js?v=1790000001 HTTP/1.1" 200 8567
[28/Sep/2026 07:35:44] "GET /static/js/financial_advisor/scenario_planner/scenario_planner_chart.js?v=1790000001 HTTP/1.1" 200 5709
[28/Sep/2026 07:35:44] "GET /static/js/financial_advisor/what_if_simulator/what_if_events.js?v=1790000001 HTTP/1.1" 200 5392
[28/Sep/2026 07:35:44] "GET /static/js/financial_advisor/scenario_planner/state.js?v=1790000001 HTTP/1.1" 200 2394
[28/Sep/2026 07:35:44] "GET /static/js/financial_advisor/scenario_planner/api.js?v=1790000001 HTTP/1.1" 200 3564
[28/Sep/2026 07:35:44] "GET /static/js/financial_advisor/scenario_planner/render_view.js?v=1790000001 HTTP/1.1" 200 5063
[28/Sep/2026 07:35:44] "GET /static/js/financial_advisor/scenario_planner/render_timeline_rail.js?v=1790000001 HTTP/1.1" 200 6363
[28/Sep/2026 07:35:44] "GET /static/js/financial_advisor/scenario_planner/render_dashboard.js?v=1790000001 HTTP/1.1" 200 6124
[28/Sep/2026 07:35:44] "GET /static/js/financial_advisor/scenario_planner/render_builder.js?v=1790000001 HTTP/1.1" 200 7610
[28/Sep/2026 07:35:44] "GET /static/js/financial_advisor/scenario_planner/modal_actions.js?v=1790000001 HTTP/1.1" 200 6641
[28/Sep/2026 07:35:44] "GET /static/js/ai/ai_core.js?v=1784452207 HTTP/1.1" 200 2420
[28/Sep/2026 07:35:44] "GET /static/js/financial_advisor/scenario_planner/events.js?v=1790000001 HTTP/1.1" 200 4481
[28/Sep/2026 07:35:44] "GET /static/js/ai/ai_markdown.js?v=1784452207 HTTP/1.1" 200 4681
[28/Sep/2026 07:35:44] "GET /static/js/financial_advisor/scenario_planner/render_compare_insights.js?v=1790000001 HTTP/1.1" 200 6734
[28/Sep/2026 07:35:44] "GET /static/js/ai/ai_status.js?v=1784452207 HTTP/1.1" 200 2154
[28/Sep/2026 07:35:44] "GET /static/js/ai/ai_messages.js?v=1784452207 HTTP/1.1" 200 6835
[28/Sep/2026 07:35:44] "GET /static/js/ai/ai_context_panel.js?v=1784452207 HTTP/1.1" 200 8048
[28/Sep/2026 07:35:44] "GET /static/js/ai/ai_context_panel_helpers.js?v=1784452207 HTTP/1.1" 200 2711
[28/Sep/2026 07:35:44] "GET /static/js/ai/ai_conversations.js?v=1784452207 HTTP/1.1" 200 4023
[28/Sep/2026 07:35:44] "GET /static/js/ai/ai_progress.js?v=1784452207 HTTP/1.1" 200 5312
[28/Sep/2026 07:35:44] "GET /static/js/ai/ai_conversations_actions.js?v=1784452207 HTTP/1.1" 200 4166
[28/Sep/2026 07:35:44] "GET /static/js/ai/ai_chat_submit.js?v=1784452207 HTTP/1.1" 200 3379
[28/Sep/2026 07:35:44] "GET /static/js/ai/prompt_library/pl_render_modal_shell.js?v=1784452207 HTTP/1.1" 200 1751
[28/Sep/2026 07:35:44] "GET /static/js/ai/ai_shell.js?v=1784452207 HTTP/1.1" 200 8512
[28/Sep/2026 07:35:44] "GET /static/js/ai/prompt_library/pl_state.js?v=1784452207 HTTP/1.1" 200 4279
[28/Sep/2026 07:35:44] "GET /static/js/ai/prompt_library/pl_render_list.js?v=1784452207 HTTP/1.1" 200 3172
[28/Sep/2026 07:35:44] "GET /static/js/ai/prompt_library/pl_actions_optimistic.js?v=1784452207 HTTP/1.1" 200 3171
[28/Sep/2026 07:35:44] "GET /static/js/ai/prompt_library/pl_actions.js?v=1784452207 HTTP/1.1" 200 3462
[28/Sep/2026 07:35:44] "GET /static/js/ai/prompt_library/pl_render_detail.js?v=1784452207 HTTP/1.1" 200 8364
[28/Sep/2026 07:35:44] "GET /static/js/ai/prompt_library/pl_render_toolbar.js?v=1784452207 HTTP/1.1" 200 5819
[28/Sep/2026 07:35:44] "GET /static/js/ai/prompt_library/pl_events.js?v=1784452207 HTTP/1.1" 200 3752
[28/Sep/2026 07:35:44] "GET /static/js/ai/dataset_manager/dm_state.js?v=1784452208 HTTP/1.1" 200 1845
[28/Sep/2026 07:35:44] "GET /static/js/ai/knowledge_base/kb_render.js?v=1784452207 HTTP/1.1" 200 7356
[28/Sep/2026 07:35:44] "GET /static/js/ai/knowledge_base/kb_state.js?v=1784452207 HTTP/1.1" 200 4279
[28/Sep/2026 07:35:44] "GET /static/js/ai/dataset_manager/dm_render.js?v=1784452208 HTTP/1.1" 200 4499
[28/Sep/2026 07:35:44] "GET /static/js/ai/dataset_manager/dm_events.js?v=1784452208 HTTP/1.1" 200 440
[28/Sep/2026 07:35:44] "GET /static/js/ai/knowledge_base/kb_events.js?v=1784452207 HTTP/1.1" 200 1096
[28/Sep/2026 07:35:44] "GET /static/js/ai/model_management/mm_state.js?v=1784452208 HTTP/1.1" 200 3173
[28/Sep/2026 07:35:44] "GET /static/js/ai/benchmark_results/br_state.js?v=1784452208 HTTP/1.1" 200 1803
[28/Sep/2026 07:35:44] "GET /static/js/ai/model_management/mm_events.js?v=1784452208 HTTP/1.1" 200 517
[28/Sep/2026 07:35:44] "GET /static/js/ai/model_management/mm_render.js?v=1784452208 HTTP/1.1" 200 5483
[28/Sep/2026 07:35:44] "GET /static/js/ai/benchmark_results/br_render.js?v=1784452208 HTTP/1.1" 200 4790
[28/Sep/2026 07:35:44] "GET /static/js/ai/pinned_chats/pc_state.js?v=1784452209 HTTP/1.1" 200 1834
[28/Sep/2026 07:35:44] "GET /static/js/ai/benchmark_results/br_events.js?v=1784452208 HTTP/1.1" 200 436
[28/Sep/2026 07:35:44] "GET /static/js/ai/pinned_chats/pc_render.js?v=1784452209 HTTP/1.1" 200 2879
[28/Sep/2026 07:35:44] "GET /static/js/ai/knowledge_search/ks_state_core.js?v=1787225686 HTTP/1.1" 200 2436
[28/Sep/2026 07:35:44] "GET /static/js/ai/knowledge_search/ks_state_edit.js?v=1787225686 HTTP/1.1" 200 2815
[28/Sep/2026 07:35:44] "GET /static/js/ai/knowledge_search/ks_state_actions.js?v=1787225686 HTTP/1.1" 200 1188
[28/Sep/2026 07:35:44] "GET /static/js/ai/knowledge_search/ks_render.js?v=1787225686 HTTP/1.1" 200 6866
[28/Sep/2026 07:35:44] "GET /static/js/ai/pinned_chats/pc_events.js?v=1784452209 HTTP/1.1" 200 1001
[28/Sep/2026 07:35:44] "GET /static/js/ai/knowledge_search/ks_events.js?v=1787225686 HTTP/1.1" 200 793
[28/Sep/2026 07:35:44] "GET /static/js/financial_advisor/api.js?v=1784452207 HTTP/1.1" 200 186
[28/Sep/2026 07:35:44] "GET /static/js/financial_advisor/calculations.js?v=1784452207 HTTP/1.1" 200 178
[28/Sep/2026 07:35:44] "GET /static/js/documents/doc_state.js?v=1784452207 HTTP/1.1" 200 4489
[28/Sep/2026 07:35:44] "GET /static/js/financial_advisor/render.js?v=1784452207 HTTP/1.1" 200 6071
[28/Sep/2026 07:35:44] "GET /static/js/financial_advisor/index.js?v=1784452207 HTTP/1.1" 200 2427
[28/Sep/2026 07:35:44] "GET /static/js/financial_advisor/tab_panes.js?v=1784452207 HTTP/1.1" 200 3501
[28/Sep/2026 07:35:44] "GET /static/js/documents/doc_list.js?v=1784452207 HTTP/1.1" 200 6786
[28/Sep/2026 07:35:44] "GET /static/js/documents/doc_upload.js?v=1784452207 HTTP/1.1" 200 1489
[28/Sep/2026 07:35:44] "GET /static/js/documents/doc_view.js?v=1784452207 HTTP/1.1" 200 656
[28/Sep/2026 07:35:44] "GET /static/js/documents/doc_replace.js?v=1784452207 HTTP/1.1" 200 1187
[28/Sep/2026 07:35:44] "GET /static/js/companies/render.js?v=1784452207 HTTP/1.1" 200 2821
[28/Sep/2026 07:35:44] "GET /static/js/documents/doc_remove.js?v=1784452207 HTTP/1.1" 200 839
[28/Sep/2026 07:35:44] "GET /static/js/companies/modal.js?v=1784452207 HTTP/1.1" 200 7527
[28/Sep/2026 07:35:44] "GET /static/js/companies/actions.js?v=1784452207 HTTP/1.1" 200 2652
[28/Sep/2026 07:35:44] "GET /static/js/salary/utils.js?v=1784452207 HTTP/1.1" 200 350
[28/Sep/2026 07:35:44] "GET /static/js/salary/payroll.js?v=1784452207 HTTP/1.1" 200 2056
[28/Sep/2026 07:35:44] "GET /static/js/salary/api.js?v=1784452207 HTTP/1.1" 200 1699
[28/Sep/2026 07:35:44] "GET /static/js/salary/modal.js?v=1784452207 HTTP/1.1" 200 3137
[28/Sep/2026 07:35:44] "GET /static/js/salary/perdiem/list.js?v=1784452207 HTTP/1.1" 200 5589
[28/Sep/2026 07:35:44] "GET /static/js/salary/table.js?v=1784452207 HTTP/1.1" 200 4217
[28/Sep/2026 07:35:44] "GET /static/js/salary/perdiem/form.js?v=1784452207 HTTP/1.1" 200 7429
[28/Sep/2026 07:35:44] "GET /static/js/salary/dashboard_enhancements.js?v=1784452207 HTTP/1.1" 200 4977
[28/Sep/2026 07:35:44] "GET /static/js/salary/year_pills.js?v=1784452207 HTTP/1.1" 200 890
[28/Sep/2026 07:35:44] "GET /static/js/salary/dashboard_render.js?v=1784452207 HTTP/1.1" 200 6905
[28/Sep/2026 07:35:44] "GET /static/js/salary/employment_page.js?v=1784452207 HTTP/1.1" 200 6820
[28/Sep/2026 07:35:44] "GET /static/js/salary/index.js?v=1784452207 HTTP/1.1" 200 763
[28/Sep/2026 07:35:44] "GET /static/js/balance/api.js?v=1784452207 HTTP/1.1" 200 1892
[28/Sep/2026 07:35:44] "GET /static/js/balance/utils.js?v=1784452207 HTTP/1.1" 200 1761
[28/Sep/2026 07:35:44] "GET /static/js/balance/calculations.js?v=1784452207 HTTP/1.1" 200 1133
[28/Sep/2026 07:35:44] "GET /static/js/balance/analytics.js?v=1784452207 HTTP/1.1" 200 14
[28/Sep/2026 07:35:44] "GET /static/js/balance/charts.js?v=1784452207 HTTP/1.1" 200 14
[28/Sep/2026 07:35:44] "GET /static/js/balance/modal.js?v=1784452207 HTTP/1.1" 200 6441
[28/Sep/2026 07:35:44] "GET /static/js/balance/dashboard.js?v=1784452207 HTTP/1.1" 200 14
[28/Sep/2026 07:35:44] "GET /static/js/balance/allocation.js?v=1784452207 HTTP/1.1" 200 1383
[28/Sep/2026 07:35:44] "GET /static/js/balance/accounts.js?v=1784452207 HTTP/1.1" 200 3204
[28/Sep/2026 07:35:44] "GET /static/js/balance/forecasts.js?v=1784452207 HTTP/1.1" 200 6681
[28/Sep/2026 07:35:44] "GET /static/js/balance/overview.js?v=1784452207 HTTP/1.1" 200 9249
[28/Sep/2026 07:35:44] "GET /static/js/balance/transfers/render.js?v=1784452207 HTTP/1.1" 200 4919
[28/Sep/2026 07:35:44] "GET /static/js/balance/recommendations.js?v=1784452207 HTTP/1.1" 200 13329
[28/Sep/2026 07:35:44] "GET /static/js/balance/transfers/form/modal.js?v=1784452207 HTTP/1.1" 200 6842
[28/Sep/2026 07:35:44] "GET /static/js/balance/currency_exchange/state_and_title.js?v=1784452207 HTTP/1.1" 200 1887
[28/Sep/2026 07:35:44] "GET /static/js/balance/currency_exchange/exchange_modal.js?v=1784452207 HTTP/1.1" 200 7021
[28/Sep/2026 07:35:44] "GET /static/js/balance/currency_exchange/render_main.js?v=1784452207 HTTP/1.1" 200 6725
[28/Sep/2026 07:35:44] "GET /static/js/balance/currency_exchange/filters_table.js?v=1784452207 HTTP/1.1" 200 4262
[28/Sep/2026 07:35:44] "GET /static/js/balance/currency_exchange/backend_calc_save_delete.js?v=1784452207 HTTP/1.1" 200 4211
[28/Sep/2026 07:35:44] "GET /static/js/balance/bank_interest/modal.js?v=1784452207 HTTP/1.1" 200 4423
[28/Sep/2026 07:35:44] "GET /static/js/balance/transfers/form/persist.js?v=1784452207 HTTP/1.1" 200 2437
[28/Sep/2026 07:35:44] "GET /static/js/balance/bank_interest/render.js?v=1784452207 HTTP/1.1" 200 3582
[28/Sep/2026 07:35:44] "GET /static/js/balance/credit_card_payment/render.js?v=1784452207 HTTP/1.1" 200 3837
[28/Sep/2026 07:35:44] "GET /static/js/balance/bank_interest/api.js?v=1784452207 HTTP/1.1" 200 2215
[28/Sep/2026 07:35:44] "GET /static/js/balance/credit_card_payment/api.js?v=1784452207 HTTP/1.1" 200 2373
[28/Sep/2026 07:35:44] "GET /static/js/balance/card_renewal_fee/modal.js?v=1784452207 HTTP/1.1" 200 3934
[28/Sep/2026 07:35:44] "GET /static/js/balance/credit_card_payment/modal.js?v=1784452207 HTTP/1.1" 200 4598
[28/Sep/2026 07:35:44] "GET /static/js/balance/card_renewal_fee/render.js?v=1784452207 HTTP/1.1" 200 3445
[28/Sep/2026 07:35:44] "GET /static/js/balance/card_renewal_fee/api.js?v=1784452207 HTTP/1.1" 200 2268
[28/Sep/2026 07:35:44] "GET /static/js/balance/index_fetch.js?v=1784452207 HTTP/1.1" 200 1978
[28/Sep/2026 07:35:44] "GET /static/js/balance/index_derive.js?v=1784452207 HTTP/1.1" 200 3221
[28/Sep/2026 07:35:44] "GET /static/js/balance/index_recommendations.js?v=1784452207 HTTP/1.1" 200 2284
[28/Sep/2026 07:35:44] "GET /static/js/balance/index_trend_health.js?v=1784452207 HTTP/1.1" 200 5408
[28/Sep/2026 07:35:44] "GET /static/js/balance/index_labels.js?v=1784452207 HTTP/1.1" 200 2173
[28/Sep/2026 07:35:44] "GET /static/js/balance/index_events.js?v=1784452207 HTTP/1.1" 200 1852
[28/Sep/2026 07:35:44] "GET /static/js/fixed_assets/utils.js?v=1784452207 HTTP/1.1" 200 1532
[28/Sep/2026 07:35:44] "GET /static/js/balance/index.js?v=1784452207 HTTP/1.1" 200 4671
[28/Sep/2026 07:35:44] "GET /static/js/balance/index_shell.js?v=1784452207 HTTP/1.1" 200 4206
[28/Sep/2026 07:35:44] "GET /static/js/fixed_assets/gold/units.js?v=1784452207 HTTP/1.1" 200 955
[28/Sep/2026 07:35:44] "GET /static/js/fixed_assets/gold/dashboard.js?v=1784452207 HTTP/1.1" 200 2580
[28/Sep/2026 07:35:44] "GET /static/js/fixed_assets/charts/metrics.js?v=1784452207 HTTP/1.1" 200 4738
[28/Sep/2026 07:35:44] "GET /static/js/fixed_assets/charts/draw.js?v=1784452207 HTTP/1.1" 200 5180
[28/Sep/2026 07:35:44] "GET /static/js/fixed_assets/api.js?v=1784452207 HTTP/1.1" 200 1728
[28/Sep/2026 07:35:44] "GET /static/js/fixed_assets/gold/settings.js?v=1784452207 HTTP/1.1" 200 4309
[28/Sep/2026 07:35:44] "GET /static/js/fixed_assets/tabs.js?v=1784452207 HTTP/1.1" 200 5599
[28/Sep/2026 07:35:44] "GET /static/js/fixed_assets/list/render.js?v=1784452207 HTTP/1.1" 200 6189
[28/Sep/2026 07:35:44] "GET /static/js/fixed_assets/list/gold_groups.js?v=1784452207 HTTP/1.1" 200 3459
[28/Sep/2026 07:35:44] "GET /static/js/fixed_assets/dashboard.js?v=1784452207 HTTP/1.1" 200 3448
[28/Sep/2026 07:35:44] "GET /static/js/fixed_assets/analytics_metrics.js?v=1784452207 HTTP/1.1" 200 3814
[28/Sep/2026 07:35:44] "GET /static/js/fixed_assets/reports.js?v=1784452207 HTTP/1.1" 200 6565
[28/Sep/2026 07:35:44] "GET /static/js/fixed_assets/analytics_charts.js?v=1784452207 HTTP/1.1" 200 1869
[28/Sep/2026 07:35:44] "GET /static/js/fixed_assets/analytics_render.js?v=1784452207 HTTP/1.1" 200 5497
[28/Sep/2026 07:35:44] "GET /static/js/fixed_assets/modal.js?v=1784452207 HTTP/1.1" 200 1200
[28/Sep/2026 07:35:44] "GET /static/js/fixed_assets/currency/rates.js?v=1784452207 HTTP/1.1" 200 7089
[28/Sep/2026 07:35:44] "GET /static/js/fixed_assets/currency/options.js?v=1784452207 HTTP/1.1" 200 5030
[28/Sep/2026 07:35:44] "GET /static/js/fixed_assets/purchase_payments.js?v=1784452207 HTTP/1.1" 200 4623
[28/Sep/2026 07:35:44] "GET /static/js/fixed_assets/mortgage.js?v=1784452207 HTTP/1.1" 200 2381
[28/Sep/2026 07:35:44] "GET /static/js/fixed_assets/sale_tabs.js?v=1784452207 HTTP/1.1" 200 4339
[28/Sep/2026 07:35:44] "GET /static/js/fixed_assets/calculations.js?v=1784452207 HTTP/1.1" 200 549
[28/Sep/2026 07:35:44] "GET /static/js/fixed_assets/sale.js?v=1784452207 HTTP/1.1" 200 3684
[28/Sep/2026 07:35:44] "GET /static/js/fixed_assets/rental.js?v=1784452207 HTTP/1.1" 200 3296
[28/Sep/2026 07:35:45] "GET /static/js/fixed_assets/acquisition_costs_collect.js?v=1784452207 HTTP/1.1" 200 1499
[28/Sep/2026 07:35:45] "GET /static/js/fixed_assets/renovations/rows.js?v=1784452207 HTTP/1.1" 200 7789
[28/Sep/2026 07:35:45] "GET /static/js/fixed_assets/acquisition_costs.js?v=1784452207 HTTP/1.1" 200 8489
[28/Sep/2026 07:35:45] "GET /static/js/fixed_assets/renovations_collect.js?v=1784452207 HTTP/1.1" 200 1595
[28/Sep/2026 07:35:45] "GET /static/js/fixed_assets/renovations/summary.js?v=1784452207 HTTP/1.1" 200 1593
[28/Sep/2026 07:35:45] "GET /static/js/fixed_assets/furniture_summary.js?v=1784452207 HTTP/1.1" 200 3550
[28/Sep/2026 07:35:45] "GET /static/js/fixed_assets/valuation_sync.js?v=1784452207 HTTP/1.1" 200 3815
[28/Sep/2026 07:35:45] "GET /static/js/fixed_assets/valuation.js?v=1784452207 HTTP/1.1" 200 6572
[28/Sep/2026 07:35:45] "GET /static/js/fixed_assets/furniture_row.js?v=1784452207 HTTP/1.1" 200 8439
[28/Sep/2026 07:35:45] "GET /static/js/fixed_assets/vehicle.js?v=1784452207 HTTP/1.1" 200 947
[28/Sep/2026 07:35:45] "GET /static/js/fixed_assets/other_assets.js?v=1784452207 HTTP/1.1" 200 687
[28/Sep/2026 07:35:45] "GET /static/js/fixed_assets/gold_details.js?v=1784452207 HTTP/1.1" 200 792
[28/Sep/2026 07:35:45] "GET /static/js/fixed_assets/maintenance.js?v=1784452207 HTTP/1.1" 200 1852
[28/Sep/2026 07:35:45] "GET /static/js/fixed_assets/insurance.js?v=1784452207 HTTP/1.1" 200 3550
[28/Sep/2026 07:35:45] "GET /static/js/fixed_assets/map/property_map.js?v=1784452207 HTTP/1.1" 200 3156
[28/Sep/2026 07:35:45] "GET /static/js/fixed_assets/property.js?v=1784452207 HTTP/1.1" 200 2277
[28/Sep/2026 07:35:45] "GET /static/js/fixed_assets/map/photo_gallery.js?v=1784452207 HTTP/1.1" 200 2222
[28/Sep/2026 07:35:45] "GET /static/js/fixed_assets/validation/sync_helpers.js?v=1784452207 HTTP/1.1" 200 2283
[28/Sep/2026 07:35:45] "GET /static/js/fixed_assets/map/geocoding.js?v=1784452207 HTTP/1.1" 200 3556
[28/Sep/2026 07:35:45] "GET /static/js/fixed_assets/validation/sale_form.js?v=1784452207 HTTP/1.1" 200 3323
[28/Sep/2026 07:35:45] "GET /static/js/fixed_assets/validation/save_asset/photos.js?v=1784452207 HTTP/1.1" 200 1141
[28/Sep/2026 07:35:45] "GET /static/js/fixed_assets/validation/save_asset.js?v=1784452207 HTTP/1.1" 200 2088
[28/Sep/2026 07:35:45] "GET /static/js/fixed_assets/validation/save_asset/build_payload.js?v=1784452207 HTTP/1.1" 200 6469
[28/Sep/2026 07:35:45] "GET /static/js/fixed_assets/validation/lifecycle.js?v=1784452207 HTTP/1.1" 200 1399
[28/Sep/2026 07:35:45] "GET /static/js/fixed_assets/validation/save_asset/submit.js?v=1784452207 HTTP/1.1" 200 962
[28/Sep/2026 07:35:45] "GET /static/js/fixed_assets/validation/sale_modal.js?v=1784452207 HTTP/1.1" 200 4890
[28/Sep/2026 07:35:45] "GET /static/js/fixed_assets/details_property_tab.js?v=1784452207 HTTP/1.1" 200 14918
[28/Sep/2026 07:35:45] "GET /static/js/fixed_assets/details_insurance_sale_tabs.js?v=1784452207 HTTP/1.1" 200 4685
[28/Sep/2026 07:35:45] "GET /static/js/fixed_assets/validation/submit_sale_misc.js?v=1784452207 HTTP/1.1" 200 1726
[28/Sep/2026 07:35:45] "GET /static/js/fixed_assets/details_asset_types.js?v=1784452207 HTTP/1.1" 200 6864
[28/Sep/2026 07:35:45] "GET /static/js/fixed_assets/details_property_other_tabs.js?v=1784452207 HTTP/1.1" 200 10490
[28/Sep/2026 07:35:45] "GET /static/js/fixed_assets/details_shared_tabs.js?v=1784452207 HTTP/1.1" 200 10323
[28/Sep/2026 07:35:45] "GET /static/js/fixed_assets/details_modal_html.js?v=1784452207 HTTP/1.1" 200 2128
[28/Sep/2026 07:35:45] "GET /static/js/fixed_assets/details_modal_nav1.js?v=1784452207 HTTP/1.1" 200 4822
[28/Sep/2026 07:35:45] "GET /static/js/fixed_assets/details_modal_nav2.js?v=1784452207 HTTP/1.1" 200 5903
[28/Sep/2026 07:35:45] "GET /static/js/fixed_assets/asset_detail_view/non_real_estate_core_tab.js?v=1784452207 HTTP/1.1" 200 10538
[28/Sep/2026 07:35:45] "GET /static/js/fixed_assets/details_modal.js?v=1784452207 HTTP/1.1" 200 1372
[28/Sep/2026 07:35:45] "GET /static/js/fixed_assets/details_modal_events.js?v=1784452207 HTTP/1.1" 200 4234
[28/Sep/2026 07:35:45] "GET /static/js/fixed_assets/asset_detail_view/non_real_estate_modal.js?v=1784452207 HTTP/1.1" 200 8162
[28/Sep/2026 07:35:45] "GET /static/js/fixed_assets/asset_detail_view/general_property_tabs.js?v=1784452207 HTTP/1.1" 200 11460
[28/Sep/2026 07:35:45] "GET /static/js/fixed_assets/asset_detail_view/tabs/furniture_pane.js?v=1784452207 HTTP/1.1" 200 4970
[28/Sep/2026 07:35:45] "GET /static/js/fixed_assets/asset_detail_view/tabs/sale_pane_and_footer.js?v=1784452207 HTTP/1.1" 200 3115
[28/Sep/2026 07:35:45] "GET /static/js/fixed_assets/asset_detail_view/furniture_valuation_mortgage_rental_sale_tabs.js?v=1784452207 HTTP/1.1" 200 715
[28/Sep/2026 07:35:45] "GET /static/js/fixed_assets/asset_detail_view/photos_renovation_acquisition_tabs.js?v=1784452207 HTTP/1.1" 200 11011
[28/Sep/2026 07:35:45] "GET /static/js/fixed_assets/asset_detail_view/tabs/mortgage_rental_panes.js?v=1784452207 HTTP/1.1" 200 5025
[28/Sep/2026 07:35:45] "GET /static/js/fixed_assets/asset_detail_view/tabs/valuation_pane.js?v=1784452207 HTTP/1.1" 200 2011
[28/Sep/2026 07:35:45] "GET /static/js/fixed_assets/asset_detail_view/modal_shell.js?v=1784452207 HTTP/1.1" 200 8846
[28/Sep/2026 07:35:45] "GET /static/js/fixed_assets/asset_detail_view/entry.js?v=1784452207 HTTP/1.1" 200 7104
[28/Sep/2026 07:35:45] "GET /static/js/fixed_assets/index.js?v=1784452207 HTTP/1.1" 200 3275
[28/Sep/2026 07:35:45] "GET /static/js/settings/utils.js?v=1784452207 HTTP/1.1" 200 964
[28/Sep/2026 07:35:45] "GET /static/js/settings/app_settings.js?v=1784452207 HTTP/1.1" 200 367
[28/Sep/2026 07:35:45] "GET /static/js/fixed_assets/load_asset.js?v=1784452207 HTTP/1.1" 200 9278
[28/Sep/2026 07:35:45] "GET /static/js/settings/smtp.js?v=1784452207 HTTP/1.1" 200 3751
[28/Sep/2026 07:35:45] "GET /static/js/settings/email_templates/list.js?v=1784452207 HTTP/1.1" 200 8974
[28/Sep/2026 07:35:45] "GET /static/js/settings/email_templates/modal.js?v=1784452207 HTTP/1.1" 200 4131
[28/Sep/2026 07:35:45] "GET /static/js/settings/cert_status_settings.js?v=1784452207 HTTP/1.1" 200 10325
[28/Sep/2026 07:35:45] "GET /static/js/settings/cert_status_actions.js?v=1784452207 HTTP/1.1" 200 1563
[28/Sep/2026 07:35:45] "GET /static/js/settings/gold_purity.js?v=1784452207 HTTP/1.1" 200 4910
[28/Sep/2026 07:35:45] "GET /static/js/settings/property_valuation.js?v=1784452207 HTTP/1.1" 200 10170
[28/Sep/2026 07:35:45] "GET /static/js/settings/property_valuation_scrape.js?v=1784452207 HTTP/1.1" 200 2561
[28/Sep/2026 07:35:45] "GET /static/js/settings/gold_settings.js?v=1784452207 HTTP/1.1" 200 7678
[28/Sep/2026 07:35:45] "GET /static/js/settings/translations/languages/list.js?v=1784452207 HTTP/1.1" 200 2726
[28/Sep/2026 07:35:45] "GET /static/js/settings/translations/languages/modal.js?v=1784452207 HTTP/1.1" 200 5553
[28/Sep/2026 07:35:45] "GET /static/js/settings/translations/translations_editor.js?v=1784452207 HTTP/1.1" 200 3634
[28/Sep/2026 07:35:45] "GET /static/js/settings/translations/translations_coverage.js?v=1784452207 HTTP/1.1" 200 6822
[28/Sep/2026 07:35:45] "GET /static/js/settings/currencies.js?v=1784452207 HTTP/1.1" 200 9269
[28/Sep/2026 07:35:45] "GET /static/js/settings/companies/render.js?v=1784452207 HTTP/1.1" 200 2710
[28/Sep/2026 07:35:45] "GET /static/js/settings/companies/modal.js?v=1784452207 HTTP/1.1" 200 7107
[28/Sep/2026 07:35:45] "GET /static/js/settings/banks.js?v=1784452207 HTTP/1.1" 200 6131
[28/Sep/2026 07:35:45] "GET /static/js/settings/users/list.js?v=1784452207 HTTP/1.1" 200 9162
[28/Sep/2026 07:35:45] "GET /static/js/settings/users/actions.js?v=1784452207 HTTP/1.1" 200 3384
[28/Sep/2026 07:35:45] "GET /static/js/settings/companies/actions.js?v=1784452207 HTTP/1.1" 200 3098
[28/Sep/2026 07:35:45] "GET /static/js/settings/dashboard.js?v=1784452207 HTTP/1.1" 200 2067
[28/Sep/2026 07:35:45] "GET /static/js/settings/backup_restore/render.js?v=1784452207 HTTP/1.1" 200 6043
[28/Sep/2026 07:35:45] "GET /static/js/settings/permissions.js?v=1784452207 HTTP/1.1" 200 6069
[28/Sep/2026 07:35:45] "GET /static/js/settings/roles/render.js?v=1784452207 HTTP/1.1" 200 5800
[28/Sep/2026 07:35:45] "GET /static/js/settings/backup_restore/server_actions.js?v=1784452207 HTTP/1.1" 200 2493
[28/Sep/2026 07:35:45] "GET /static/js/settings/backup_restore/helpers.js?v=1784452207 HTTP/1.1" 200 1023
[28/Sep/2026 07:35:45] "GET /static/js/settings/backup_restore/download_upload.js?v=1784452207 HTTP/1.1" 200 1546
[28/Sep/2026 07:35:45] "GET /static/js/settings/vendor_assets_update.js?v=1784452207 HTTP/1.1" 200 2879
[28/Sep/2026 07:35:45] "GET /static/js/settings/documentation/documentation_state.js?v=1784452207 HTTP/1.1" 200 3892
[28/Sep/2026 07:35:45] "GET /static/js/settings/documentation/documentation_history.js?v=1784452207 HTTP/1.1" 200 3946
[28/Sep/2026 07:35:45] "GET /static/js/settings/documentation/documentation_validation.js?v=1784452207 HTTP/1.1" 200 4500
[28/Sep/2026 07:35:45] "GET /static/js/settings/documentation/documentation_layout.js?v=1784452207 HTTP/1.1" 200 12908
[28/Sep/2026 07:35:45] "GET /static/vendor/fonts/plus-jakarta-sans/plus-jakarta-sans-latin-ext-700-normal.woff2 HTTP/1.1" 200 8648
[28/Sep/2026 07:35:45] "GET /static/js/settings/documentation/documentation_actions.js?v=1784452207 HTTP/1.1" 200 3028
[28/Sep/2026 07:35:45] "GET /static/vendor/fonts/inter/inter-latin-ext-400-normal.woff2 HTTP/1.1" 200 20432
[28/Sep/2026 07:35:45] "GET /static/vendor/fonts/plus-jakarta-sans/plus-jakarta-sans-latin-ext-600-normal.woff2 HTTP/1.1" 200 8600
[28/Sep/2026 07:35:45] "GET /static/js/settings/ai_advisor/pipeline_controls.js?v=1784452207 HTTP/1.1" 200 1604
[28/Sep/2026 07:35:45] "GET /static/js/settings/ai_advisor/state.js?v=1784452207 HTTP/1.1" 200 537
[28/Sep/2026 07:35:45] "GET /static/js/settings/documentation/documentation_poll.js?v=1784452207 HTTP/1.1" 200 7715
[28/Sep/2026 07:35:45] "GET /static/vendor/fonts/inter/inter-latin-ext-600-normal.woff2 HTTP/1.1" 200 22444
[28/Sep/2026 07:35:45] "GET /static/js/settings/ai_advisor/render_settings.js?v=1784452207 HTTP/1.1" 200 3101
[28/Sep/2026 07:35:45] "GET /static/js/settings/ai_advisor/render_settings_form.js?v=1784452207 HTTP/1.1" 200 17183
[28/Sep/2026 07:35:45] "GET /static/js/settings/ai_advisor/provider_fields.js?v=1784452207 HTTP/1.1" 200 2522
[28/Sep/2026 07:35:45] "GET /static/js/settings/ai_advisor/connection_test.js?v=1784452207 HTTP/1.1" 200 2393
[28/Sep/2026 07:35:45] "GET /static/js/settings/ai_advisor/save_settings.js?v=1784452207 HTTP/1.1" 200 4103
[28/Sep/2026 07:35:45] "GET /static/js/settings/ai_advisor/runtime_capabilities_actions.js?v=1784452207 HTTP/1.1" 200 3961
[28/Sep/2026 07:35:45] "GET /static/js/settings/ai_advisor/platform_overview_actions.js?v=1784452207 HTTP/1.1" 200 6350
[28/Sep/2026 07:35:45] "GET /static/js/settings/billing/render.js?v=1784452207 HTTP/1.1" 200 3521
[28/Sep/2026 07:35:45] "GET /static/js/settings/ai_advisor/diagnostics_model_select.js?v=1784452207 HTTP/1.1" 200 3534
[28/Sep/2026 07:35:45] "GET /static/vendor/fonts/plus-jakarta-sans/plus-jakarta-sans-latin-700-normal.woff2 HTTP/1.1" 200 10844
[28/Sep/2026 07:35:45] "GET /static/vendor/fonts/plus-jakarta-sans/plus-jakarta-sans-latin-600-normal.woff2 HTTP/1.1" 200 10816
[28/Sep/2026 07:35:45] "GET /static/js/settings/billing/plan_crud.js?v=1784452207 HTTP/1.1" 200 3390
[28/Sep/2026 07:35:45] "GET /static/js/settings/billing/edit_modal.js?v=1784452207 HTTP/1.1" 200 5689
[28/Sep/2026 07:35:45] "GET /static/vendor/bootstrap-icons/fonts/bootstrap-icons.woff2?e34853135f9e39acf64315236852cd5a HTTP/1.1" 200 134044
[28/Sep/2026 07:35:45] "GET /static/js/settings/billing/gateway_settings.js?v=1784452207 HTTP/1.1" 200 4322
[28/Sep/2026 07:35:45] "GET /static/js/settings/billing/price_actions.js?v=1784452207 HTTP/1.1" 200 1877
[28/Sep/2026 07:35:45] "GET /static/js/billing/trial_banner.js?v=1784452207 HTTP/1.1" 200 3989
[28/Sep/2026 07:35:45] "GET /static/js/settings/tabs.js?v=1784452207 HTTP/1.1" 200 3622
[28/Sep/2026 07:35:45] "GET /static/js/settings/index.js?v=1784452207 HTTP/1.1" 200 2736
[28/Sep/2026 07:35:45] "GET /static/vendor/fonts/inter/inter-latin-600-normal.woff2 HTTP/1.1" 200 17660
[28/Sep/2026 07:35:45] "GET /static/js/bank_certificates/utils.js?v=1784452207 HTTP/1.1" 200 2836
[28/Sep/2026 07:35:45] "GET /static/js/bank_certificates/api.js?v=1784452207 HTTP/1.1" 200 3514
[28/Sep/2026 07:35:45] "GET /static/js/billing/plans_page.js?v=1784452207 HTTP/1.1" 200 7129
[28/Sep/2026 07:35:45] "GET /static/js/settings/window_exports.js?v=1784452207 HTTP/1.1" 200 4339
[28/Sep/2026 07:35:45] "GET /static/js/bank_certificates/calculations.js?v=1784452207 HTTP/1.1" 200 1710
[28/Sep/2026 07:35:45] "GET /static/js/bank_certificates/interest.js?v=1784452207 HTTP/1.1" 200 1740
[28/Sep/2026 07:35:45] "GET /static/js/bank_certificates/modal.js?v=1784452207 HTTP/1.1" 200 7610
[28/Sep/2026 07:35:45] "GET /static/js/bank_certificates/interest_history.js?v=1784452207 HTTP/1.1" 200 8571
[28/Sep/2026 07:35:45] "GET /static/js/exchange_rates/rates_render.js?v=1784452207 HTTP/1.1" 200 8703
[28/Sep/2026 07:35:45] "GET /static/js/gold_price/index.js?v=1784452207 HTTP/1.1" 200 8914
[28/Sep/2026 07:35:45] "GET /static/js/exchange_rates/index.js?v=1784452207 HTTP/1.1" 200 2862
[28/Sep/2026 07:35:45] "GET /static/js/exchange_rates/rates_meta.js?v=1784452207 HTTP/1.1" 200 3075
[28/Sep/2026 07:35:45] "GET /static/js/gold_price/refresh.js?v=1784452207 HTTP/1.1" 200 1871
[28/Sep/2026 07:35:45] "GET /static/js/expenses/reports.js?v=1784452207 HTTP/1.1" 200 2318
[28/Sep/2026 07:35:45] "GET /static/js/expenses/utils.js?v=1784452207 HTTP/1.1" 200 1124
[28/Sep/2026 07:35:45] "GET /static/js/bank_certificates/list_view.js?v=1784452207 HTTP/1.1" 200 6040
[28/Sep/2026 07:35:45] "GET /static/js/expenses/subcategories.js?v=1784452207 HTTP/1.1" 200 3936
[28/Sep/2026 07:35:45] "GET /static/js/expenses/categories.js?v=1784452207 HTTP/1.1" 200 4163
[28/Sep/2026 07:35:45] "GET /static/js/expenses/api.js?v=1784452207 HTTP/1.1" 200 4427
[28/Sep/2026 07:35:45] "GET /static/js/expenses/table.js?v=1784452207 HTTP/1.1" 200 2893
[28/Sep/2026 07:35:45] "GET /static/js/expenses/index.js?v=1784452207 HTTP/1.1" 200 1571
[28/Sep/2026 07:35:45] "GET /static/js/expenses/modal.js?v=1784452207 HTTP/1.1" 200 7796
[28/Sep/2026 07:35:45] "GET /static/js/expenses/dashboard.js?v=1784452207 HTTP/1.1" 200 7836
[28/Sep/2026 07:35:45] "GET /static/js/expenses/filters.js?v=1784452207 HTTP/1.1" 200 996
[28/Sep/2026 07:35:45] "GET /static/js/reminders/rules.js?v=1784452207 HTTP/1.1" 200 5973
[28/Sep/2026 07:35:45] "GET /static/js/reminders/index.js?v=1784452207 HTTP/1.1" 200 9121
[28/Sep/2026 07:35:45] "GET /static/js/reminders/api.js?v=1784452207 HTTP/1.1" 200 3213
[28/Sep/2026 07:35:45] "GET /static/js/advanced_reports/salary.js?v=1784452207 HTTP/1.1" 200 7469
[28/Sep/2026 07:35:45] "GET /static/js/advanced_reports/charts.js?v=1784452207 HTTP/1.1" 200 2135
[28/Sep/2026 07:35:45] "GET /static/js/advanced_reports/certificates.js?v=1784452207 HTTP/1.1" 200 4388
[28/Sep/2026 07:35:45] "GET /static/js/reminders/banner.js?v=1784452207 HTTP/1.1" 200 3108
[28/Sep/2026 07:35:45] "GET /static/js/advanced_reports/balance.js?v=1784452207 HTTP/1.1" 200 3245
[28/Sep/2026 07:35:45] "GET /static/js/onboarding/wizard.js?v=1784452207 HTTP/1.1" 200 8727
[28/Sep/2026 07:35:45] "GET /static/js/advanced_reports/index.js?v=1784452207 HTTP/1.1" 200 7117
[28/Sep/2026 07:35:45] "GET /api/asset-acquisition-costs/categories/ HTTP/1.1" 200 138
[28/Sep/2026 07:35:45] "GET /api/asset-renovations/categories/ HTTP/1.1" 200 225
[28/Sep/2026 07:35:45] "GET /api/asset-furniture/categories/ HTTP/1.1" 200 364
[28/Sep/2026 07:35:45] "GET /api/auth/profile/ HTTP/1.1" 200 15380
[28/Sep/2026 07:35:45] "GET /static/images/favicon.ico?v=1784452207 HTTP/1.1" 200 226046
[28/Sep/2026 07:35:45] "GET /static/i18n/en.json?v=1790570145268 HTTP/1.1" 200 129692
[28/Sep/2026 07:35:45] "GET /api/settings/?v=1790570145285 HTTP/1.1" 200 3411
[28/Sep/2026 07:35:45] "GET /api/base-currency/ HTTP/1.1" 200 161
[28/Sep/2026 07:35:45] "GET /api/fixed-assets/ HTTP/1.1" 200 27292
[28/Sep/2026 07:35:45] "GET /static/vendor/fonts/inter/inter-latin-400-normal.woff2 HTTP/1.1" 200 16708
[28/Sep/2026 07:35:45] "GET /static/vendor/fonts/inter/inter-latin-ext-700-normal.woff2 HTTP/1.1" 200 22624
[28/Sep/2026 07:35:45] "GET /api/auth/profile/ HTTP/1.1" 200 15380
[28/Sep/2026 07:35:45] "GET /api/auth/me/ HTTP/1.1" 200 805
[28/Sep/2026 07:35:45] "GET /api/banks/ HTTP/1.1" 200 416
[28/Sep/2026 07:35:45] "GET /api/companies/ HTTP/1.1" 200 3078
[28/Sep/2026 07:35:45] "GET /static/vendor/fonts/plus-jakarta-sans/plus-jakarta-sans-latin-ext-400-normal.woff2 HTTP/1.1" 200 8200
[28/Sep/2026 07:35:45] "GET /static/vendor/fonts/inter/inter-latin-700-normal.woff2 HTTP/1.1" 200 17784
[28/Sep/2026 07:35:45] "GET /static/vendor/fonts/plus-jakarta-sans/plus-jakarta-sans-latin-400-normal.woff2 HTTP/1.1" 200 10464
[28/Sep/2026 07:35:45] "GET /api/billing/status/ HTTP/1.1" 200 75
[28/Sep/2026 07:35:45] "GET /static/vendor/fonts/plus-jakarta-sans/plus-jakarta-sans-latin-ext-800-normal.woff2 HTTP/1.1" 200 8484
[28/Sep/2026 07:35:45] "GET /static/vendor/fonts/inter/inter-latin-ext-500-normal.woff2 HTTP/1.1" 200 22336
[28/Sep/2026 07:35:45] "GET /api/settings/ HTTP/1.1" 200 3411
[28/Sep/2026 07:35:45] "GET /static/vendor/fonts/plus-jakarta-sans/plus-jakarta-sans-latin-800-normal.woff2 HTTP/1.1" 200 10528
[28/Sep/2026 07:35:45] "GET /static/vendor/fonts/inter/inter-latin-500-normal.woff2 HTTP/1.1" 200 17552
[28/Sep/2026 07:35:45] "GET /api/onboarding/status/ HTTP/1.1" 200 1249
[28/Sep/2026 07:35:45] "GET /api/fixed-assets/ HTTP/1.1" 200 27292
[28/Sep/2026 07:35:46] "GET /api/expenses/?start=&end= HTTP/1.1" 200 64255
[28/Sep/2026 07:35:46] "GET /api/expenses/summary/?year=2026 HTTP/1.1" 200 1542
[28/Sep/2026 07:35:46] "GET /api/expenses/?start=&end= HTTP/1.1" 200 64255
[28/Sep/2026 07:35:46] "GET /api/expenses/summary/?year=2026 HTTP/1.1" 200 1542
[28/Sep/2026 07:35:47] "GET /api/expenses/?start=&end= HTTP/1.1" 200 64255
[28/Sep/2026 07:35:47] "GET /api/expenses/summary/?year=2026 HTTP/1.1" 200 1542
[28/Sep/2026 07:35:47] "GET /api/settings/ HTTP/1.1" 200 3411
[28/Sep/2026 07:35:47] "GET /api/reminders/check/ HTTP/1.1" 200 29
[28/Sep/2026 07:35:47] "GET /api/expenses/?start=&end= HTTP/1.1" 200 64255
[28/Sep/2026 07:35:47] "GET /api/expenses/summary/?year=2026 HTTP/1.1" 200 1542
[28/Sep/2026 07:35:48] "GET /api/fixed-assets/ HTTP/1.1" 200 27292
[28/Sep/2026 07:35:48] "GET /api/settings/gold-purities/ HTTP/1.1" 200 404
[28/Sep/2026 07:35:48] "GET /api/settings/gold-types/ HTTP/1.1" 200 189
[28/Sep/2026 07:35:48] "GET /api/currencies/ HTTP/1.1" 200 995
[28/Sep/2026 07:35:48] "GET /api/banks/ HTTP/1.1" 200 416
[28/Sep/2026 07:35:48] "GET /api/banks/with-balance/ HTTP/1.1" 200 416
[28/Sep/2026 07:35:48] "GET /static/vendor/leaflet/images/marker-icon.png HTTP/1.1" 200 1466
[28/Sep/2026 07:35:48] "GET /static/vendor/leaflet/images/marker-shadow.png HTTP/1.1" 200 618
[28/Sep/2026 07:35:48] "GET /static/vendor/leaflet/images/marker-icon-2x.png HTTP/1.1" 200 2464
[28/Sep/2026 07:35:48] "GET /api/fixed-assets/usd-rate/?currency_id=6 HTTP/1.1" 200 18
[28/Sep/2026 07:35:50] "GET /api/fixed-assets/usd-rate/?currency_id=6 HTTP/1.1" 200 18
[28/Sep/2026 07:35:51] "POST /api/fixed-assets/ HTTP/1.1" 201 2254
[28/Sep/2026 07:35:51] "GET /api/fixed-assets/ HTTP/1.1" 200 29493
[28/Sep/2026 07:35:52] "GET /api/fixed-assets/ HTTP/1.1" 200 29493
[28/Sep/2026 07:35:53] "GET /api/documents/categories/?parent_type=fixed_asset HTTP/1.1" 200 408
[28/Sep/2026 07:35:53] "GET /api/banks/ HTTP/1.1" 200 416
[28/Sep/2026 07:35:53] "GET /api/currencies/ HTTP/1.1" 200 995
[28/Sep/2026 07:35:53] "GET /api/documents/fixed_asset/9/ HTTP/1.1" 200 17
[28/Sep/2026 07:35:53] "GET /api/banks/with-balance/ HTTP/1.1" 200 416
[28/Sep/2026 07:35:53] "GET /static/vendor/leaflet/images/marker-icon-2x.png HTTP/1.1" 200 2464
[28/Sep/2026 07:35:53] "GET /static/vendor/leaflet/images/marker-shadow.png HTTP/1.1" 200 618
[28/Sep/2026 07:35:53] "GET /api/fixed-assets/9/ HTTP/1.1" 200 2199
[28/Sep/2026 07:35:53] "PUT /api/fixed-assets/9/ HTTP/1.1" 200 2208
[28/Sep/2026 07:35:54] "GET /api/fixed-assets/ HTTP/1.1" 200 29502
[28/Sep/2026 07:35:54] "GET /api/fixed-assets/ HTTP/1.1" 200 29502
[28/Sep/2026 07:35:54] "DELETE /api/fixed-assets/9/ HTTP/1.1" 200 14
[28/Sep/2026 07:35:55] "GET /api/fixed-assets/ HTTP/1.1" 200 27292
[28/Sep/2026 07:35:56] "GET /api/fixed-assets/ HTTP/1.1" 200 27292
[28/Sep/2026 07:35:56] "GET /api/expenses/?start=&end= HTTP/1.1" 200 64255
[28/Sep/2026 07:35:56] "GET /api/expenses/summary/?year=2026 HTTP/1.1" 200 1542
[28/Sep/2026 07:35:56] "GET /api/fixed-assets/reports/pdf/?scope=portfolio&lang=en HTTP/1.1" 200 96893
[28/Sep/2026 07:35:57] "GET /api/fixed-assets/reports/excel/?scope=portfolio&lang=en HTTP/1.1" 200 12073
Not Found: /dashboard
[28/Sep/2026 07:35:57] "GET /dashboard HTTP/1.1" 404 52992
Not Found: /financial-advisor
[28/Sep/2026 07:35:59] "GET /financial-advisor HTTP/1.1" 404 53016
[28/Sep/2026 07:36:00] "GET / HTTP/1.1" 200 33791
[28/Sep/2026 07:36:00] "GET /static/vendor/fonts/google-fonts.css HTTP/1.1" 200 4560
[28/Sep/2026 07:36:00] "GET /static/js/utils/csrf_fetch.js?v=1784452207 HTTP/1.1" 200 1672
[28/Sep/2026 07:36:00] "GET /static/css/main/index.css?v=1784452207 HTTP/1.1" 200 2037
[28/Sep/2026 07:36:00] "GET /static/vendor/leaflet/leaflet.css HTTP/1.1" 200 14145
[28/Sep/2026 07:36:00] "GET /static/css/ai/index.css?v=1784452207 HTTP/1.1" 200 1845
[28/Sep/2026 07:36:00] "GET /static/vendor/bootstrap-icons/bootstrap-icons.css HTTP/1.1" 200 99556
[28/Sep/2026 07:36:00] "GET /static/vendor/bootstrap/css/bootstrap.min.css HTTP/1.1" 200 232111
[28/Sep/2026 07:36:00] "GET /static/js/utils/base_currency.js?v=1784452207 HTTP/1.1" 200 2145
[28/Sep/2026 07:36:00] "GET /static/js/i18n/index.js?v=1784452207 HTTP/1.1" 200 1214
[28/Sep/2026 07:36:00] "GET /static/js/i18n/load_language.js?v=1784452207 HTTP/1.1" 200 2699
[28/Sep/2026 07:36:00] "GET /static/vendor/bootstrap/js/bootstrap.bundle.min.js HTTP/1.1" 200 80496
[28/Sep/2026 07:36:00] "GET /static/vendor/leaflet/leaflet.js HTTP/1.1" 200 147552
[28/Sep/2026 07:36:00] "GET /static/vendor/chartjs/chart.umd.js HTTP/1.1" 200 208522
[28/Sep/2026 07:36:00] "GET /static/js/i18n/apply_translations.js?v=1784452207 HTTP/1.1" 200 5073
[28/Sep/2026 07:36:00] "GET /static/js/utils/dateFormatter.js?v=1784452207 HTTP/1.1" 200 4272
[28/Sep/2026 07:36:00] "GET /static/js/datepicker/localization.js?v=1784452207 HTTP/1.1" 200 3340
[28/Sep/2026 07:36:00] "GET /static/js/datepicker/dom.js?v=1784452207 HTTP/1.1" 200 5745
[28/Sep/2026 07:36:00] "GET /static/js/datepicker/positioning.js?v=1784452207 HTTP/1.1" 200 3508
[28/Sep/2026 07:36:00] "GET /static/js/datepicker/calendar_days.js?v=1784452207 HTTP/1.1" 200 4315
[28/Sep/2026 07:36:00] "GET /static/js/datepicker/events.js?v=1784452207 HTTP/1.1" 200 5271
[28/Sep/2026 07:36:00] "GET /static/js/datepicker/calendar_footer.js?v=1784452207 HTTP/1.1" 200 3299
[28/Sep/2026 07:36:00] "GET /static/js/datepicker/calendar.js?v=1784452207 HTTP/1.1" 200 7376
[28/Sep/2026 07:36:00] "GET /static/js/datepicker/core.js?v=1784452207 HTTP/1.1" 200 5520
[28/Sep/2026 07:36:00] "GET /static/js/datepicker/delegates.js?v=1784452207 HTTP/1.1" 200 2082
[28/Sep/2026 07:36:00] "GET /static/js/datepicker/calendar_months.js?v=1784452207 HTTP/1.1" 200 2978
[28/Sep/2026 07:36:00] "GET /static/js/datepicker/popup_lifecycle.js?v=1784452207 HTTP/1.1" 200 5788
[28/Sep/2026 07:36:00] "GET /static/js/datepicker/registry.js?v=1784452207 HTTP/1.1" 200 3376
[28/Sep/2026 07:36:00] "GET /static/js/reports/charts.js?v=1784452207 HTTP/1.1" 200 4759
[28/Sep/2026 07:36:00] "GET /static/js/reports/yearly.js?v=1784452207 HTTP/1.1" 200 78
[28/Sep/2026 07:36:00] "GET /static/js/reports/utils.js?v=1784452207 HTTP/1.1" 200 547
[28/Sep/2026 07:36:00] "GET /static/js/reports/pdf.js?v=1784452207 HTTP/1.1" 200 2520
[28/Sep/2026 07:36:00] "GET /static/js/reports/index/tabs.js?v=1784452207 HTTP/1.1" 200 7050
[28/Sep/2026 07:36:00] "GET /static/js/datepicker/date-picker.js?v=1784452207 HTTP/1.1" 200 2422
[28/Sep/2026 07:36:00] "GET /static/js/reports/index/data.js?v=1784452207 HTTP/1.1" 200 5990
[28/Sep/2026 07:36:00] "GET /static/js/app/companies.js?v=1784452207 HTTP/1.1" 200 191
[28/Sep/2026 07:36:00] "GET /static/css/base/variables.css?v=1784442773?v=1784442773 HTTP/1.1" 200 1958
[28/Sep/2026 07:36:00] "GET /static/js/app/banks.js?v=1784452207 HTTP/1.1" 200 167
[28/Sep/2026 07:36:00] "GET /static/js/app/utils/tabs/shell.js?v=1784452207 HTTP/1.1" 200 416
[28/Sep/2026 07:36:00] "GET /static/js/app/utils/tabs/breadcrumb.js?v=1784452207 HTTP/1.1" 200 486
[28/Sep/2026 07:36:00] "GET /static/css/base/typography.css?v=1784442773?v=1784442773 HTTP/1.1" 200 2167
[28/Sep/2026 07:36:00] "GET /static/css/layout/shared.css?v=1784442773 HTTP/1.1" 200 674
[28/Sep/2026 07:36:00] "GET /static/css/layout_financial_advisor/index.css?v=1784442773 HTTP/1.1" 200 691
[28/Sep/2026 07:36:00] "GET /static/css/layout/settings.css?v=1784442773 HTTP/1.1" 200 872
[28/Sep/2026 07:36:00] "GET /static/css/layout/fixed_assets.css?v=1784442773 HTTP/1.1" 200 953
[28/Sep/2026 07:36:00] "GET /static/css/components/sidebar.css?v=1784442773?v=1784442773 HTTP/1.1" 200 3641
[28/Sep/2026 07:36:00] "GET /static/css/theme/index.css?v=1784442773?v=1784442773 HTTP/1.1" 200 782
[28/Sep/2026 07:36:00] "GET /static/css/components/tables.css?v=1784442773?v=1784442773 HTTP/1.1" 200 3478
[28/Sep/2026 07:36:00] "GET /static/css/components/topbar.css?v=1784442773?v=1784442773 HTTP/1.1" 200 1744
[28/Sep/2026 07:36:00] "GET /static/css/components/forms.css?v=1784442773?v=1784442773 HTTP/1.1" 200 3170
[28/Sep/2026 07:36:00] "GET /static/css/components/buttons.css?v=1784442773?v=1784442773 HTTP/1.1" 200 3280
[28/Sep/2026 07:36:00] "GET /static/css/cards/index.css?v=1784442773?v=1784442773 HTTP/1.1" 200 386
[28/Sep/2026 07:36:00] "GET /static/css/components/modals/index.css?v=1784442773?v=1784442773 HTTP/1.1" 200 901
[28/Sep/2026 07:36:00] "GET /static/css/features/dashboard.css?v=1784442773?v=1784442773 HTTP/1.1" 200 102
[28/Sep/2026 07:36:00] "GET /static/css/features/salary.css?v=1784442773?v=1784442773 HTTP/1.1" 200 99
[28/Sep/2026 07:36:00] "GET /static/css/features/balance.css?v=1784442773?v=1784442773 HTTP/1.1" 200 5606
[28/Sep/2026 07:36:00] "GET /static/css/features/certificates.css?v=1784442773?v=1784442773 HTTP/1.1" 200 105
[28/Sep/2026 07:36:00] "GET /static/css/features/reports.css?v=1784442773?v=1784442773 HTTP/1.1" 200 506
[28/Sep/2026 07:36:00] "GET /static/css/features/reminders.css?v=1784442773?v=1784442773 HTTP/1.1" 200 102
[28/Sep/2026 07:36:00] "GET /static/css/fixed_assets/index.css?v=1784442773?v=1784442773 HTTP/1.1" 200 405
[28/Sep/2026 07:36:00] "GET /static/css/features/expenses.css?v=1784442773?v=1784442773 HTTP/1.1" 200 672
[28/Sep/2026 07:36:00] "GET /static/css/features/settings.css?v=1784442773?v=1784442773 HTTP/1.1" 200 101
[28/Sep/2026 07:36:00] "GET /static/css/features/billing_customer.css?v=1784442773 HTTP/1.1" 200 3489
[28/Sep/2026 07:36:00] "GET /static/css/date_picker/index.css?v=1784442773 HTTP/1.1" 200 1301
[28/Sep/2026 07:36:00] "GET /static/css/financial_advisor/index.css?v=1784442773?v=1784442773 HTTP/1.1" 200 484
[28/Sep/2026 07:36:00] "GET /static/css/components/center_alert.css?v=1784442773 HTTP/1.1" 200 1601
[28/Sep/2026 07:36:00] "GET /static/css/responsive/index.css?v=1784442773?v=1784442773 HTTP/1.1" 200 859
[28/Sep/2026 07:36:00] "GET /static/css/ai/workspace_header.css HTTP/1.1" 200 2403
[28/Sep/2026 07:36:00] "GET /static/css/ai/left_panel/index.css HTTP/1.1" 200 927
[28/Sep/2026 07:36:00] "GET /static/css/ai/center_empty_state.css HTTP/1.1" 200 3272
[28/Sep/2026 07:36:00] "GET /static/css/ai/message_bubbles.css HTTP/1.1" 200 3021
[28/Sep/2026 07:36:00] "GET /static/css/ai/code_tables_badges.css HTTP/1.1" 200 2290
[28/Sep/2026 07:36:00] "GET /static/css/ai/responsive_misc.css HTTP/1.1" 200 3138
[28/Sep/2026 07:36:00] "GET /static/css/ai/right_panel.css HTTP/1.1" 200 3844
[28/Sep/2026 07:36:00] "GET /static/css/ai/input_area.css HTTP/1.1" 200 2718
[28/Sep/2026 07:36:00] "GET /static/css/layout_financial_advisor/executive_sections_1.css HTTP/1.1" 200 2229
[28/Sep/2026 07:36:00] "GET /static/css/ai/mobile_fixes/index.css HTTP/1.1" 200 836
[28/Sep/2026 07:36:00] "GET /static/css/layout_financial_advisor/executive_sections_2.css HTTP/1.1" 200 1965
[28/Sep/2026 07:36:00] "GET /static/css/layout_financial_advisor/executive_sections_3.css HTTP/1.1" 200 1952
[28/Sep/2026 07:36:00] "GET /static/css/settings_layout/tabs.css HTTP/1.1" 200 1704
[28/Sep/2026 07:36:00] "GET /static/css/layout_financial_advisor/amounts_and_pills.css HTTP/1.1" 200 751
[28/Sep/2026 07:36:00] "GET /static/css/settings_layout/portfolio_scoring.css HTTP/1.1" 200 3039
[28/Sep/2026 07:36:00] "GET /static/css/settings_layout/goal_planning/index.css HTTP/1.1" 200 934
[28/Sep/2026 07:36:00] "GET /static/css/settings_layout/portfolio_recs_goals.css HTTP/1.1" 200 3340
[28/Sep/2026 07:36:00] "GET /static/css/settings_layout/misc_ui.css HTTP/1.1" 200 3514
[28/Sep/2026 07:36:00] "GET /static/css/theme/tokens.css HTTP/1.1" 200 2704
[28/Sep/2026 07:36:00] "GET /static/css/theme/light_overrides_1.css HTTP/1.1" 200 3354
[28/Sep/2026 07:36:00] "GET /static/css/theme/light_overrides_3.css HTTP/1.1" 200 2680
[28/Sep/2026 07:36:00] "GET /static/css/theme/light_overrides_2.css HTTP/1.1" 200 3121
[28/Sep/2026 07:36:00] "GET /static/css/theme/dark_overrides.css HTTP/1.1" 200 386
[28/Sep/2026 07:36:00] "GET /static/css/components/modals/goal_editor.css HTTP/1.1" 200 2807
[28/Sep/2026 07:36:00] "GET /static/css/components/modals/base.css HTTP/1.1" 200 1960
[28/Sep/2026 07:36:00] "GET /static/css/components/modals/inputs_and_asset_modal.css HTTP/1.1" 200 527
[28/Sep/2026 07:36:00] "GET /static/css/cards/cash_position.css HTTP/1.1" 200 1824
[28/Sep/2026 07:36:00] "GET /static/css/cards/currency_cards.css HTTP/1.1" 200 4079
[28/Sep/2026 07:36:00] "GET /static/css/fixed_assets/summary_strip.css HTTP/1.1" 200 2048
[28/Sep/2026 07:36:00] "GET /static/css/cards/kpi_panels.css HTTP/1.1" 200 1887
[28/Sep/2026 07:36:00] "GET /static/css/fixed_assets/collapsible_cards.css HTTP/1.1" 200 2161
[28/Sep/2026 07:36:00] "GET /static/css/fixed_assets/base_layout.css HTTP/1.1" 200 3122
[28/Sep/2026 07:36:00] "GET /static/css/date_picker/month_day_grid.css HTTP/1.1" 200 3456
[28/Sep/2026 07:36:00] "GET /static/css/date_picker/popup_header.css HTTP/1.1" 200 2607
[28/Sep/2026 07:36:00] "GET /static/css/date_picker/footer_buttons.css HTTP/1.1" 200 1816
[28/Sep/2026 07:36:00] "GET /static/css/financial_advisor/overview_dashboard/index.css HTTP/1.1" 200 826
[28/Sep/2026 07:36:00] "GET /static/css/date_picker/wrapper_trigger.css HTTP/1.1" 200 2862
[28/Sep/2026 07:36:00] "GET /static/css/date_picker/theme_responsive.css HTTP/1.1" 200 2404
[28/Sep/2026 07:36:00] "GET /static/css/financial_advisor/scenario_and_theme.css HTTP/1.1" 200 1091
[28/Sep/2026 07:36:00] "GET /static/css/financial_advisor/kpi_and_summaries/index.css HTTP/1.1" 200 871
[28/Sep/2026 07:36:00] "GET /static/css/responsive/settings_tabs.css HTTP/1.1" 200 2978
[28/Sep/2026 07:36:00] "GET /static/css/responsive/components.css HTTP/1.1" 200 2105
[28/Sep/2026 07:36:00] "GET /static/css/responsive/sidebar_desktop.css HTTP/1.1" 200 1472
[28/Sep/2026 07:36:00] "GET /static/css/responsive/sidebar_mobile.css HTTP/1.1" 200 2218
[28/Sep/2026 07:36:00] "GET /static/css/ai/left_panel/shell_and_new_chat.css HTTP/1.1" 200 1394
[28/Sep/2026 07:36:00] "GET /static/css/responsive/filters_expense.css HTTP/1.1" 200 854
[28/Sep/2026 07:36:00] "GET /static/css/responsive/grid_forms.css HTTP/1.1" 200 1762
[28/Sep/2026 07:36:00] "GET /static/css/ai/mobile_fixes/header_and_input_breakpoints.css HTTP/1.1" 200 1998
[28/Sep/2026 07:36:00] "GET /static/css/ai/left_panel/conversation_list.css HTTP/1.1" 200 2179
[28/Sep/2026 07:36:00] "GET /static/css/ai/mobile_fixes/context_panel_mobile.css HTTP/1.1" 200 1794
[28/Sep/2026 07:36:00] "GET /static/css/ai/left_panel/future_cards.css HTTP/1.1" 200 1202
[28/Sep/2026 07:36:00] "GET /static/css/settings_layout/goal_planning/progress_and_chart.css HTTP/1.1" 200 1958
[28/Sep/2026 07:36:00] "GET /static/css/settings_layout/goal_planning/hero_and_toolbar.css HTTP/1.1" 200 989
[28/Sep/2026 07:36:00] "GET /static/css/settings_layout/goal_planning/milestones_and_status.css HTTP/1.1" 200 1679
[28/Sep/2026 07:36:00] "GET /static/css/financial_advisor/overview_dashboard/card_and_score.css HTTP/1.1" 200 2115
[28/Sep/2026 07:36:00] "GET /static/css/financial_advisor/overview_dashboard/ai_summary_and_alerts.css HTTP/1.1" 200 2513
[28/Sep/2026 07:36:00] "GET /static/css/financial_advisor/kpi_and_summaries/kpi_cards_and_summary_stats.css HTTP/1.1" 200 2247
[28/Sep/2026 07:36:00] "GET /static/css/financial_advisor/kpi_and_summaries/opportunities_and_theming.css HTTP/1.1" 200 2031
[28/Sep/2026 07:36:00] "GET /static/js/app/utils/collapsible.js?v=1784452207 HTTP/1.1" 200 4636
[28/Sep/2026 07:36:00] "GET /static/js/app/utils/tabs/more_menu.js?v=1784452207 HTTP/1.1" 200 4871
[28/Sep/2026 07:36:00] "GET /static/js/app/chart_crosshair/plugin.js?v=1784452207 HTTP/1.1" 200 7086
[28/Sep/2026 07:36:00] "GET /static/js/app/chart_crosshair/helpers.js?v=1784452207 HTTP/1.1" 200 7310
[28/Sep/2026 07:36:00] "GET /static/js/app/formatting.js?v=1784452207 HTTP/1.1" 200 1445
[28/Sep/2026 07:36:00] "GET /static/js/app/theme.js?v=1784452207 HTTP/1.1" 200 1857
[28/Sep/2026 07:36:00] "GET /static/js/app/toast.js?v=1784452207 HTTP/1.1" 200 1251
[28/Sep/2026 07:36:00] "GET /static/js/app/loading.js?v=1784452207 HTTP/1.1" 200 1016
[28/Sep/2026 07:36:00] "GET /static/js/app/permissions.js?v=1784452207 HTTP/1.1" 200 834
[28/Sep/2026 07:36:00] "GET /static/js/app/modals.js?v=1784452207 HTTP/1.1" 200 2050
[28/Sep/2026 07:36:00] "GET /static/js/app/center_alert.js?v=1784452207 HTTP/1.1" 200 2152
[28/Sep/2026 07:36:00] "GET /static/js/app/routing.js?v=1784452207 HTTP/1.1" 200 3799
[28/Sep/2026 07:36:00] "GET /static/js/app/route_dispatch.js?v=1784452207 HTTP/1.1" 200 3945
[28/Sep/2026 07:36:00] "GET /static/js/app/authentication.js?v=1784452207 HTTP/1.1" 200 6841
[28/Sep/2026 07:36:00] "GET /static/js/app/navigation.js?v=1784452207 HTTP/1.1" 200 2287
[28/Sep/2026 07:36:00] "GET /static/js/app/topbar.js?v=1784452207 HTTP/1.1" 200 4901
[28/Sep/2026 07:36:00] "GET /static/js/app/sidebar/nav_primary.js?v=1784452207 HTTP/1.1" 200 2000
[28/Sep/2026 07:36:00] "GET /static/js/app/sidebar/nav_expenses_reports.js?v=1784452207 HTTP/1.1" 200 2559
[28/Sep/2026 07:36:00] "GET /static/js/app/sidebar/nav_settings.js?v=1784452207 HTTP/1.1" 200 673
[28/Sep/2026 07:36:00] "GET /static/js/app/sidebar/render.js?v=1784452207 HTTP/1.1" 200 2138
[28/Sep/2026 07:36:00] "GET /static/js/app/sidebar/nav_modules.js?v=1784452207 HTTP/1.1" 200 2150
[28/Sep/2026 07:36:00] "GET /static/js/financial_advisor/cash_flow_forecast/states.js?v=1790000001 HTTP/1.1" 200 2150
[28/Sep/2026 07:36:00] "GET /static/js/app/sidebar/modes.js?v=1784452207 HTTP/1.1" 200 2579
[28/Sep/2026 07:36:00] "GET /static/js/app/index.js?v=1784452207 HTTP/1.1" 200 4994
[28/Sep/2026 07:36:00] "GET /static/js/app/sidebar/footer.js?v=1784452207 HTTP/1.1" 200 2941
[28/Sep/2026 07:36:00] "GET /static/js/financial_advisor/utils.js?v=1790000001 HTTP/1.1" 200 7270
[28/Sep/2026 07:36:00] "GET /static/js/financial_advisor/cash_flow_forecast/timeline.js?v=1790000001 HTTP/1.1" 200 5709
[28/Sep/2026 07:36:00] "GET /static/js/financial_advisor/wealth_growth_forecast/fragments.js?v=1790000001 HTTP/1.1" 200 5055
[28/Sep/2026 07:36:00] "GET /static/js/financial_advisor/wealth_growth_forecast/charts.js?v=1790000001 HTTP/1.1" 200 4102
[28/Sep/2026 07:36:00] "GET /static/js/financial_advisor/cash_flow_forecast/cash_flow_custom_projection.js?v=1790000001 HTTP/1.1" 200 9926
[28/Sep/2026 07:36:00] "GET /static/js/financial_advisor/cash_flow_forecast/cash_flow.js?v=1790000001 HTTP/1.1" 200 5317
[28/Sep/2026 07:36:00] "GET /static/js/financial_advisor/wealth_growth_forecast/wealth_growth.js?v=1790000001 HTTP/1.1" 200 6793
[28/Sep/2026 07:36:00] "GET /static/js/financial_advisor/portfolio_optimizer/charts.js?v=1790000001 HTTP/1.1" 200 2174
[28/Sep/2026 07:36:00] "GET /static/js/financial_advisor/portfolio_optimizer/fragments.js?v=1790000001 HTTP/1.1" 200 3512
[28/Sep/2026 07:36:00] "GET /static/js/financial_advisor/goal_planning/charts.js?v=1790000001 HTTP/1.1" 200 2148
[28/Sep/2026 07:36:00] "GET /static/js/financial_advisor/portfolio_optimizer/portfolio_optimizer.js?v=1790000001 HTTP/1.1" 200 10139
[28/Sep/2026 07:36:00] "GET /static/js/financial_advisor/goal_planning/ui.js?v=1790000001 HTTP/1.1" 200 6501
[28/Sep/2026 07:36:00] "GET /static/js/financial_advisor/goal_planning/modal.js?v=1790000001 HTTP/1.1" 200 4207
[28/Sep/2026 07:36:00] "GET /static/js/financial_advisor/goal_planning/ui_sections.js?v=1790000001 HTTP/1.1" 200 4870
[28/Sep/2026 07:36:00] "GET /static/js/financial_advisor/goal_planning/goal_planning_cards.js?v=1790000001 HTTP/1.1" 200 5762
[28/Sep/2026 07:36:00] "GET /static/js/financial_advisor/goal_planning/goal_planning_main.js?v=1790000001 HTTP/1.1" 200 4718
[28/Sep/2026 07:36:00] "GET /static/js/financial_advisor/goal_planning/goal_planning_modal_events.js?v=1790000001 HTTP/1.1" 200 4704
[28/Sep/2026 07:36:00] "GET /static/js/financial_advisor/goal_planning/goal_planning_modal.js?v=1790000001 HTTP/1.1" 200 3720
[28/Sep/2026 07:36:00] "GET /static/js/financial_advisor/overview/overview_cards_kpi.js?v=1790000001 HTTP/1.1" 200 5535
[28/Sep/2026 07:36:00] "GET /static/js/financial_advisor/overview/overview_charts.js?v=1790000001 HTTP/1.1" 200 3462
[28/Sep/2026 07:36:00] "GET /static/js/financial_advisor/overview/overview_cards_summary.js?v=1790000001 HTTP/1.1" 200 1386
[28/Sep/2026 07:36:00] "GET /static/js/financial_advisor/overview/overview_cards_row3.js?v=1790000001 HTTP/1.1" 200 6379
[28/Sep/2026 07:36:00] "GET /static/js/financial_advisor/overview/overview_cards_row4.js?v=1790000001 HTTP/1.1" 200 7216
[28/Sep/2026 07:36:00] "GET /static/js/financial_advisor/overview/overview_render_lists.js?v=1790000001 HTTP/1.1" 200 6292
[28/Sep/2026 07:36:00] "GET /static/js/financial_advisor/overview/overview_render_helpers.js?v=1790000001 HTTP/1.1" 200 3501
[28/Sep/2026 07:36:00] "GET /static/js/financial_advisor/overview/overview_render_row1.js?v=1790000001 HTTP/1.1" 200 11166
[28/Sep/2026 07:36:00] "GET /static/js/financial_advisor/overview/overview_render_main.js?v=1790000001 HTTP/1.1" 200 6180
[28/Sep/2026 07:36:00] "GET /static/js/financial_advisor/overview/overview.js?v=1790000001 HTTP/1.1" 200 1027
[28/Sep/2026 07:36:00] "GET /static/js/financial_advisor/risk_analysis/render_loading_error.js?v=1790000001 HTTP/1.1" 200 956
[28/Sep/2026 07:36:00] "GET /static/js/financial_advisor/risk_analysis/state.js?v=1790000001 HTTP/1.1" 200 812
[28/Sep/2026 07:36:00] "GET /static/js/financial_advisor/risk_analysis/fragments.js?v=1790000001 HTTP/1.1" 200 9570
[28/Sep/2026 07:36:00] "GET /static/js/financial_advisor/risk_analysis/radar_chart.js?v=1790000001 HTTP/1.1" 200 2962
[28/Sep/2026 07:36:00] "GET /static/js/financial_advisor/risk_analysis/render_template.js?v=1790000001 HTTP/1.1" 200 7627
[28/Sep/2026 07:36:00] "GET /static/js/financial_advisor/risk_analysis/render_main.js?v=1790000001 HTTP/1.1" 200 2092
[28/Sep/2026 07:36:00] "GET /static/js/financial_advisor/risk_analysis/loader.js?v=1790000001 HTTP/1.1" 200 859
[28/Sep/2026 07:36:00] "GET /static/js/financial_advisor/risk_analysis/income_chart.js?v=1790000001 HTTP/1.1" 200 2069
[28/Sep/2026 07:36:00] "GET /static/js/financial_advisor/spending_intelligence/spending_intelligence_render.js?v=1790000001 HTTP/1.1" 200 8468
[28/Sep/2026 07:36:00] "GET /static/js/financial_advisor/spending_intelligence/build_category_donut.js?v=1790000001 HTTP/1.1" 200 6181
[28/Sep/2026 07:36:00] "GET /static/js/financial_advisor/spending_intelligence/render_template.js?v=1790000001 HTTP/1.1" 200 1094
[28/Sep/2026 07:36:00] "GET /static/js/financial_advisor/spending_intelligence/render_loading_error.js?v=1790000001 HTTP/1.1" 200 1130
[28/Sep/2026 07:36:00] "GET /static/js/financial_advisor/spending_intelligence/build_findings_insights_trend.js?v=1790000001 HTTP/1.1" 200 6479
[28/Sep/2026 07:36:00] "GET /static/js/financial_advisor/spending_intelligence/render_main.js?v=1790000001 HTTP/1.1" 200 4859
[28/Sep/2026 07:36:00] "GET /static/js/financial_advisor/spending_intelligence/fragments.js?v=1790000001 HTTP/1.1" 200 6995
[28/Sep/2026 07:36:00] "GET /static/js/financial_advisor/spending_intelligence/loader.js?v=1790000001 HTTP/1.1" 200 909
[28/Sep/2026 07:36:00] "GET /static/js/financial_advisor/opportunity_detection/opportunity_detection_card.js?v=1790000001 HTTP/1.1" 200 5382
[28/Sep/2026 07:36:00] "GET /static/js/financial_advisor/performance/performance_format.js?v=1790000001 HTTP/1.1" 200 2203
[28/Sep/2026 07:36:00] "GET /static/js/financial_advisor/opportunity_detection/opportunity_detection_helpers.js?v=1790000001 HTTP/1.1" 200 2482
[28/Sep/2026 07:36:00] "GET /static/js/financial_advisor/opportunity_detection/opportunity_detection_render.js?v=1790000001 HTTP/1.1" 200 5667
[28/Sep/2026 07:36:00] "GET /static/js/financial_advisor/performance/performance_charts.js?v=1790000001 HTTP/1.1" 200 4430
[28/Sep/2026 07:36:00] "GET /static/js/financial_advisor/performance/performance_state.js?v=1790000001 HTTP/1.1" 200 1550
[28/Sep/2026 07:36:00] "GET /static/js/financial_advisor/performance/performance_sections_gold.js?v=1790000001 HTTP/1.1" 200 10609
[28/Sep/2026 07:36:00] "GET /static/js/financial_advisor/performance/performance_view.js?v=1790000001 HTTP/1.1" 200 3680
[28/Sep/2026 07:36:00] "GET /static/js/financial_advisor/what_if_simulator/what_if_chart/helpers.js?v=1790000001 HTTP/1.1" 200 1777
[28/Sep/2026 07:36:00] "GET /static/js/financial_advisor/performance/performance_sections_currency.js?v=1790000001 HTTP/1.1" 200 9267
[28/Sep/2026 07:36:00] "GET /static/js/financial_advisor/performance/performance_events.js?v=1790000001 HTTP/1.1" 200 3223
[28/Sep/2026 07:36:00] "GET /static/js/financial_advisor/what_if_simulator/what_if_chart/comparison.js?v=1790000001 HTTP/1.1" 200 4436
[28/Sep/2026 07:36:00] "GET /static/js/financial_advisor/what_if_simulator/what_if_chart/render.js?v=1790000001 HTTP/1.1" 200 4759
[28/Sep/2026 07:36:00] "GET /static/js/financial_advisor/what_if_simulator/what_if_state.js?v=1790000001 HTTP/1.1" 200 3816
[28/Sep/2026 07:36:00] "GET /static/js/financial_advisor/what_if_simulator/what_if_recalc.js?v=1790000001 HTTP/1.1" 200 2489
[28/Sep/2026 07:36:00] "GET /static/js/financial_advisor/scenario_planner/state.js?v=1790000001 HTTP/1.1" 200 2394
[28/Sep/2026 07:36:00] "GET /static/js/financial_advisor/scenario_planner/scenario_planner_chart.js?v=1790000001 HTTP/1.1" 200 5709
[28/Sep/2026 07:36:00] "GET /static/js/financial_advisor/what_if_simulator/what_if_events.js?v=1790000001 HTTP/1.1" 200 5392
[28/Sep/2026 07:36:00] "GET /static/js/financial_advisor/what_if_simulator/what_if_view.js?v=1790000001 HTTP/1.1" 200 8567
[28/Sep/2026 07:36:00] "GET /static/js/financial_advisor/scenario_planner/api.js?v=1790000001 HTTP/1.1" 200 3564
[28/Sep/2026 07:36:00] "GET /static/js/financial_advisor/scenario_planner/render_timeline_rail.js?v=1790000001 HTTP/1.1" 200 6363
[28/Sep/2026 07:36:00] "GET /static/js/financial_advisor/scenario_planner/render_view.js?v=1790000001 HTTP/1.1" 200 5063
[28/Sep/2026 07:36:00] "GET /static/js/financial_advisor/scenario_planner/render_builder.js?v=1790000001 HTTP/1.1" 200 7610
[28/Sep/2026 07:36:00] "GET /static/js/financial_advisor/scenario_planner/render_compare_insights.js?v=1790000001 HTTP/1.1" 200 6734
[28/Sep/2026 07:36:00] "GET /static/js/financial_advisor/scenario_planner/modal_actions.js?v=1790000001 HTTP/1.1" 200 6641
[28/Sep/2026 07:36:00] "GET /static/js/financial_advisor/scenario_planner/render_dashboard.js?v=1790000001 HTTP/1.1" 200 6124
[28/Sep/2026 07:36:00] "GET /static/js/financial_advisor/scenario_planner/events.js?v=1790000001 HTTP/1.1" 200 4481
[28/Sep/2026 07:36:00] "GET /static/js/ai/ai_core.js?v=1784452207 HTTP/1.1" 200 2420
[28/Sep/2026 07:36:00] "GET /static/js/ai/ai_markdown.js?v=1784452207 HTTP/1.1" 200 4681
[28/Sep/2026 07:36:00] "GET /static/js/ai/ai_progress.js?v=1784452207 HTTP/1.1" 200 5312
[28/Sep/2026 07:36:00] "GET /static/js/ai/ai_messages.js?v=1784452207 HTTP/1.1" 200 6835
[28/Sep/2026 07:36:00] "GET /static/js/ai/ai_status.js?v=1784452207 HTTP/1.1" 200 2154
[28/Sep/2026 07:36:00] "GET /static/js/ai/ai_context_panel_helpers.js?v=1784452207 HTTP/1.1" 200 2711
[28/Sep/2026 07:36:00] "GET /static/js/ai/ai_context_panel.js?v=1784452207 HTTP/1.1" 200 8048
[28/Sep/2026 07:36:00] "GET /static/js/ai/ai_conversations.js?v=1784452207 HTTP/1.1" 200 4023
[28/Sep/2026 07:36:00] "GET /static/js/ai/ai_conversations_actions.js?v=1784452207 HTTP/1.1" 200 4166
[28/Sep/2026 07:36:00] "GET /static/js/ai/ai_chat_submit.js?v=1784452207 HTTP/1.1" 200 3379
[28/Sep/2026 07:36:00] "GET /static/js/ai/prompt_library/pl_state.js?v=1784452207 HTTP/1.1" 200 4279
[28/Sep/2026 07:36:00] "GET /static/js/ai/ai_shell.js?v=1784452207 HTTP/1.1" 200 8512
[28/Sep/2026 07:36:00] "GET /static/js/ai/prompt_library/pl_render_modal_shell.js?v=1784452207 HTTP/1.1" 200 1751
[28/Sep/2026 07:36:00] "GET /static/js/ai/prompt_library/pl_render_list.js?v=1784452207 HTTP/1.1" 200 3172
[28/Sep/2026 07:36:00] "GET /static/js/ai/prompt_library/pl_render_toolbar.js?v=1784452207 HTTP/1.1" 200 5819
[28/Sep/2026 07:36:00] "GET /static/js/ai/prompt_library/pl_render_detail.js?v=1784452207 HTTP/1.1" 200 8364
[28/Sep/2026 07:36:00] "GET /static/js/ai/prompt_library/pl_actions_optimistic.js?v=1784452207 HTTP/1.1" 200 3171
[28/Sep/2026 07:36:00] "GET /static/js/ai/knowledge_base/kb_render.js?v=1784452207 HTTP/1.1" 200 7356
[28/Sep/2026 07:36:00] "GET /static/js/ai/knowledge_base/kb_state.js?v=1784452207 HTTP/1.1" 200 4279
[28/Sep/2026 07:36:00] "GET /static/js/ai/prompt_library/pl_events.js?v=1784452207 HTTP/1.1" 200 3752
[28/Sep/2026 07:36:00] "GET /static/js/ai/prompt_library/pl_actions.js?v=1784452207 HTTP/1.1" 200 3462
[28/Sep/2026 07:36:00] "GET /static/js/ai/dataset_manager/dm_events.js?v=1784452208 HTTP/1.1" 200 440
[28/Sep/2026 07:36:00] "GET /static/js/ai/dataset_manager/dm_render.js?v=1784452208 HTTP/1.1" 200 4499
[28/Sep/2026 07:36:00] "GET /static/js/ai/knowledge_base/kb_events.js?v=1784452207 HTTP/1.1" 200 1096
[28/Sep/2026 07:36:00] "GET /static/js/ai/dataset_manager/dm_state.js?v=1784452208 HTTP/1.1" 200 1845
[28/Sep/2026 07:36:00] "GET /static/js/ai/model_management/mm_state.js?v=1784452208 HTTP/1.1" 200 3173
[28/Sep/2026 07:36:00] "GET /static/js/ai/benchmark_results/br_state.js?v=1784452208 HTTP/1.1" 200 1803
[28/Sep/2026 07:36:00] "GET /static/js/ai/benchmark_results/br_events.js?v=1784452208 HTTP/1.1" 200 436
[28/Sep/2026 07:36:00] "GET /static/js/ai/benchmark_results/br_render.js?v=1784452208 HTTP/1.1" 200 4790
[28/Sep/2026 07:36:00] "GET /static/js/ai/model_management/mm_render.js?v=1784452208 HTTP/1.1" 200 5483
[28/Sep/2026 07:36:00] "GET /static/js/ai/model_management/mm_events.js?v=1784452208 HTTP/1.1" 200 517
[28/Sep/2026 07:36:00] "GET /static/js/ai/pinned_chats/pc_state.js?v=1784452209 HTTP/1.1" 200 1834
[28/Sep/2026 07:36:00] "GET /static/js/ai/knowledge_search/ks_state_core.js?v=1787225686 HTTP/1.1" 200 2436
[28/Sep/2026 07:36:00] "GET /static/js/ai/pinned_chats/pc_render.js?v=1784452209 HTTP/1.1" 200 2879
[28/Sep/2026 07:36:00] "GET /static/js/ai/pinned_chats/pc_events.js?v=1784452209 HTTP/1.1" 200 1001
[28/Sep/2026 07:36:00] "GET /static/js/ai/knowledge_search/ks_state_actions.js?v=1787225686 HTTP/1.1" 200 1188
[28/Sep/2026 07:36:00] "GET /static/js/ai/knowledge_search/ks_render.js?v=1787225686 HTTP/1.1" 200 6866
[28/Sep/2026 07:36:00] "GET /static/js/ai/knowledge_search/ks_state_edit.js?v=1787225686 HTTP/1.1" 200 2815
[28/Sep/2026 07:36:00] "GET /static/js/ai/knowledge_search/ks_events.js?v=1787225686 HTTP/1.1" 200 793
[28/Sep/2026 07:36:00] "GET /static/js/financial_advisor/calculations.js?v=1784452207 HTTP/1.1" 200 178
[28/Sep/2026 07:36:00] "GET /static/js/financial_advisor/api.js?v=1784452207 HTTP/1.1" 200 186
[28/Sep/2026 07:36:00] "GET /static/js/financial_advisor/render.js?v=1784452207 HTTP/1.1" 200 6071
[28/Sep/2026 07:36:00] "GET /static/js/financial_advisor/tab_panes.js?v=1784452207 HTTP/1.1" 200 3501
[28/Sep/2026 07:36:00] "GET /static/js/financial_advisor/index.js?v=1784452207 HTTP/1.1" 200 2427
[28/Sep/2026 07:36:00] "GET /static/js/documents/doc_state.js?v=1784452207 HTTP/1.1" 200 4489
[28/Sep/2026 07:36:00] "GET /static/js/documents/doc_upload.js?v=1784452207 HTTP/1.1" 200 1489
[28/Sep/2026 07:36:00] "GET /static/js/documents/doc_view.js?v=1784452207 HTTP/1.1" 200 656
[28/Sep/2026 07:36:00] "GET /static/js/documents/doc_replace.js?v=1784452207 HTTP/1.1" 200 1187
[28/Sep/2026 07:36:00] "GET /static/js/documents/doc_list.js?v=1784452207 HTTP/1.1" 200 6786
[28/Sep/2026 07:36:00] "GET /static/js/documents/doc_remove.js?v=1784452207 HTTP/1.1" 200 839
[28/Sep/2026 07:36:00] "GET /static/js/companies/modal.js?v=1784452207 HTTP/1.1" 200 7527
[28/Sep/2026 07:36:00] "GET /static/js/companies/render.js?v=1784452207 HTTP/1.1" 200 2821
[28/Sep/2026 07:36:00] "GET /static/js/companies/actions.js?v=1784452207 HTTP/1.1" 200 2652
[28/Sep/2026 07:36:00] "GET /static/js/salary/utils.js?v=1784452207 HTTP/1.1" 200 350
[28/Sep/2026 07:36:00] "GET /static/js/salary/api.js?v=1784452207 HTTP/1.1" 200 1699
[28/Sep/2026 07:36:00] "GET /static/js/salary/table.js?v=1784452207 HTTP/1.1" 200 4217
[28/Sep/2026 07:36:00] "GET /static/js/salary/payroll.js?v=1784452207 HTTP/1.1" 200 2056
[28/Sep/2026 07:36:00] "GET /static/js/salary/perdiem/form.js?v=1784452207 HTTP/1.1" 200 7429
[28/Sep/2026 07:36:00] "GET /static/js/salary/modal.js?v=1784452207 HTTP/1.1" 200 3137
[28/Sep/2026 07:36:00] "GET /static/js/salary/perdiem/list.js?v=1784452207 HTTP/1.1" 200 5589
[28/Sep/2026 07:36:00] "GET /static/js/salary/dashboard_enhancements.js?v=1784452207 HTTP/1.1" 200 4977
[28/Sep/2026 07:36:00] "GET /static/js/salary/dashboard_render.js?v=1784452207 HTTP/1.1" 200 6905
[28/Sep/2026 07:36:00] "GET /static/js/balance/utils.js?v=1784452207 HTTP/1.1" 200 1761
[28/Sep/2026 07:36:00] "GET /static/js/salary/year_pills.js?v=1784452207 HTTP/1.1" 200 890
[28/Sep/2026 07:36:00] "GET /static/js/salary/employment_page.js?v=1784452207 HTTP/1.1" 200 6820
[28/Sep/2026 07:36:00] "GET /static/js/balance/analytics.js?v=1784452207 HTTP/1.1" 200 14
[28/Sep/2026 07:36:00] "GET /static/js/balance/dashboard.js?v=1784452207 HTTP/1.1" 200 14
[28/Sep/2026 07:36:00] "GET /static/js/balance/charts.js?v=1784452207 HTTP/1.1" 200 14
[28/Sep/2026 07:36:00] "GET /static/js/balance/calculations.js?v=1784452207 HTTP/1.1" 200 1133
[28/Sep/2026 07:36:00] "GET /static/js/salary/index.js?v=1784452207 HTTP/1.1" 200 763
[28/Sep/2026 07:36:00] "GET /static/js/balance/api.js?v=1784452207 HTTP/1.1" 200 1892
[28/Sep/2026 07:36:00] "GET /static/js/balance/modal.js?v=1784452207 HTTP/1.1" 200 6441
[28/Sep/2026 07:36:00] "GET /static/js/balance/overview.js?v=1784452207 HTTP/1.1" 200 9249
[28/Sep/2026 07:36:00] "GET /static/js/balance/forecasts.js?v=1784452207 HTTP/1.1" 200 6681
[28/Sep/2026 07:36:00] "GET /static/js/balance/recommendations.js?v=1784452207 HTTP/1.1" 200 13329
[28/Sep/2026 07:36:00] "GET /static/js/balance/accounts.js?v=1784452207 HTTP/1.1" 200 3204
[28/Sep/2026 07:36:00] "GET /static/js/balance/allocation.js?v=1784452207 HTTP/1.1" 200 1383
[28/Sep/2026 07:36:00] "GET /static/js/balance/transfers/render.js?v=1784452207 HTTP/1.1" 200 4919
[28/Sep/2026 07:36:00] "GET /static/js/balance/transfers/form/persist.js?v=1784452207 HTTP/1.1" 200 2437
[28/Sep/2026 07:36:00] "GET /static/js/balance/transfers/form/modal.js?v=1784452207 HTTP/1.1" 200 6842
[28/Sep/2026 07:36:00] "GET /static/js/balance/currency_exchange/state_and_title.js?v=1784452207 HTTP/1.1" 200 1887
[28/Sep/2026 07:36:00] "GET /static/js/balance/currency_exchange/backend_calc_save_delete.js?v=1784452207 HTTP/1.1" 200 4211
[28/Sep/2026 07:36:00] "GET /static/js/balance/bank_interest/render.js?v=1784452207 HTTP/1.1" 200 3582
[28/Sep/2026 07:36:00] "GET /static/js/balance/currency_exchange/exchange_modal.js?v=1784452207 HTTP/1.1" 200 7021
[28/Sep/2026 07:36:00] "GET /static/js/balance/currency_exchange/filters_table.js?v=1784452207 HTTP/1.1" 200 4262
[28/Sep/2026 07:36:00] "GET /static/js/balance/currency_exchange/render_main.js?v=1784452207 HTTP/1.1" 200 6725
[28/Sep/2026 07:36:00] "GET /static/js/balance/bank_interest/modal.js?v=1784452207 HTTP/1.1" 200 4423
[28/Sep/2026 07:36:00] "GET /static/js/balance/bank_interest/api.js?v=1784452207 HTTP/1.1" 200 2215
[28/Sep/2026 07:36:00] "GET /static/js/balance/credit_card_payment/render.js?v=1784452207 HTTP/1.1" 200 3837
[28/Sep/2026 07:36:00] "GET /static/js/balance/card_renewal_fee/render.js?v=1784452207 HTTP/1.1" 200 3445
[28/Sep/2026 07:36:00] "GET /static/js/balance/credit_card_payment/modal.js?v=1784452207 HTTP/1.1" 200 4598
[28/Sep/2026 07:36:00] "GET /static/js/balance/credit_card_payment/api.js?v=1784452207 HTTP/1.1" 200 2373
[28/Sep/2026 07:36:00] "GET /static/js/balance/card_renewal_fee/modal.js?v=1784452207 HTTP/1.1" 200 3934
[28/Sep/2026 07:36:00] "GET /static/js/balance/card_renewal_fee/api.js?v=1784452207 HTTP/1.1" 200 2268
[28/Sep/2026 07:36:00] "GET /static/js/balance/index_fetch.js?v=1784452207 HTTP/1.1" 200 1978
[28/Sep/2026 07:36:00] "GET /static/js/balance/index_recommendations.js?v=1784452207 HTTP/1.1" 200 2284
[28/Sep/2026 07:36:00] "GET /static/js/balance/index_derive.js?v=1784452207 HTTP/1.1" 200 3221
[28/Sep/2026 07:36:01] "GET /static/js/balance/index_labels.js?v=1784452207 HTTP/1.1" 200 2173
[28/Sep/2026 07:36:01] "GET /static/js/fixed_assets/utils.js?v=1784452207 HTTP/1.1" 200 1532
[28/Sep/2026 07:36:01] "GET /static/js/balance/index_events.js?v=1784452207 HTTP/1.1" 200 1852
[28/Sep/2026 07:36:01] "GET /static/js/balance/index_trend_health.js?v=1784452207 HTTP/1.1" 200 5408
[28/Sep/2026 07:36:01] "GET /static/js/balance/index.js?v=1784452207 HTTP/1.1" 200 4671
[28/Sep/2026 07:36:01] "GET /static/js/balance/index_shell.js?v=1784452207 HTTP/1.1" 200 4206
[28/Sep/2026 07:36:01] "GET /static/js/fixed_assets/gold/dashboard.js?v=1784452207 HTTP/1.1" 200 2580
[28/Sep/2026 07:36:01] "GET /static/js/fixed_assets/gold/settings.js?v=1784452207 HTTP/1.1" 200 4309
[28/Sep/2026 07:36:01] "GET /static/js/fixed_assets/gold/units.js?v=1784452207 HTTP/1.1" 200 955
[28/Sep/2026 07:36:01] "GET /static/js/fixed_assets/charts/metrics.js?v=1784452207 HTTP/1.1" 200 4738
[28/Sep/2026 07:36:01] "GET /static/js/fixed_assets/api.js?v=1784452207 HTTP/1.1" 200 1728
[28/Sep/2026 07:36:01] "GET /static/js/fixed_assets/charts/draw.js?v=1784452207 HTTP/1.1" 200 5180
[28/Sep/2026 07:36:01] "GET /static/js/fixed_assets/list/gold_groups.js?v=1784452207 HTTP/1.1" 200 3459
[28/Sep/2026 07:36:01] "GET /static/js/fixed_assets/list/render.js?v=1784452207 HTTP/1.1" 200 6189
[28/Sep/2026 07:36:01] "GET /static/js/fixed_assets/tabs.js?v=1784452207 HTTP/1.1" 200 5599
[28/Sep/2026 07:36:01] "GET /static/js/fixed_assets/dashboard.js?v=1784452207 HTTP/1.1" 200 3448
[28/Sep/2026 07:36:01] "GET /static/js/fixed_assets/analytics_render.js?v=1784452207 HTTP/1.1" 200 5497
[28/Sep/2026 07:36:01] "GET /static/js/fixed_assets/analytics_charts.js?v=1784452207 HTTP/1.1" 200 1869
[28/Sep/2026 07:36:01] "GET /static/js/fixed_assets/reports.js?v=1784452207 HTTP/1.1" 200 6565
[28/Sep/2026 07:36:01] "GET /static/js/fixed_assets/analytics_metrics.js?v=1784452207 HTTP/1.1" 200 3814
[28/Sep/2026 07:36:01] "GET /static/js/fixed_assets/modal.js?v=1784452207 HTTP/1.1" 200 1200
[28/Sep/2026 07:36:01] "GET /static/js/fixed_assets/currency/options.js?v=1784452207 HTTP/1.1" 200 5030
[28/Sep/2026 07:36:01] "GET /static/js/fixed_assets/currency/rates.js?v=1784452207 HTTP/1.1" 200 7089
[28/Sep/2026 07:36:01] "GET /static/js/fixed_assets/calculations.js?v=1784452207 HTTP/1.1" 200 549
[28/Sep/2026 07:36:01] "GET /static/js/fixed_assets/sale_tabs.js?v=1784452207 HTTP/1.1" 200 4339
[28/Sep/2026 07:36:01] "GET /static/js/fixed_assets/purchase_payments.js?v=1784452207 HTTP/1.1" 200 4623
[28/Sep/2026 07:36:01] "GET /static/js/fixed_assets/sale.js?v=1784452207 HTTP/1.1" 200 3684
[28/Sep/2026 07:36:01] "GET /static/js/fixed_assets/mortgage.js?v=1784452207 HTTP/1.1" 200 2381
[28/Sep/2026 07:36:01] "GET /static/js/fixed_assets/rental.js?v=1784452207 HTTP/1.1" 200 3296
[28/Sep/2026 07:36:01] "GET /static/js/fixed_assets/acquisition_costs.js?v=1784452207 HTTP/1.1" 200 8489
[28/Sep/2026 07:36:01] "GET /static/js/fixed_assets/acquisition_costs_collect.js?v=1784452207 HTTP/1.1" 200 1499
[28/Sep/2026 07:36:01] "GET /static/js/fixed_assets/renovations/summary.js?v=1784452207 HTTP/1.1" 200 1593
[28/Sep/2026 07:36:01] "GET /static/js/fixed_assets/renovations_collect.js?v=1784452207 HTTP/1.1" 200 1595
[28/Sep/2026 07:36:01] "GET /static/js/fixed_assets/renovations/rows.js?v=1784452207 HTTP/1.1" 200 7789
[28/Sep/2026 07:36:01] "GET /static/js/fixed_assets/furniture_summary.js?v=1784452207 HTTP/1.1" 200 3550
[28/Sep/2026 07:36:01] "GET /static/js/fixed_assets/valuation.js?v=1784452207 HTTP/1.1" 200 6572
[28/Sep/2026 07:36:01] "GET /static/js/fixed_assets/valuation_sync.js?v=1784452207 HTTP/1.1" 200 3815
[28/Sep/2026 07:36:01] "GET /static/js/fixed_assets/furniture_row.js?v=1784452207 HTTP/1.1" 200 8439
[28/Sep/2026 07:36:01] "GET /static/js/fixed_assets/gold_details.js?v=1784452207 HTTP/1.1" 200 792
[28/Sep/2026 07:36:01] "GET /static/js/fixed_assets/other_assets.js?v=1784452207 HTTP/1.1" 200 687
[28/Sep/2026 07:36:01] "GET /static/js/fixed_assets/vehicle.js?v=1784452207 HTTP/1.1" 200 947
[28/Sep/2026 07:36:01] "GET /static/js/fixed_assets/maintenance.js?v=1784452207 HTTP/1.1" 200 1852
[28/Sep/2026 07:36:01] "GET /static/js/fixed_assets/insurance.js?v=1784452207 HTTP/1.1" 200 3550
[28/Sep/2026 07:36:01] "GET /static/js/fixed_assets/property.js?v=1784452207 HTTP/1.1" 200 2277
[28/Sep/2026 07:36:01] "GET /static/js/fixed_assets/map/photo_gallery.js?v=1784452207 HTTP/1.1" 200 2222
[28/Sep/2026 07:36:01] "GET /static/js/fixed_assets/map/geocoding.js?v=1784452207 HTTP/1.1" 200 3556
[28/Sep/2026 07:36:01] "GET /static/js/fixed_assets/map/property_map.js?v=1784452207 HTTP/1.1" 200 3156
[28/Sep/2026 07:36:01] "GET /static/js/fixed_assets/validation/sync_helpers.js?v=1784452207 HTTP/1.1" 200 2283
[28/Sep/2026 07:36:01] "GET /static/js/fixed_assets/validation/sale_form.js?v=1784452207 HTTP/1.1" 200 3323
[28/Sep/2026 07:36:01] "GET /static/js/fixed_assets/validation/lifecycle.js?v=1784452207 HTTP/1.1" 200 1399
[28/Sep/2026 07:36:01] "GET /static/js/fixed_assets/validation/save_asset.js?v=1784452207 HTTP/1.1" 200 2088
[28/Sep/2026 07:36:01] "GET /static/js/fixed_assets/validation/save_asset/photos.js?v=1784452207 HTTP/1.1" 200 1141
[28/Sep/2026 07:36:01] "GET /static/js/fixed_assets/validation/save_asset/build_payload.js?v=1784452207 HTTP/1.1" 200 6469
[28/Sep/2026 07:36:01] "GET /static/js/fixed_assets/validation/save_asset/submit.js?v=1784452207 HTTP/1.1" 200 962
[28/Sep/2026 07:36:01] "GET /static/js/fixed_assets/validation/sale_modal.js?v=1784452207 HTTP/1.1" 200 4890
[28/Sep/2026 07:36:01] "GET /static/js/fixed_assets/validation/submit_sale_misc.js?v=1784452207 HTTP/1.1" 200 1726
[28/Sep/2026 07:36:01] "GET /static/js/fixed_assets/details_insurance_sale_tabs.js?v=1784452207 HTTP/1.1" 200 4685
[28/Sep/2026 07:36:01] "GET /static/js/fixed_assets/details_shared_tabs.js?v=1784452207 HTTP/1.1" 200 10323
[28/Sep/2026 07:36:01] "GET /static/js/fixed_assets/details_property_other_tabs.js?v=1784452207 HTTP/1.1" 200 10490
[28/Sep/2026 07:36:01] "GET /static/js/fixed_assets/details_property_tab.js?v=1784452207 HTTP/1.1" 200 14918
[28/Sep/2026 07:36:01] "GET /static/js/fixed_assets/details_asset_types.js?v=1784452207 HTTP/1.1" 200 6864
[28/Sep/2026 07:36:01] "GET /static/js/fixed_assets/details_modal_nav1.js?v=1784452207 HTTP/1.1" 200 4822
[28/Sep/2026 07:36:01] "GET /static/js/fixed_assets/details_modal_nav2.js?v=1784452207 HTTP/1.1" 200 5903
[28/Sep/2026 07:36:01] "GET /static/js/fixed_assets/details_modal_html.js?v=1784452207 HTTP/1.1" 200 2128
[28/Sep/2026 07:36:01] "GET /static/js/fixed_assets/details_modal.js?v=1784452207 HTTP/1.1" 200 1372
[28/Sep/2026 07:36:01] "GET /static/js/fixed_assets/details_modal_events.js?v=1784452207 HTTP/1.1" 200 4234
[28/Sep/2026 07:36:01] "GET /static/js/fixed_assets/asset_detail_view/non_real_estate_modal.js?v=1784452207 HTTP/1.1" 200 8162
[28/Sep/2026 07:36:01] "GET /static/js/fixed_assets/asset_detail_view/non_real_estate_core_tab.js?v=1784452207 HTTP/1.1" 200 10538
[28/Sep/2026 07:36:01] "GET /static/js/fixed_assets/asset_detail_view/photos_renovation_acquisition_tabs.js?v=1784452207 HTTP/1.1" 200 11011
[28/Sep/2026 07:36:01] "GET /static/js/fixed_assets/asset_detail_view/general_property_tabs.js?v=1784452207 HTTP/1.1" 200 11460
[28/Sep/2026 07:36:01] "GET /static/js/fixed_assets/asset_detail_view/tabs/valuation_pane.js?v=1784452207 HTTP/1.1" 200 2011
[28/Sep/2026 07:36:01] "GET /static/js/fixed_assets/asset_detail_view/tabs/mortgage_rental_panes.js?v=1784452207 HTTP/1.1" 200 5025
[28/Sep/2026 07:36:01] "GET /static/js/fixed_assets/asset_detail_view/tabs/furniture_pane.js?v=1784452207 HTTP/1.1" 200 4970
[28/Sep/2026 07:36:01] "GET /static/js/fixed_assets/asset_detail_view/furniture_valuation_mortgage_rental_sale_tabs.js?v=1784452207 HTTP/1.1" 200 715
[28/Sep/2026 07:36:01] "GET /static/js/fixed_assets/asset_detail_view/tabs/sale_pane_and_footer.js?v=1784452207 HTTP/1.1" 200 3115
[28/Sep/2026 07:36:01] "GET /static/js/fixed_assets/asset_detail_view/modal_shell.js?v=1784452207 HTTP/1.1" 200 8846
[28/Sep/2026 07:36:01] "GET /static/js/fixed_assets/index.js?v=1784452207 HTTP/1.1" 200 3275
[28/Sep/2026 07:36:01] "GET /static/js/settings/smtp.js?v=1784452207 HTTP/1.1" 200 3751
[28/Sep/2026 07:36:01] "GET /static/js/fixed_assets/asset_detail_view/entry.js?v=1784452207 HTTP/1.1" 200 7104
[28/Sep/2026 07:36:01] "GET /static/js/settings/utils.js?v=1784452207 HTTP/1.1" 200 964
[28/Sep/2026 07:36:01] "GET /static/js/settings/app_settings.js?v=1784452207 HTTP/1.1" 200 367
[28/Sep/2026 07:36:01] "GET /static/js/settings/email_templates/list.js?v=1784452207 HTTP/1.1" 200 8974
[28/Sep/2026 07:36:01] "GET /static/js/fixed_assets/load_asset.js?v=1784452207 HTTP/1.1" 200 9278
[28/Sep/2026 07:36:01] "GET /static/js/settings/email_templates/modal.js?v=1784452207 HTTP/1.1" 200 4131
[28/Sep/2026 07:36:01] "GET /static/js/settings/cert_status_actions.js?v=1784452207 HTTP/1.1" 200 1563
[28/Sep/2026 07:36:01] "GET /static/js/settings/gold_settings.js?v=1784452207 HTTP/1.1" 200 7678
[28/Sep/2026 07:36:01] "GET /static/js/settings/property_valuation.js?v=1784452207 HTTP/1.1" 200 10170
[28/Sep/2026 07:36:01] "GET /static/js/settings/gold_purity.js?v=1784452207 HTTP/1.1" 200 4910
[28/Sep/2026 07:36:01] "GET /static/js/settings/cert_status_settings.js?v=1784452207 HTTP/1.1" 200 10325
[28/Sep/2026 07:36:01] "GET /static/js/settings/property_valuation_scrape.js?v=1784452207 HTTP/1.1" 200 2561
[28/Sep/2026 07:36:01] "GET /static/js/settings/translations/languages/list.js?v=1784452207 HTTP/1.1" 200 2726
[28/Sep/2026 07:36:01] "GET /static/js/settings/translations/languages/modal.js?v=1784452207 HTTP/1.1" 200 5553
[28/Sep/2026 07:36:01] "GET /static/js/settings/translations/translations_editor.js?v=1784452207 HTTP/1.1" 200 3634
[28/Sep/2026 07:36:01] "GET /static/js/settings/companies/modal.js?v=1784452207 HTTP/1.1" 200 7107
[28/Sep/2026 07:36:01] "GET /static/js/settings/companies/render.js?v=1784452207 HTTP/1.1" 200 2710
[28/Sep/2026 07:36:01] "GET /static/js/settings/currencies.js?v=1784452207 HTTP/1.1" 200 9269
[28/Sep/2026 07:36:01] "GET /static/js/settings/banks.js?v=1784452207 HTTP/1.1" 200 6131
[28/Sep/2026 07:36:01] "GET /static/js/settings/translations/translations_coverage.js?v=1784452207 HTTP/1.1" 200 6822
[28/Sep/2026 07:36:01] "GET /static/js/settings/companies/actions.js?v=1784452207 HTTP/1.1" 200 3098
[28/Sep/2026 07:36:01] "GET /static/js/settings/users/actions.js?v=1784452207 HTTP/1.1" 200 3384
[28/Sep/2026 07:36:01] "GET /static/js/settings/dashboard.js?v=1784452207 HTTP/1.1" 200 2067
[28/Sep/2026 07:36:01] "GET /static/js/settings/roles/render.js?v=1784452207 HTTP/1.1" 200 5800
[28/Sep/2026 07:36:01] "GET /static/js/settings/users/list.js?v=1784452207 HTTP/1.1" 200 9162
[28/Sep/2026 07:36:01] "GET /static/js/settings/backup_restore/render.js?v=1784452207 HTTP/1.1" 200 6043
[28/Sep/2026 07:36:01] "GET /static/js/settings/backup_restore/download_upload.js?v=1784452207 HTTP/1.1" 200 1546
[28/Sep/2026 07:36:01] "GET /static/js/settings/permissions.js?v=1784452207 HTTP/1.1" 200 6069
[28/Sep/2026 07:36:01] "GET /static/js/settings/backup_restore/helpers.js?v=1784452207 HTTP/1.1" 200 1023
[28/Sep/2026 07:36:01] "GET /static/js/settings/backup_restore/server_actions.js?v=1784452207 HTTP/1.1" 200 2493
[28/Sep/2026 07:36:01] "GET /static/js/settings/vendor_assets_update.js?v=1784452207 HTTP/1.1" 200 2879
[28/Sep/2026 07:36:01] "GET /static/js/settings/documentation/documentation_layout.js?v=1784452207 HTTP/1.1" 200 12908
[28/Sep/2026 07:36:01] "GET /static/js/settings/documentation/documentation_history.js?v=1784452207 HTTP/1.1" 200 3946
[28/Sep/2026 07:36:01] "GET /static/js/settings/documentation/documentation_state.js?v=1784452207 HTTP/1.1" 200 3892
[28/Sep/2026 07:36:01] "GET /static/js/settings/documentation/documentation_actions.js?v=1784452207 HTTP/1.1" 200 3028
[28/Sep/2026 07:36:01] "GET /static/js/settings/ai_advisor/state.js?v=1784452207 HTTP/1.1" 200 537
[28/Sep/2026 07:36:01] "GET /static/js/settings/documentation/documentation_validation.js?v=1784452207 HTTP/1.1" 200 4500
[28/Sep/2026 07:36:01] "GET /static/js/settings/documentation/documentation_poll.js?v=1784452207 HTTP/1.1" 200 7715
[28/Sep/2026 07:36:01] "GET /static/js/settings/ai_advisor/pipeline_controls.js?v=1784452207 HTTP/1.1" 200 1604
[28/Sep/2026 07:36:01] "GET /static/js/settings/ai_advisor/render_settings.js?v=1784452207 HTTP/1.1" 200 3101
[28/Sep/2026 07:36:01] "GET /static/js/settings/ai_advisor/connection_test.js?v=1784452207 HTTP/1.1" 200 2393
[28/Sep/2026 07:36:01] "GET /static/js/settings/ai_advisor/provider_fields.js?v=1784452207 HTTP/1.1" 200 2522
[28/Sep/2026 07:36:01] "GET /static/js/settings/ai_advisor/diagnostics_model_select.js?v=1784452207 HTTP/1.1" 200 3534
[28/Sep/2026 07:36:01] "GET /static/js/settings/ai_advisor/render_settings_form.js?v=1784452207 HTTP/1.1" 200 17183
[28/Sep/2026 07:36:01] "GET /static/js/settings/ai_advisor/save_settings.js?v=1784452207 HTTP/1.1" 200 4103
[28/Sep/2026 07:36:01] "GET /static/js/settings/ai_advisor/platform_overview_actions.js?v=1784452207 HTTP/1.1" 200 6350
[28/Sep/2026 07:36:01] "GET /static/js/settings/ai_advisor/runtime_capabilities_actions.js?v=1784452207 HTTP/1.1" 200 3961
[28/Sep/2026 07:36:01] "GET /static/js/settings/billing/render.js?v=1784452207 HTTP/1.1" 200 3521
[28/Sep/2026 07:36:01] "GET /static/js/settings/billing/plan_crud.js?v=1784452207 HTTP/1.1" 200 3390
[28/Sep/2026 07:36:01] "GET /static/js/billing/trial_banner.js?v=1784452207 HTTP/1.1" 200 3989
[28/Sep/2026 07:36:01] "GET /static/js/settings/billing/edit_modal.js?v=1784452207 HTTP/1.1" 200 5689
[28/Sep/2026 07:36:01] "GET /static/js/settings/billing/gateway_settings.js?v=1784452207 HTTP/1.1" 200 4322
[28/Sep/2026 07:36:01] "GET /static/js/settings/billing/price_actions.js?v=1784452207 HTTP/1.1" 200 1877
[28/Sep/2026 07:36:01] "GET /static/js/billing/plans_page.js?v=1784452207 HTTP/1.1" 200 7129
[28/Sep/2026 07:36:01] "GET /static/js/settings/index.js?v=1784452207 HTTP/1.1" 200 2736
[28/Sep/2026 07:36:01] "GET /static/js/settings/window_exports.js?v=1784452207 HTTP/1.1" 200 4339
[28/Sep/2026 07:36:01] "GET /static/js/bank_certificates/api.js?v=1784452207 HTTP/1.1" 200 3514
[28/Sep/2026 07:36:01] "GET /static/js/bank_certificates/utils.js?v=1784452207 HTTP/1.1" 200 2836
[28/Sep/2026 07:36:01] "GET /static/js/settings/tabs.js?v=1784452207 HTTP/1.1" 200 3622
[28/Sep/2026 07:36:01] "GET /static/js/bank_certificates/calculations.js?v=1784452207 HTTP/1.1" 200 1710
[28/Sep/2026 07:36:01] "GET /static/js/bank_certificates/modal.js?v=1784452207 HTTP/1.1" 200 7610
[28/Sep/2026 07:36:01] "GET /static/js/bank_certificates/interest.js?v=1784452207 HTTP/1.1" 200 1740
[28/Sep/2026 07:36:01] "GET /static/js/bank_certificates/list_view.js?v=1784452207 HTTP/1.1" 200 6040
[28/Sep/2026 07:36:01] "GET /static/js/bank_certificates/interest_history.js?v=1784452207 HTTP/1.1" 200 8571
[28/Sep/2026 07:36:01] "GET /static/js/exchange_rates/rates_meta.js?v=1784452207 HTTP/1.1" 200 3075
[28/Sep/2026 07:36:01] "GET /static/js/exchange_rates/index.js?v=1784452207 HTTP/1.1" 200 2862
[28/Sep/2026 07:36:01] "GET /static/js/gold_price/refresh.js?v=1784452207 HTTP/1.1" 200 1871
[28/Sep/2026 07:36:01] "GET /static/js/gold_price/index.js?v=1784452207 HTTP/1.1" 200 8914
[28/Sep/2026 07:36:01] "GET /static/js/expenses/utils.js?v=1784452207 HTTP/1.1" 200 1124
[28/Sep/2026 07:36:01] "GET /static/js/expenses/reports.js?v=1784452207 HTTP/1.1" 200 2318
[28/Sep/2026 07:36:01] "GET /static/js/expenses/categories.js?v=1784452207 HTTP/1.1" 200 4163
[28/Sep/2026 07:36:01] "GET /static/js/expenses/api.js?v=1784452207 HTTP/1.1" 200 4427
[28/Sep/2026 07:36:01] "GET /static/js/expenses/subcategories.js?v=1784452207 HTTP/1.1" 200 3936
[28/Sep/2026 07:36:01] "GET /static/js/exchange_rates/rates_render.js?v=1784452207 HTTP/1.1" 200 8703
[28/Sep/2026 07:36:01] "GET /static/js/expenses/modal.js?v=1784452207 HTTP/1.1" 200 7796
[28/Sep/2026 07:36:01] "GET /static/js/reminders/api.js?v=1784452207 HTTP/1.1" 200 3213
[28/Sep/2026 07:36:01] "GET /static/js/expenses/index.js?v=1784452207 HTTP/1.1" 200 1571
[28/Sep/2026 07:36:01] "GET /static/js/expenses/dashboard.js?v=1784452207 HTTP/1.1" 200 7836
[28/Sep/2026 07:36:01] "GET /static/js/expenses/table.js?v=1784452207 HTTP/1.1" 200 2893
[28/Sep/2026 07:36:01] "GET /static/js/reminders/rules.js?v=1784452207 HTTP/1.1" 200 5973
[28/Sep/2026 07:36:01] "GET /static/js/reminders/banner.js?v=1784452207 HTTP/1.1" 200 3108
[28/Sep/2026 07:36:01] "GET /static/js/advanced_reports/salary.js?v=1784452207 HTTP/1.1" 200 7469
[28/Sep/2026 07:36:01] "GET /static/js/reminders/index.js?v=1784452207 HTTP/1.1" 200 9121
[28/Sep/2026 07:36:01] "GET /static/js/expenses/filters.js?v=1784452207 HTTP/1.1" 200 996
[28/Sep/2026 07:36:01] "GET /static/js/advanced_reports/charts.js?v=1784452207 HTTP/1.1" 200 2135
[28/Sep/2026 07:36:01] "GET /static/js/advanced_reports/balance.js?v=1784452207 HTTP/1.1" 200 3245
[28/Sep/2026 07:36:01] "GET /static/js/advanced_reports/index.js?v=1784452207 HTTP/1.1" 200 7117
[28/Sep/2026 07:36:01] "GET /static/js/advanced_reports/certificates.js?v=1784452207 HTTP/1.1" 200 4388
[28/Sep/2026 07:36:01] "GET /static/js/onboarding/wizard.js?v=1784452207 HTTP/1.1" 200 8727
[28/Sep/2026 07:36:01] "GET /api/asset-renovations/categories/ HTTP/1.1" 200 225
[28/Sep/2026 07:36:01] "GET /api/asset-furniture/categories/ HTTP/1.1" 200 364
[28/Sep/2026 07:36:01] "GET /api/asset-acquisition-costs/categories/ HTTP/1.1" 200 138
[28/Sep/2026 07:36:01] "GET /static/images/favicon.ico?v=1784452207 HTTP/1.1" 200 226046
[28/Sep/2026 07:36:01] "GET /api/auth/profile/ HTTP/1.1" 200 15380
[28/Sep/2026 07:36:01] "GET /static/i18n/en.json?v=1790570161267 HTTP/1.1" 200 129692
[28/Sep/2026 07:36:01] "GET /api/settings/?v=1790570161280 HTTP/1.1" 200 3411
[28/Sep/2026 07:36:01] "GET /api/base-currency/ HTTP/1.1" 200 161
[28/Sep/2026 07:36:01] "GET /api/banks/ HTTP/1.1" 200 416
[28/Sep/2026 07:36:01] "GET /api/auth/me/ HTTP/1.1" 200 805
[28/Sep/2026 07:36:01] "GET /api/auth/profile/ HTTP/1.1" 200 15380
[28/Sep/2026 07:36:01] "GET /api/companies/ HTTP/1.1" 200 3078
[28/Sep/2026 07:36:01] "GET /api/billing/status/ HTTP/1.1" 200 75
[28/Sep/2026 07:36:01] "GET /api/settings/ HTTP/1.1" 200 3411
[28/Sep/2026 07:36:01] "GET /api/currencies/ HTTP/1.1" 200 995
[28/Sep/2026 07:36:01] "GET /static/vendor/fonts/inter/inter-latin-ext-400-normal.woff2 HTTP/1.1" 200 20432
[28/Sep/2026 07:36:01] "GET /api/banks/ HTTP/1.1" 200 416
[28/Sep/2026 07:36:01] "GET /api/expense-categories/ HTTP/1.1" 200 13390
[28/Sep/2026 07:36:01] "GET /static/vendor/fonts/plus-jakarta-sans/plus-jakarta-sans-latin-ext-600-normal.woff2 HTTP/1.1" 200 8600
[28/Sep/2026 07:36:01] "GET /static/vendor/fonts/inter/inter-latin-ext-500-normal.woff2 HTTP/1.1" 200 22336
[28/Sep/2026 07:36:01] "GET /static/vendor/bootstrap-icons/fonts/bootstrap-icons.woff2?e34853135f9e39acf64315236852cd5a HTTP/1.1" 200 134044
[28/Sep/2026 07:36:01] "GET /static/vendor/fonts/plus-jakarta-sans/plus-jakarta-sans-latin-ext-800-normal.woff2 HTTP/1.1" 200 8484
[28/Sep/2026 07:36:01] "GET /static/vendor/fonts/inter/inter-latin-ext-600-normal.woff2 HTTP/1.1" 200 22444
[28/Sep/2026 07:36:01] "GET /api/onboarding/status/ HTTP/1.1" 200 1249
[28/Sep/2026 07:36:01] "GET /static/vendor/fonts/inter/inter-latin-400-normal.woff2 HTTP/1.1" 200 16708
[28/Sep/2026 07:36:01] "GET /api/expenses/?year=2026&month=9 HTTP/1.1" 200 6706
[28/Sep/2026 07:36:01] "GET /static/vendor/fonts/inter/inter-latin-500-normal.woff2 HTTP/1.1" 200 17552
[28/Sep/2026 07:36:01] "GET /static/vendor/fonts/inter/inter-latin-600-normal.woff2 HTTP/1.1" 200 17660
[28/Sep/2026 07:36:01] "GET /static/vendor/fonts/plus-jakarta-sans/plus-jakarta-sans-latin-800-normal.woff2 HTTP/1.1" 200 10528
[28/Sep/2026 07:36:01] "GET /static/vendor/fonts/plus-jakarta-sans/plus-jakarta-sans-latin-ext-400-normal.woff2 HTTP/1.1" 200 8200
[28/Sep/2026 07:36:01] "GET /static/vendor/fonts/plus-jakarta-sans/plus-jakarta-sans-latin-600-normal.woff2 HTTP/1.1" 200 10816
[28/Sep/2026 07:36:01] "GET /static/vendor/fonts/inter/inter-latin-ext-700-normal.woff2 HTTP/1.1" 200 22624
[28/Sep/2026 07:36:01] "GET /static/vendor/fonts/plus-jakarta-sans/plus-jakarta-sans-latin-400-normal.woff2 HTTP/1.1" 200 10464
[28/Sep/2026 07:36:01] "GET /static/vendor/fonts/inter/inter-latin-700-normal.woff2 HTTP/1.1" 200 17784
[28/Sep/2026 07:36:01] "GET /static/vendor/fonts/plus-jakarta-sans/plus-jakarta-sans-latin-ext-700-normal.woff2 HTTP/1.1" 200 8648
[28/Sep/2026 07:36:01] "GET /static/vendor/fonts/plus-jakarta-sans/plus-jakarta-sans-latin-700-normal.woff2 HTTP/1.1" 200 10844
[28/Sep/2026 07:36:02] "GET /api/expenses/?start=&end= HTTP/1.1" 200 64255
[28/Sep/2026 07:36:02] "GET /api/expenses/summary/?year=2026 HTTP/1.1" 200 1542
[28/Sep/2026 07:36:02] "GET /api/expenses/?start=&end= HTTP/1.1" 200 64255
[28/Sep/2026 07:36:02] "GET /api/expenses/summary/?year=2026 HTTP/1.1" 200 1542
[28/Sep/2026 07:36:03] "GET /api/expenses/summary/?year=2026 HTTP/1.1" 200 1542
[28/Sep/2026 07:36:03] "GET /api/expenses/?start=&end= HTTP/1.1" 200 64255
[28/Sep/2026 07:36:03] "GET /api/settings/ HTTP/1.1" 200 3411
[28/Sep/2026 07:36:03] "GET /api/reminders/check/ HTTP/1.1" 200 29
[28/Sep/2026 07:36:03] "GET /api/expenses/?start=&end= HTTP/1.1" 200 64255
[28/Sep/2026 07:36:03] "GET /api/expenses/summary/?year=2026 HTTP/1.1" 200 1542
[28/Sep/2026 07:36:04] "GET /api/expense-categories/ HTTP/1.1" 200 13390
[28/Sep/2026 07:36:05] "POST /api/expense-categories/ HTTP/1.1" 201 119
[28/Sep/2026 07:36:05] "GET /api/expense-categories/ HTTP/1.1" 200 13532
[28/Sep/2026 07:36:06] "GET /api/expense-categories/ HTTP/1.1" 200 13532
[28/Sep/2026 07:36:06] "GET /api/expense-categories/ HTTP/1.1" 200 13532
[28/Sep/2026 07:36:06] "PUT /api/expense-categories/40/ HTTP/1.1" 200 126
[28/Sep/2026 07:36:06] "GET /api/expense-categories/ HTTP/1.1" 200 13539
[28/Sep/2026 07:36:07] "GET /api/expense-categories/ HTTP/1.1" 200 13539
[28/Sep/2026 07:36:07] "GET /api/expenses/?start=&end= HTTP/1.1" 200 64255
[28/Sep/2026 07:36:07] "GET /api/expenses/summary/?year=2026 HTTP/1.1" 200 1542
[28/Sep/2026 07:36:08] "GET /api/expense-categories/ HTTP/1.1" 200 13539
[28/Sep/2026 07:36:09] "POST /api/expense-subcategories/ HTTP/1.1" 201 195
[28/Sep/2026 07:36:09] "GET /api/expense-categories/ HTTP/1.1" 200 13734
[28/Sep/2026 07:36:09] "GET /api/expense-categories/ HTTP/1.1" 200 13734
[28/Sep/2026 07:36:09] "GET /api/expense-categories/ HTTP/1.1" 200 13734
[28/Sep/2026 07:36:09] "GET /api/expense-categories/ HTTP/1.1" 200 13734
[28/Sep/2026 07:36:10] "PUT /api/expense-subcategories/84/ HTTP/1.1" 200 202
[28/Sep/2026 07:36:11] "GET /api/expense-categories/ HTTP/1.1" 200 13741
[28/Sep/2026 07:36:11] "DELETE /api/expense-subcategories/84/ HTTP/1.1" 200 15
[28/Sep/2026 07:36:11] "GET /api/expense-categories/ HTTP/1.1" 200 13539
[28/Sep/2026 07:36:12] "GET /api/expense-categories/ HTTP/1.1" 200 13539
[28/Sep/2026 07:36:12] "DELETE /api/expense-categories/40/ HTTP/1.1" 200 15
[28/Sep/2026 07:36:12] "GET /api/expense-categories/ HTTP/1.1" 200 13390
[28/Sep/2026 07:36:12] "GET /api/expenses/?start=&end= HTTP/1.1" 200 64255
[28/Sep/2026 07:36:12] "GET /api/expenses/summary/?year=2026 HTTP/1.1" 200 1542
[28/Sep/2026 07:36:13] "GET /api/expenses/ HTTP/1.1" 200 64255
[28/Sep/2026 07:36:14] "POST /api/expenses/ HTTP/1.1" 201 492
[28/Sep/2026 07:36:14] "GET /api/banks/ HTTP/1.1" 200 416
[28/Sep/2026 07:36:14] "GET /api/expenses/?year=2026&month=9 HTTP/1.1" 200 7200
[28/Sep/2026 07:36:14] "GET /api/currencies/ HTTP/1.1" 200 995
[28/Sep/2026 07:36:14] "GET /api/expense-categories/ HTTP/1.1" 200 13390
[28/Sep/2026 07:36:15] "GET /api/expenses/ HTTP/1.1" 200 64749
[28/Sep/2026 07:36:15] "GET /api/expenses/? HTTP/1.1" 200 64749
[28/Sep/2026 07:36:16] "PUT /api/expenses/318/ HTTP/1.1" 200 499
[28/Sep/2026 07:36:16] "GET /api/banks/ HTTP/1.1" 200 416
[28/Sep/2026 07:36:16] "GET /api/currencies/ HTTP/1.1" 200 995
[28/Sep/2026 07:36:16] "GET /api/expenses/?year=2026&month=9 HTTP/1.1" 200 7207
[28/Sep/2026 07:36:16] "GET /api/expense-categories/ HTTP/1.1" 200 13390
[28/Sep/2026 07:36:17] "GET /api/expenses/ HTTP/1.1" 200 64756
[28/Sep/2026 07:36:17] "DELETE /api/expenses/318/ HTTP/1.1" 200 16
[28/Sep/2026 07:36:17] "GET /api/banks/ HTTP/1.1" 200 416
[28/Sep/2026 07:36:17] "GET /api/currencies/ HTTP/1.1" 200 995
[28/Sep/2026 07:36:17] "GET /api/expense-categories/ HTTP/1.1" 200 13390
[28/Sep/2026 07:36:17] "GET /api/expenses/?year=2026&month=9 HTTP/1.1" 200 6706
[28/Sep/2026 07:36:18] "GET /api/expenses/ HTTP/1.1" 200 64255
[28/Sep/2026 07:36:18] "GET /api/expenses/?year=2026&month=9& HTTP/1.1" 200 6706
Not Found: /dashboard
[28/Sep/2026 07:36:18] "GET /dashboard HTTP/1.1" 404 52992
Not Found: /financial-advisor
[28/Sep/2026 07:36:20] "GET /financial-advisor HTTP/1.1" 404 53016
[28/Sep/2026 07:36:21] "GET / HTTP/1.1" 200 33791
[28/Sep/2026 07:36:21] "GET /static/vendor/fonts/google-fonts.css HTTP/1.1" 200 4560
[28/Sep/2026 07:36:21] "GET /static/css/ai/index.css?v=1784452207 HTTP/1.1" 200 1845
[28/Sep/2026 07:36:21] "GET /static/css/main/index.css?v=1784452207 HTTP/1.1" 200 2037
[28/Sep/2026 07:36:21] "GET /static/vendor/leaflet/leaflet.css HTTP/1.1" 200 14145
[28/Sep/2026 07:36:21] "GET /static/vendor/bootstrap-icons/bootstrap-icons.css HTTP/1.1" 200 99556
[28/Sep/2026 07:36:21] "GET /static/vendor/bootstrap/css/bootstrap.min.css HTTP/1.1" 200 232111
[28/Sep/2026 07:36:21] "GET /static/js/utils/csrf_fetch.js?v=1784452207 HTTP/1.1" 200 1672
[28/Sep/2026 07:36:21] "GET /static/js/utils/base_currency.js?v=1784452207 HTTP/1.1" 200 2145
[28/Sep/2026 07:36:21] "GET /static/js/i18n/load_language.js?v=1784452207 HTTP/1.1" 200 2699
[28/Sep/2026 07:36:21] "GET /static/js/i18n/index.js?v=1784452207 HTTP/1.1" 200 1214
[28/Sep/2026 07:36:21] "GET /static/vendor/bootstrap/js/bootstrap.bundle.min.js HTTP/1.1" 200 80496
[28/Sep/2026 07:36:21] "GET /static/vendor/leaflet/leaflet.js HTTP/1.1" 200 147552
[28/Sep/2026 07:36:21] "GET /static/vendor/chartjs/chart.umd.js HTTP/1.1" 200 208522
[28/Sep/2026 07:36:21] "GET /static/js/i18n/apply_translations.js?v=1784452207 HTTP/1.1" 200 5073
[28/Sep/2026 07:36:21] "GET /static/js/datepicker/positioning.js?v=1784452207 HTTP/1.1" 200 3508
[28/Sep/2026 07:36:21] "GET /static/js/datepicker/calendar_days.js?v=1784452207 HTTP/1.1" 200 4315
[28/Sep/2026 07:36:21] "GET /static/js/datepicker/events.js?v=1784452207 HTTP/1.1" 200 5271
[28/Sep/2026 07:36:21] "GET /static/js/utils/dateFormatter.js?v=1784452207 HTTP/1.1" 200 4272
[28/Sep/2026 07:36:21] "GET /static/js/datepicker/localization.js?v=1784452207 HTTP/1.1" 200 3340
[28/Sep/2026 07:36:21] "GET /static/js/datepicker/dom.js?v=1784452207 HTTP/1.1" 200 5745
[28/Sep/2026 07:36:21] "GET /static/js/datepicker/calendar_months.js?v=1784452207 HTTP/1.1" 200 2978
[28/Sep/2026 07:36:21] "GET /static/js/datepicker/calendar.js?v=1784452207 HTTP/1.1" 200 7376
[28/Sep/2026 07:36:21] "GET /static/js/datepicker/calendar_footer.js?v=1784452207 HTTP/1.1" 200 3299
[28/Sep/2026 07:36:21] "GET /static/js/datepicker/popup_lifecycle.js?v=1784452207 HTTP/1.1" 200 5788
[28/Sep/2026 07:36:21] "GET /static/js/datepicker/delegates.js?v=1784452207 HTTP/1.1" 200 2082
[28/Sep/2026 07:36:21] "GET /static/js/datepicker/core.js?v=1784452207 HTTP/1.1" 200 5520
[28/Sep/2026 07:36:21] "GET /static/js/datepicker/registry.js?v=1784452207 HTTP/1.1" 200 3376
[28/Sep/2026 07:36:21] "GET /static/js/datepicker/date-picker.js?v=1784452207 HTTP/1.1" 200 2422
[28/Sep/2026 07:36:21] "GET /static/js/reports/utils.js?v=1784452207 HTTP/1.1" 200 547
[28/Sep/2026 07:36:21] "GET /static/js/reports/yearly.js?v=1784452207 HTTP/1.1" 200 78
[28/Sep/2026 07:36:21] "GET /static/js/reports/pdf.js?v=1784452207 HTTP/1.1" 200 2520
[28/Sep/2026 07:36:21] "GET /static/js/reports/charts.js?v=1784452207 HTTP/1.1" 200 4759
[28/Sep/2026 07:36:21] "GET /static/js/reports/index/tabs.js?v=1784452207 HTTP/1.1" 200 7050
[28/Sep/2026 07:36:21] "GET /static/css/ai/workspace_header.css HTTP/1.1" 200 2403
[28/Sep/2026 07:36:21] "GET /static/css/ai/left_panel/index.css HTTP/1.1" 200 927
[28/Sep/2026 07:36:21] "GET /static/js/reports/index/data.js?v=1784452207 HTTP/1.1" 200 5990
[28/Sep/2026 07:36:21] "GET /static/js/app/companies.js?v=1784452207 HTTP/1.1" 200 191
[28/Sep/2026 07:36:21] "GET /static/js/app/banks.js?v=1784452207 HTTP/1.1" 200 167
[28/Sep/2026 07:36:21] "GET /static/css/ai/center_empty_state.css HTTP/1.1" 200 3272
[28/Sep/2026 07:36:21] "GET /static/css/ai/message_bubbles.css HTTP/1.1" 200 3021
[28/Sep/2026 07:36:21] "GET /static/css/ai/code_tables_badges.css HTTP/1.1" 200 2290
[28/Sep/2026 07:36:21] "GET /static/css/ai/input_area.css HTTP/1.1" 200 2718
[28/Sep/2026 07:36:21] "GET /static/css/ai/right_panel.css HTTP/1.1" 200 3844
[28/Sep/2026 07:36:21] "GET /static/css/ai/responsive_misc.css HTTP/1.1" 200 3138
[28/Sep/2026 07:36:21] "GET /static/css/ai/mobile_fixes/index.css HTTP/1.1" 200 836
[28/Sep/2026 07:36:21] "GET /static/css/layout/fixed_assets.css?v=1784442773 HTTP/1.1" 200 953
[28/Sep/2026 07:36:21] "GET /static/css/base/typography.css?v=1784442773?v=1784442773 HTTP/1.1" 200 2167
[28/Sep/2026 07:36:21] "GET /static/css/layout/shared.css?v=1784442773 HTTP/1.1" 200 674
[28/Sep/2026 07:36:21] "GET /static/css/layout_financial_advisor/index.css?v=1784442773 HTTP/1.1" 200 691
[28/Sep/2026 07:36:21] "GET /static/css/base/variables.css?v=1784442773?v=1784442773 HTTP/1.1" 200 1958
[28/Sep/2026 07:36:21] "GET /static/css/layout/settings.css?v=1784442773 HTTP/1.1" 200 872
[28/Sep/2026 07:36:21] "GET /static/css/theme/index.css?v=1784442773?v=1784442773 HTTP/1.1" 200 782
[28/Sep/2026 07:36:21] "GET /static/css/components/sidebar.css?v=1784442773?v=1784442773 HTTP/1.1" 200 3641
[28/Sep/2026 07:36:21] "GET /static/css/components/tables.css?v=1784442773?v=1784442773 HTTP/1.1" 200 3478
[28/Sep/2026 07:36:21] "GET /static/css/components/forms.css?v=1784442773?v=1784442773 HTTP/1.1" 200 3170
[28/Sep/2026 07:36:21] "GET /static/css/components/buttons.css?v=1784442773?v=1784442773 HTTP/1.1" 200 3280
[28/Sep/2026 07:36:21] "GET /static/css/components/topbar.css?v=1784442773?v=1784442773 HTTP/1.1" 200 1744
[28/Sep/2026 07:36:21] "GET /static/css/components/modals/index.css?v=1784442773?v=1784442773 HTTP/1.1" 200 901
[28/Sep/2026 07:36:21] "GET /static/css/cards/index.css?v=1784442773?v=1784442773 HTTP/1.1" 200 386
[28/Sep/2026 07:36:21] "GET /static/css/features/dashboard.css?v=1784442773?v=1784442773 HTTP/1.1" 200 102
[28/Sep/2026 07:36:21] "GET /static/css/features/salary.css?v=1784442773?v=1784442773 HTTP/1.1" 200 99
[28/Sep/2026 07:36:21] "GET /static/css/features/certificates.css?v=1784442773?v=1784442773 HTTP/1.1" 200 105
[28/Sep/2026 07:36:21] "GET /static/css/features/balance.css?v=1784442773?v=1784442773 HTTP/1.1" 200 5606
[28/Sep/2026 07:36:21] "GET /static/css/features/expenses.css?v=1784442773?v=1784442773 HTTP/1.1" 200 672
[28/Sep/2026 07:36:21] "GET /static/css/features/reports.css?v=1784442773?v=1784442773 HTTP/1.1" 200 506
[28/Sep/2026 07:36:21] "GET /static/css/features/reminders.css?v=1784442773?v=1784442773 HTTP/1.1" 200 102
[28/Sep/2026 07:36:21] "GET /static/css/features/settings.css?v=1784442773?v=1784442773 HTTP/1.1" 200 101
[28/Sep/2026 07:36:21] "GET /static/css/fixed_assets/index.css?v=1784442773?v=1784442773 HTTP/1.1" 200 405
[28/Sep/2026 07:36:21] "GET /static/css/features/billing_customer.css?v=1784442773 HTTP/1.1" 200 3489
[28/Sep/2026 07:36:21] "GET /static/css/date_picker/index.css?v=1784442773 HTTP/1.1" 200 1301
[28/Sep/2026 07:36:21] "GET /static/css/components/center_alert.css?v=1784442773 HTTP/1.1" 200 1601
[28/Sep/2026 07:36:21] "GET /static/css/financial_advisor/index.css?v=1784442773?v=1784442773 HTTP/1.1" 200 484
[28/Sep/2026 07:36:21] "GET /static/css/responsive/index.css?v=1784442773?v=1784442773 HTTP/1.1" 200 859
[28/Sep/2026 07:36:21] "GET /static/css/ai/left_panel/future_cards.css HTTP/1.1" 200 1202
[28/Sep/2026 07:36:21] "GET /static/css/ai/left_panel/shell_and_new_chat.css HTTP/1.1" 200 1394
[28/Sep/2026 07:36:21] "GET /static/css/ai/left_panel/conversation_list.css HTTP/1.1" 200 2179
[28/Sep/2026 07:36:21] "GET /static/css/ai/mobile_fixes/context_panel_mobile.css HTTP/1.1" 200 1794
[28/Sep/2026 07:36:21] "GET /static/css/ai/mobile_fixes/header_and_input_breakpoints.css HTTP/1.1" 200 1998
[28/Sep/2026 07:36:21] "GET /static/css/layout_financial_advisor/executive_sections_1.css HTTP/1.1" 200 2229
[28/Sep/2026 07:36:21] "GET /static/css/layout_financial_advisor/executive_sections_3.css HTTP/1.1" 200 1952
[28/Sep/2026 07:36:21] "GET /static/css/layout_financial_advisor/executive_sections_2.css HTTP/1.1" 200 1965
[28/Sep/2026 07:36:21] "GET /static/css/layout_financial_advisor/amounts_and_pills.css HTTP/1.1" 200 751
[28/Sep/2026 07:36:21] "GET /static/css/settings_layout/tabs.css HTTP/1.1" 200 1704
[28/Sep/2026 07:36:21] "GET /static/css/settings_layout/portfolio_scoring.css HTTP/1.1" 200 3039
[28/Sep/2026 07:36:21] "GET /static/css/settings_layout/misc_ui.css HTTP/1.1" 200 3514
[28/Sep/2026 07:36:21] "GET /static/css/settings_layout/portfolio_recs_goals.css HTTP/1.1" 200 3340
[28/Sep/2026 07:36:21] "GET /static/css/settings_layout/goal_planning/index.css HTTP/1.1" 200 934
[28/Sep/2026 07:36:21] "GET /static/css/theme/tokens.css HTTP/1.1" 200 2704
[28/Sep/2026 07:36:21] "GET /static/css/theme/light_overrides_1.css HTTP/1.1" 200 3354
[28/Sep/2026 07:36:21] "GET /static/css/theme/light_overrides_2.css HTTP/1.1" 200 3121
[28/Sep/2026 07:36:21] "GET /static/css/theme/light_overrides_3.css HTTP/1.1" 200 2680
[28/Sep/2026 07:36:21] "GET /static/css/cards/kpi_panels.css HTTP/1.1" 200 1887
[28/Sep/2026 07:36:21] "GET /static/css/theme/dark_overrides.css HTTP/1.1" 200 386
[28/Sep/2026 07:36:21] "GET /static/css/cards/cash_position.css HTTP/1.1" 200 1824
[28/Sep/2026 07:36:21] "GET /static/css/components/modals/goal_editor.css HTTP/1.1" 200 2807
[28/Sep/2026 07:36:21] "GET /static/css/cards/currency_cards.css HTTP/1.1" 200 4079
[28/Sep/2026 07:36:21] "GET /static/css/components/modals/base.css HTTP/1.1" 200 1960
[28/Sep/2026 07:36:21] "GET /static/css/components/modals/inputs_and_asset_modal.css HTTP/1.1" 200 527
[28/Sep/2026 07:36:21] "GET /static/css/fixed_assets/base_layout.css HTTP/1.1" 200 3122
[28/Sep/2026 07:36:21] "GET /static/css/fixed_assets/summary_strip.css HTTP/1.1" 200 2048
[28/Sep/2026 07:36:21] "GET /static/css/financial_advisor/overview_dashboard/index.css HTTP/1.1" 200 826
[28/Sep/2026 07:36:21] "GET /static/css/financial_advisor/kpi_and_summaries/index.css HTTP/1.1" 200 871
[28/Sep/2026 07:36:21] "GET /static/css/fixed_assets/collapsible_cards.css HTTP/1.1" 200 2161
[28/Sep/2026 07:36:21] "GET /static/css/date_picker/wrapper_trigger.css HTTP/1.1" 200 2862
[28/Sep/2026 07:36:21] "GET /static/css/date_picker/theme_responsive.css HTTP/1.1" 200 2404
[28/Sep/2026 07:36:21] "GET /static/css/date_picker/popup_header.css HTTP/1.1" 200 2607
[28/Sep/2026 07:36:21] "GET /static/css/financial_advisor/scenario_and_theme.css HTTP/1.1" 200 1091
[28/Sep/2026 07:36:21] "GET /static/css/responsive/components.css HTTP/1.1" 200 2105
[28/Sep/2026 07:36:21] "GET /static/css/date_picker/footer_buttons.css HTTP/1.1" 200 1816
[28/Sep/2026 07:36:21] "GET /static/css/date_picker/month_day_grid.css HTTP/1.1" 200 3456
[28/Sep/2026 07:36:21] "GET /static/css/responsive/settings_tabs.css HTTP/1.1" 200 2978
[28/Sep/2026 07:36:21] "GET /static/css/responsive/grid_forms.css HTTP/1.1" 200 1762
[28/Sep/2026 07:36:21] "GET /static/css/responsive/sidebar_mobile.css HTTP/1.1" 200 2218
[28/Sep/2026 07:36:21] "GET /static/css/responsive/sidebar_desktop.css HTTP/1.1" 200 1472
[28/Sep/2026 07:36:21] "GET /static/css/responsive/filters_expense.css HTTP/1.1" 200 854
[28/Sep/2026 07:36:21] "GET /static/css/settings_layout/goal_planning/hero_and_toolbar.css HTTP/1.1" 200 989
[28/Sep/2026 07:36:21] "GET /static/css/settings_layout/goal_planning/progress_and_chart.css HTTP/1.1" 200 1958
[28/Sep/2026 07:36:21] "GET /static/css/settings_layout/goal_planning/milestones_and_status.css HTTP/1.1" 200 1679
[28/Sep/2026 07:36:21] "GET /static/css/financial_advisor/kpi_and_summaries/opportunities_and_theming.css HTTP/1.1" 200 2031
[28/Sep/2026 07:36:21] "GET /static/css/financial_advisor/kpi_and_summaries/kpi_cards_and_summary_stats.css HTTP/1.1" 200 2247
[28/Sep/2026 07:36:21] "GET /static/css/financial_advisor/overview_dashboard/ai_summary_and_alerts.css HTTP/1.1" 200 2513
[28/Sep/2026 07:36:21] "GET /static/css/financial_advisor/overview_dashboard/card_and_score.css HTTP/1.1" 200 2115
[28/Sep/2026 07:36:21] "GET /static/js/app/utils/tabs/breadcrumb.js?v=1784452207 HTTP/1.1" 200 486
[28/Sep/2026 07:36:21] "GET /static/js/app/chart_crosshair/helpers.js?v=1784452207 HTTP/1.1" 200 7310
[28/Sep/2026 07:36:21] "GET /static/js/app/utils/tabs/shell.js?v=1784452207 HTTP/1.1" 200 416
[28/Sep/2026 07:36:21] "GET /static/js/app/utils/collapsible.js?v=1784452207 HTTP/1.1" 200 4636
[28/Sep/2026 07:36:21] "GET /static/js/app/utils/tabs/more_menu.js?v=1784452207 HTTP/1.1" 200 4871
[28/Sep/2026 07:36:21] "GET /static/js/app/chart_crosshair/plugin.js?v=1784452207 HTTP/1.1" 200 7086
[28/Sep/2026 07:36:21] "GET /static/js/app/formatting.js?v=1784452207 HTTP/1.1" 200 1445
[28/Sep/2026 07:36:21] "GET /static/js/app/theme.js?v=1784452207 HTTP/1.1" 200 1857
[28/Sep/2026 07:36:21] "GET /static/js/app/loading.js?v=1784452207 HTTP/1.1" 200 1016
[28/Sep/2026 07:36:21] "GET /static/js/app/permissions.js?v=1784452207 HTTP/1.1" 200 834
[28/Sep/2026 07:36:21] "GET /static/js/app/toast.js?v=1784452207 HTTP/1.1" 200 1251
[28/Sep/2026 07:36:21] "GET /static/js/app/center_alert.js?v=1784452207 HTTP/1.1" 200 2152
[28/Sep/2026 07:36:21] "GET /static/js/app/modals.js?v=1784452207 HTTP/1.1" 200 2050
[28/Sep/2026 07:36:21] "GET /static/js/app/route_dispatch.js?v=1784452207 HTTP/1.1" 200 3945
[28/Sep/2026 07:36:21] "GET /static/js/app/authentication.js?v=1784452207 HTTP/1.1" 200 6841
[28/Sep/2026 07:36:21] "GET /static/js/app/navigation.js?v=1784452207 HTTP/1.1" 200 2287
[28/Sep/2026 07:36:21] "GET /static/js/app/routing.js?v=1784452207 HTTP/1.1" 200 3799
[28/Sep/2026 07:36:21] "GET /static/js/app/topbar.js?v=1784452207 HTTP/1.1" 200 4901
[28/Sep/2026 07:36:21] "GET /static/js/app/sidebar/nav_expenses_reports.js?v=1784452207 HTTP/1.1" 200 2559
[28/Sep/2026 07:36:21] "GET /static/js/app/sidebar/nav_modules.js?v=1784452207 HTTP/1.1" 200 2150
[28/Sep/2026 07:36:21] "GET /static/js/app/sidebar/nav_settings.js?v=1784452207 HTTP/1.1" 200 673
[28/Sep/2026 07:36:21] "GET /static/js/app/sidebar/nav_primary.js?v=1784452207 HTTP/1.1" 200 2000
[28/Sep/2026 07:36:21] "GET /static/js/app/sidebar/render.js?v=1784452207 HTTP/1.1" 200 2138
[28/Sep/2026 07:36:21] "GET /static/js/app/sidebar/footer.js?v=1784452207 HTTP/1.1" 200 2941
[28/Sep/2026 07:36:21] "GET /static/js/app/sidebar/modes.js?v=1784452207 HTTP/1.1" 200 2579
[28/Sep/2026 07:36:21] "GET /static/js/financial_advisor/cash_flow_forecast/states.js?v=1790000001 HTTP/1.1" 200 2150
[28/Sep/2026 07:36:21] "GET /static/js/app/index.js?v=1784452207 HTTP/1.1" 200 4994
[28/Sep/2026 07:36:21] "GET /static/js/financial_advisor/utils.js?v=1790000001 HTTP/1.1" 200 7270
[28/Sep/2026 07:36:21] "GET /static/js/financial_advisor/cash_flow_forecast/timeline.js?v=1790000001 HTTP/1.1" 200 5709
[28/Sep/2026 07:36:21] "GET /static/js/financial_advisor/cash_flow_forecast/cash_flow_custom_projection.js?v=1790000001 HTTP/1.1" 200 9926
[28/Sep/2026 07:36:21] "GET /static/js/financial_advisor/cash_flow_forecast/cash_flow.js?v=1790000001 HTTP/1.1" 200 5317
[28/Sep/2026 07:36:21] "GET /static/js/financial_advisor/wealth_growth_forecast/fragments.js?v=1790000001 HTTP/1.1" 200 5055
[28/Sep/2026 07:36:21] "GET /static/js/financial_advisor/wealth_growth_forecast/charts.js?v=1790000001 HTTP/1.1" 200 4102
[28/Sep/2026 07:36:21] "GET /static/js/financial_advisor/portfolio_optimizer/charts.js?v=1790000001 HTTP/1.1" 200 2174
[28/Sep/2026 07:36:21] "GET /static/js/financial_advisor/wealth_growth_forecast/wealth_growth.js?v=1790000001 HTTP/1.1" 200 6793
[28/Sep/2026 07:36:21] "GET /static/js/financial_advisor/portfolio_optimizer/fragments.js?v=1790000001 HTTP/1.1" 200 3512
[28/Sep/2026 07:36:21] "GET /static/js/financial_advisor/portfolio_optimizer/portfolio_optimizer.js?v=1790000001 HTTP/1.1" 200 10139
[28/Sep/2026 07:36:21] "GET /static/js/financial_advisor/goal_planning/charts.js?v=1790000001 HTTP/1.1" 200 2148
[28/Sep/2026 07:36:21] "GET /static/js/financial_advisor/goal_planning/ui.js?v=1790000001 HTTP/1.1" 200 6501
[28/Sep/2026 07:36:21] "GET /static/js/financial_advisor/goal_planning/ui_sections.js?v=1790000001 HTTP/1.1" 200 4870
[28/Sep/2026 07:36:21] "GET /static/js/financial_advisor/goal_planning/modal.js?v=1790000001 HTTP/1.1" 200 4207
[28/Sep/2026 07:36:21] "GET /static/js/financial_advisor/goal_planning/goal_planning_main.js?v=1790000001 HTTP/1.1" 200 4718
[28/Sep/2026 07:36:21] "GET /static/js/financial_advisor/goal_planning/goal_planning_modal_events.js?v=1790000001 HTTP/1.1" 200 4704
[28/Sep/2026 07:36:21] "GET /static/js/financial_advisor/goal_planning/goal_planning_modal.js?v=1790000001 HTTP/1.1" 200 3720
[28/Sep/2026 07:36:21] "GET /static/js/financial_advisor/overview/overview_charts.js?v=1790000001 HTTP/1.1" 200 3462
[28/Sep/2026 07:36:21] "GET /static/js/financial_advisor/goal_planning/goal_planning_cards.js?v=1790000001 HTTP/1.1" 200 5762
[28/Sep/2026 07:36:21] "GET /static/js/financial_advisor/overview/overview_cards_row3.js?v=1790000001 HTTP/1.1" 200 6379
[28/Sep/2026 07:36:21] "GET /static/js/financial_advisor/overview/overview_cards_row4.js?v=1790000001 HTTP/1.1" 200 7216
[28/Sep/2026 07:36:21] "GET /static/js/financial_advisor/overview/overview_cards_kpi.js?v=1790000001 HTTP/1.1" 200 5535
[28/Sep/2026 07:36:21] "GET /static/js/financial_advisor/overview/overview_cards_summary.js?v=1790000001 HTTP/1.1" 200 1386
[28/Sep/2026 07:36:21] "GET /static/js/financial_advisor/overview/overview_render_lists.js?v=1790000001 HTTP/1.1" 200 6292
[28/Sep/2026 07:36:21] "GET /static/js/financial_advisor/overview/overview_render_main.js?v=1790000001 HTTP/1.1" 200 6180
[28/Sep/2026 07:36:21] "GET /static/js/financial_advisor/overview/overview_render_helpers.js?v=1790000001 HTTP/1.1" 200 3501
[28/Sep/2026 07:36:21] "GET /static/js/financial_advisor/overview/overview_render_row1.js?v=1790000001 HTTP/1.1" 200 11166
[28/Sep/2026 07:36:21] "GET /static/js/financial_advisor/risk_analysis/state.js?v=1790000001 HTTP/1.1" 200 812
[28/Sep/2026 07:36:21] "GET /static/js/financial_advisor/risk_analysis/render_loading_error.js?v=1790000001 HTTP/1.1" 200 956
[28/Sep/2026 07:36:21] "GET /static/js/financial_advisor/overview/overview.js?v=1790000001 HTTP/1.1" 200 1027
[28/Sep/2026 07:36:21] "GET /static/js/financial_advisor/risk_analysis/render_main.js?v=1790000001 HTTP/1.1" 200 2092
[28/Sep/2026 07:36:21] "GET /static/js/financial_advisor/risk_analysis/radar_chart.js?v=1790000001 HTTP/1.1" 200 2962
[28/Sep/2026 07:36:21] "GET /static/js/financial_advisor/risk_analysis/render_template.js?v=1790000001 HTTP/1.1" 200 7627
[28/Sep/2026 07:36:21] "GET /static/js/financial_advisor/risk_analysis/income_chart.js?v=1790000001 HTTP/1.1" 200 2069
[28/Sep/2026 07:36:21] "GET /static/js/financial_advisor/risk_analysis/fragments.js?v=1790000001 HTTP/1.1" 200 9570
[28/Sep/2026 07:36:21] "GET /static/js/financial_advisor/spending_intelligence/spending_intelligence_render.js?v=1790000001 HTTP/1.1" 200 8468
[28/Sep/2026 07:36:21] "GET /static/js/financial_advisor/risk_analysis/loader.js?v=1790000001 HTTP/1.1" 200 859
[28/Sep/2026 07:36:21] "GET /static/js/financial_advisor/spending_intelligence/build_category_donut.js?v=1790000001 HTTP/1.1" 200 6181
[28/Sep/2026 07:36:21] "GET /static/js/financial_advisor/spending_intelligence/render_loading_error.js?v=1790000001 HTTP/1.1" 200 1130
[28/Sep/2026 07:36:21] "GET /static/js/financial_advisor/spending_intelligence/build_findings_insights_trend.js?v=1790000001 HTTP/1.1" 200 6479
[28/Sep/2026 07:36:21] "GET /static/js/financial_advisor/spending_intelligence/render_template.js?v=1790000001 HTTP/1.1" 200 1094
[28/Sep/2026 07:36:21] "GET /static/js/financial_advisor/spending_intelligence/fragments.js?v=1790000001 HTTP/1.1" 200 6995
[28/Sep/2026 07:36:21] "GET /static/js/financial_advisor/spending_intelligence/loader.js?v=1790000001 HTTP/1.1" 200 909
[28/Sep/2026 07:36:21] "GET /static/js/financial_advisor/spending_intelligence/render_main.js?v=1790000001 HTTP/1.1" 200 4859
[28/Sep/2026 07:36:21] "GET /static/js/financial_advisor/opportunity_detection/opportunity_detection_helpers.js?v=1790000001 HTTP/1.1" 200 2482
[28/Sep/2026 07:36:21] "GET /static/js/financial_advisor/opportunity_detection/opportunity_detection_card.js?v=1790000001 HTTP/1.1" 200 5382
[28/Sep/2026 07:36:21] "GET /static/js/financial_advisor/opportunity_detection/opportunity_detection_render.js?v=1790000001 HTTP/1.1" 200 5667
[28/Sep/2026 07:36:21] "GET /static/js/financial_advisor/performance/performance_charts.js?v=1790000001 HTTP/1.1" 200 4430
[28/Sep/2026 07:36:21] "GET /static/js/financial_advisor/performance/performance_state.js?v=1790000001 HTTP/1.1" 200 1550
[28/Sep/2026 07:36:21] "GET /static/js/financial_advisor/performance/performance_format.js?v=1790000001 HTTP/1.1" 200 2203
[28/Sep/2026 07:36:21] "GET /static/js/financial_advisor/performance/performance_sections_gold.js?v=1790000001 HTTP/1.1" 200 10609
[28/Sep/2026 07:36:21] "GET /static/js/financial_advisor/performance/performance_view.js?v=1790000001 HTTP/1.1" 200 3680
[28/Sep/2026 07:36:21] "GET /static/js/financial_advisor/performance/performance_sections_currency.js?v=1790000001 HTTP/1.1" 200 9267
[28/Sep/2026 07:36:21] "GET /static/js/financial_advisor/performance/performance_events.js?v=1790000001 HTTP/1.1" 200 3223
[28/Sep/2026 07:36:21] "GET /static/js/financial_advisor/what_if_simulator/what_if_chart/helpers.js?v=1790000001 HTTP/1.1" 200 1777
[28/Sep/2026 07:36:21] "GET /static/js/financial_advisor/what_if_simulator/what_if_chart/comparison.js?v=1790000001 HTTP/1.1" 200 4436
[28/Sep/2026 07:36:21] "GET /static/js/financial_advisor/what_if_simulator/what_if_recalc.js?v=1790000001 HTTP/1.1" 200 2489
[28/Sep/2026 07:36:21] "GET /static/js/financial_advisor/what_if_simulator/what_if_chart/render.js?v=1790000001 HTTP/1.1" 200 4759
[28/Sep/2026 07:36:21] "GET /static/js/financial_advisor/what_if_simulator/what_if_state.js?v=1790000001 HTTP/1.1" 200 3816
[28/Sep/2026 07:36:21] "GET /static/js/financial_advisor/what_if_simulator/what_if_events.js?v=1790000001 HTTP/1.1" 200 5392
[28/Sep/2026 07:36:21] "GET /static/js/financial_advisor/what_if_simulator/what_if_view.js?v=1790000001 HTTP/1.1" 200 8567
[28/Sep/2026 07:36:21] "GET /static/js/financial_advisor/scenario_planner/state.js?v=1790000001 HTTP/1.1" 200 2394
[28/Sep/2026 07:36:21] "GET /static/js/financial_advisor/scenario_planner/scenario_planner_chart.js?v=1790000001 HTTP/1.1" 200 5709
[28/Sep/2026 07:36:21] "GET /static/js/financial_advisor/scenario_planner/render_timeline_rail.js?v=1790000001 HTTP/1.1" 200 6363
[28/Sep/2026 07:36:21] "GET /static/js/financial_advisor/scenario_planner/api.js?v=1790000001 HTTP/1.1" 200 3564
[28/Sep/2026 07:36:21] "GET /static/js/financial_advisor/scenario_planner/render_compare_insights.js?v=1790000001 HTTP/1.1" 200 6734
[28/Sep/2026 07:36:21] "GET /static/js/financial_advisor/scenario_planner/render_view.js?v=1790000001 HTTP/1.1" 200 5063
[28/Sep/2026 07:36:21] "GET /static/js/financial_advisor/scenario_planner/render_dashboard.js?v=1790000001 HTTP/1.1" 200 6124
[28/Sep/2026 07:36:21] "GET /static/js/financial_advisor/scenario_planner/render_builder.js?v=1790000001 HTTP/1.1" 200 7610
[28/Sep/2026 07:36:21] "GET /static/js/financial_advisor/scenario_planner/events.js?v=1790000001 HTTP/1.1" 200 4481
[28/Sep/2026 07:36:21] "GET /static/js/financial_advisor/scenario_planner/modal_actions.js?v=1790000001 HTTP/1.1" 200 6641
[28/Sep/2026 07:36:21] "GET /static/js/ai/ai_core.js?v=1784452207 HTTP/1.1" 200 2420
[28/Sep/2026 07:36:21] "GET /static/js/ai/ai_status.js?v=1784452207 HTTP/1.1" 200 2154
[28/Sep/2026 07:36:21] "GET /static/js/ai/ai_messages.js?v=1784452207 HTTP/1.1" 200 6835
[28/Sep/2026 07:36:21] "GET /static/js/ai/ai_markdown.js?v=1784452207 HTTP/1.1" 200 4681
[28/Sep/2026 07:36:21] "GET /static/js/ai/ai_progress.js?v=1784452207 HTTP/1.1" 200 5312
[28/Sep/2026 07:36:21] "GET /static/js/ai/ai_context_panel_helpers.js?v=1784452207 HTTP/1.1" 200 2711
[28/Sep/2026 07:36:21] "GET /static/js/ai/ai_conversations.js?v=1784452207 HTTP/1.1" 200 4023
[28/Sep/2026 07:36:21] "GET /static/js/ai/ai_context_panel.js?v=1784452207 HTTP/1.1" 200 8048
[28/Sep/2026 07:36:21] "GET /static/js/ai/ai_conversations_actions.js?v=1784452207 HTTP/1.1" 200 4166
[28/Sep/2026 07:36:21] "GET /static/js/ai/ai_shell.js?v=1784452207 HTTP/1.1" 200 8512
[28/Sep/2026 07:36:21] "GET /static/js/ai/ai_chat_submit.js?v=1784452207 HTTP/1.1" 200 3379
[28/Sep/2026 07:36:21] "GET /static/js/ai/prompt_library/pl_render_modal_shell.js?v=1784452207 HTTP/1.1" 200 1751
[28/Sep/2026 07:36:21] "GET /static/js/ai/prompt_library/pl_state.js?v=1784452207 HTTP/1.1" 200 4279
[28/Sep/2026 07:36:21] "GET /static/js/ai/prompt_library/pl_render_list.js?v=1784452207 HTTP/1.1" 200 3172
[28/Sep/2026 07:36:21] "GET /static/js/ai/prompt_library/pl_render_toolbar.js?v=1784452207 HTTP/1.1" 200 5819
[28/Sep/2026 07:36:21] "GET /static/js/ai/prompt_library/pl_render_detail.js?v=1784452207 HTTP/1.1" 200 8364
[28/Sep/2026 07:36:21] "GET /static/js/ai/prompt_library/pl_actions.js?v=1784452207 HTTP/1.1" 200 3462
[28/Sep/2026 07:36:21] "GET /static/js/ai/prompt_library/pl_actions_optimistic.js?v=1784452207 HTTP/1.1" 200 3171
[28/Sep/2026 07:36:21] "GET /static/js/ai/dataset_manager/dm_state.js?v=1784452208 HTTP/1.1" 200 1845
[28/Sep/2026 07:36:21] "GET /static/js/ai/knowledge_base/kb_state.js?v=1784452207 HTTP/1.1" 200 4279
[28/Sep/2026 07:36:21] "GET /static/js/ai/knowledge_base/kb_events.js?v=1784452207 HTTP/1.1" 200 1096
[28/Sep/2026 07:36:21] "GET /static/js/ai/prompt_library/pl_events.js?v=1784452207 HTTP/1.1" 200 3752
[28/Sep/2026 07:36:21] "GET /static/js/ai/knowledge_base/kb_render.js?v=1784452207 HTTP/1.1" 200 7356
[28/Sep/2026 07:36:21] "GET /static/js/ai/dataset_manager/dm_render.js?v=1784452208 HTTP/1.1" 200 4499
[28/Sep/2026 07:36:21] "GET /static/js/ai/model_management/mm_render.js?v=1784452208 HTTP/1.1" 200 5483
[28/Sep/2026 07:36:21] "GET /static/js/ai/benchmark_results/br_state.js?v=1784452208 HTTP/1.1" 200 1803
[28/Sep/2026 07:36:21] "GET /static/js/ai/model_management/mm_events.js?v=1784452208 HTTP/1.1" 200 517
[28/Sep/2026 07:36:21] "GET /static/js/ai/model_management/mm_state.js?v=1784452208 HTTP/1.1" 200 3173
[28/Sep/2026 07:36:21] "GET /static/js/ai/dataset_manager/dm_events.js?v=1784452208 HTTP/1.1" 200 440
[28/Sep/2026 07:36:21] "GET /static/js/ai/benchmark_results/br_events.js?v=1784452208 HTTP/1.1" 200 436
[28/Sep/2026 07:36:21] "GET /static/js/ai/pinned_chats/pc_render.js?v=1784452209 HTTP/1.1" 200 2879
[28/Sep/2026 07:36:21] "GET /static/js/ai/pinned_chats/pc_state.js?v=1784452209 HTTP/1.1" 200 1834
[28/Sep/2026 07:36:21] "GET /static/js/ai/benchmark_results/br_render.js?v=1784452208 HTTP/1.1" 200 4790
[28/Sep/2026 07:36:21] "GET /static/js/ai/pinned_chats/pc_events.js?v=1784452209 HTTP/1.1" 200 1001
[28/Sep/2026 07:36:21] "GET /static/js/ai/knowledge_search/ks_state_core.js?v=1787225686 HTTP/1.1" 200 2436
[28/Sep/2026 07:36:21] "GET /static/js/ai/knowledge_search/ks_state_edit.js?v=1787225686 HTTP/1.1" 200 2815
[28/Sep/2026 07:36:21] "GET /static/js/ai/knowledge_search/ks_render.js?v=1787225686 HTTP/1.1" 200 6866
[28/Sep/2026 07:36:21] "GET /static/js/ai/knowledge_search/ks_state_actions.js?v=1787225686 HTTP/1.1" 200 1188
[28/Sep/2026 07:36:21] "GET /static/js/ai/knowledge_search/ks_events.js?v=1787225686 HTTP/1.1" 200 793
[28/Sep/2026 07:36:21] "GET /static/js/financial_advisor/api.js?v=1784452207 HTTP/1.1" 200 186
[28/Sep/2026 07:36:21] "GET /static/js/financial_advisor/render.js?v=1784452207 HTTP/1.1" 200 6071
[28/Sep/2026 07:36:21] "GET /static/js/financial_advisor/index.js?v=1784452207 HTTP/1.1" 200 2427
[28/Sep/2026 07:36:21] "GET /static/js/financial_advisor/calculations.js?v=1784452207 HTTP/1.1" 200 178
[28/Sep/2026 07:36:21] "GET /static/js/financial_advisor/tab_panes.js?v=1784452207 HTTP/1.1" 200 3501
[28/Sep/2026 07:36:21] "GET /static/js/documents/doc_state.js?v=1784452207 HTTP/1.1" 200 4489
[28/Sep/2026 07:36:21] "GET /static/js/documents/doc_upload.js?v=1784452207 HTTP/1.1" 200 1489
[28/Sep/2026 07:36:21] "GET /static/js/documents/doc_list.js?v=1784452207 HTTP/1.1" 200 6786
[28/Sep/2026 07:36:21] "GET /static/js/documents/doc_view.js?v=1784452207 HTTP/1.1" 200 656
[28/Sep/2026 07:36:21] "GET /static/js/documents/doc_replace.js?v=1784452207 HTTP/1.1" 200 1187
[28/Sep/2026 07:36:21] "GET /static/js/documents/doc_remove.js?v=1784452207 HTTP/1.1" 200 839
[28/Sep/2026 07:36:21] "GET /static/js/companies/render.js?v=1784452207 HTTP/1.1" 200 2821
[28/Sep/2026 07:36:21] "GET /static/js/companies/modal.js?v=1784452207 HTTP/1.1" 200 7527
[28/Sep/2026 07:36:21] "GET /static/js/companies/actions.js?v=1784452207 HTTP/1.1" 200 2652
[28/Sep/2026 07:36:21] "GET /static/js/salary/utils.js?v=1784452207 HTTP/1.1" 200 350
[28/Sep/2026 07:36:21] "GET /static/js/salary/api.js?v=1784452207 HTTP/1.1" 200 1699
[28/Sep/2026 07:36:21] "GET /static/js/salary/table.js?v=1784452207 HTTP/1.1" 200 4217
[28/Sep/2026 07:36:21] "GET /static/js/salary/perdiem/list.js?v=1784452207 HTTP/1.1" 200 5589
[28/Sep/2026 07:36:21] "GET /static/js/salary/payroll.js?v=1784452207 HTTP/1.1" 200 2056
[28/Sep/2026 07:36:21] "GET /static/js/salary/perdiem/form.js?v=1784452207 HTTP/1.1" 200 7429
[28/Sep/2026 07:36:21] "GET /static/js/salary/modal.js?v=1784452207 HTTP/1.1" 200 3137
[28/Sep/2026 07:36:21] "GET /static/js/salary/dashboard_render.js?v=1784452207 HTTP/1.1" 200 6905
[28/Sep/2026 07:36:21] "GET /static/js/salary/year_pills.js?v=1784452207 HTTP/1.1" 200 890
[28/Sep/2026 07:36:21] "GET /static/js/salary/dashboard_enhancements.js?v=1784452207 HTTP/1.1" 200 4977
[28/Sep/2026 07:36:21] "GET /static/js/salary/employment_page.js?v=1784452207 HTTP/1.1" 200 6820
[28/Sep/2026 07:36:21] "GET /static/js/salary/index.js?v=1784452207 HTTP/1.1" 200 763
[28/Sep/2026 07:36:21] "GET /static/js/balance/api.js?v=1784452207 HTTP/1.1" 200 1892
[28/Sep/2026 07:36:21] "GET /static/js/balance/utils.js?v=1784452207 HTTP/1.1" 200 1761
[28/Sep/2026 07:36:21] "GET /static/js/balance/analytics.js?v=1784452207 HTTP/1.1" 200 14
[28/Sep/2026 07:36:21] "GET /static/js/balance/charts.js?v=1784452207 HTTP/1.1" 200 14
[28/Sep/2026 07:36:21] "GET /static/js/balance/calculations.js?v=1784452207 HTTP/1.1" 200 1133
[28/Sep/2026 07:36:21] "GET /static/js/balance/dashboard.js?v=1784452207 HTTP/1.1" 200 14
[28/Sep/2026 07:36:21] "GET /static/js/balance/allocation.js?v=1784452207 HTTP/1.1" 200 1383
[28/Sep/2026 07:36:21] "GET /static/js/balance/forecasts.js?v=1784452207 HTTP/1.1" 200 6681
[28/Sep/2026 07:36:21] "GET /static/js/balance/overview.js?v=1784452207 HTTP/1.1" 200 9249
[28/Sep/2026 07:36:21] "GET /static/js/balance/modal.js?v=1784452207 HTTP/1.1" 200 6441
[28/Sep/2026 07:36:21] "GET /static/js/balance/accounts.js?v=1784452207 HTTP/1.1" 200 3204
[28/Sep/2026 07:36:21] "GET /static/js/balance/recommendations.js?v=1784452207 HTTP/1.1" 200 13329
[28/Sep/2026 07:36:21] "GET /static/js/balance/transfers/form/modal.js?v=1784452207 HTTP/1.1" 200 6842
[28/Sep/2026 07:36:21] "GET /static/js/balance/transfers/render.js?v=1784452207 HTTP/1.1" 200 4919
[28/Sep/2026 07:36:21] "GET /static/js/balance/currency_exchange/render_main.js?v=1784452207 HTTP/1.1" 200 6725
[28/Sep/2026 07:36:21] "GET /static/js/balance/currency_exchange/state_and_title.js?v=1784452207 HTTP/1.1" 200 1887
[28/Sep/2026 07:36:21] "GET /static/js/balance/currency_exchange/exchange_modal.js?v=1784452207 HTTP/1.1" 200 7021
[28/Sep/2026 07:36:21] "GET /static/js/balance/transfers/form/persist.js?v=1784452207 HTTP/1.1" 200 2437
[28/Sep/2026 07:36:21] "GET /static/js/balance/currency_exchange/filters_table.js?v=1784452207 HTTP/1.1" 200 4262
[28/Sep/2026 07:36:21] "GET /static/js/balance/currency_exchange/backend_calc_save_delete.js?v=1784452207 HTTP/1.1" 200 4211
[28/Sep/2026 07:36:21] "GET /static/js/balance/bank_interest/render.js?v=1784452207 HTTP/1.1" 200 3582
[28/Sep/2026 07:36:21] "GET /static/js/balance/bank_interest/api.js?v=1784452207 HTTP/1.1" 200 2215
[28/Sep/2026 07:36:21] "GET /static/js/balance/bank_interest/modal.js?v=1784452207 HTTP/1.1" 200 4423
[28/Sep/2026 07:36:21] "GET /static/js/balance/credit_card_payment/render.js?v=1784452207 HTTP/1.1" 200 3837
[28/Sep/2026 07:36:21] "GET /static/js/balance/credit_card_payment/modal.js?v=1784452207 HTTP/1.1" 200 4598
[28/Sep/2026 07:36:21] "GET /static/js/balance/card_renewal_fee/render.js?v=1784452207 HTTP/1.1" 200 3445
[28/Sep/2026 07:36:21] "GET /static/js/balance/credit_card_payment/api.js?v=1784452207 HTTP/1.1" 200 2373
[28/Sep/2026 07:36:21] "GET /static/js/balance/index_fetch.js?v=1784452207 HTTP/1.1" 200 1978
[28/Sep/2026 07:36:21] "GET /static/js/balance/index_derive.js?v=1784452207 HTTP/1.1" 200 3221
[28/Sep/2026 07:36:21] "GET /static/js/balance/card_renewal_fee/api.js?v=1784452207 HTTP/1.1" 200 2268
[28/Sep/2026 07:36:21] "GET /static/js/balance/card_renewal_fee/modal.js?v=1784452207 HTTP/1.1" 200 3934
[28/Sep/2026 07:36:21] "GET /static/js/balance/index_recommendations.js?v=1784452207 HTTP/1.1" 200 2284
[28/Sep/2026 07:36:21] "GET /static/js/balance/index_trend_health.js?v=1784452207 HTTP/1.1" 200 5408
[28/Sep/2026 07:36:21] "GET /static/js/balance/index_labels.js?v=1784452207 HTTP/1.1" 200 2173
[28/Sep/2026 07:36:21] "GET /static/js/balance/index_shell.js?v=1784452207 HTTP/1.1" 200 4206
[28/Sep/2026 07:36:21] "GET /static/js/balance/index_events.js?v=1784452207 HTTP/1.1" 200 1852
[28/Sep/2026 07:36:21] "GET /static/js/fixed_assets/utils.js?v=1784452207 HTTP/1.1" 200 1532
[28/Sep/2026 07:36:21] "GET /static/js/balance/index.js?v=1784452207 HTTP/1.1" 200 4671
[28/Sep/2026 07:36:21] "GET /static/js/fixed_assets/gold/dashboard.js?v=1784452207 HTTP/1.1" 200 2580
[28/Sep/2026 07:36:21] "GET /static/js/fixed_assets/gold/units.js?v=1784452207 HTTP/1.1" 200 955
[28/Sep/2026 07:36:21] "GET /static/js/fixed_assets/gold/settings.js?v=1784452207 HTTP/1.1" 200 4309
[28/Sep/2026 07:36:21] "GET /static/js/fixed_assets/charts/metrics.js?v=1784452207 HTTP/1.1" 200 4738
[28/Sep/2026 07:36:21] "GET /static/js/fixed_assets/api.js?v=1784452207 HTTP/1.1" 200 1728
[28/Sep/2026 07:36:21] "GET /static/js/fixed_assets/tabs.js?v=1784452207 HTTP/1.1" 200 5599
[28/Sep/2026 07:36:21] "GET /static/js/fixed_assets/list/render.js?v=1784452207 HTTP/1.1" 200 6189
[28/Sep/2026 07:36:21] "GET /static/js/fixed_assets/charts/draw.js?v=1784452207 HTTP/1.1" 200 5180
[28/Sep/2026 07:36:21] "GET /static/js/fixed_assets/list/gold_groups.js?v=1784452207 HTTP/1.1" 200 3459
[28/Sep/2026 07:36:21] "GET /static/js/fixed_assets/dashboard.js?v=1784452207 HTTP/1.1" 200 3448
[28/Sep/2026 07:36:21] "GET /static/js/fixed_assets/analytics_render.js?v=1784452207 HTTP/1.1" 200 5497
[28/Sep/2026 07:36:21] "GET /static/js/fixed_assets/reports.js?v=1784452207 HTTP/1.1" 200 6565
[28/Sep/2026 07:36:21] "GET /static/js/fixed_assets/analytics_metrics.js?v=1784452207 HTTP/1.1" 200 3814
[28/Sep/2026 07:36:21] "GET /static/js/fixed_assets/analytics_charts.js?v=1784452207 HTTP/1.1" 200 1869
[28/Sep/2026 07:36:21] "GET /static/js/fixed_assets/modal.js?v=1784452207 HTTP/1.1" 200 1200
[28/Sep/2026 07:36:21] "GET /static/js/fixed_assets/currency/rates.js?v=1784452207 HTTP/1.1" 200 7089
[28/Sep/2026 07:36:21] "GET /static/js/fixed_assets/currency/options.js?v=1784452207 HTTP/1.1" 200 5030
[28/Sep/2026 07:36:21] "GET /static/js/fixed_assets/calculations.js?v=1784452207 HTTP/1.1" 200 549
[28/Sep/2026 07:36:21] "GET /static/js/fixed_assets/sale.js?v=1784452207 HTTP/1.1" 200 3684
[28/Sep/2026 07:36:21] "GET /static/js/fixed_assets/sale_tabs.js?v=1784452207 HTTP/1.1" 200 4339
[28/Sep/2026 07:36:21] "GET /static/js/fixed_assets/purchase_payments.js?v=1784452207 HTTP/1.1" 200 4623
[28/Sep/2026 07:36:21] "GET /static/js/fixed_assets/mortgage.js?v=1784452207 HTTP/1.1" 200 2381
[28/Sep/2026 07:36:21] "GET /static/js/fixed_assets/rental.js?v=1784452207 HTTP/1.1" 200 3296
[28/Sep/2026 07:36:21] "GET /static/js/fixed_assets/acquisition_costs_collect.js?v=1784452207 HTTP/1.1" 200 1499
[28/Sep/2026 07:36:21] "GET /static/js/fixed_assets/renovations/rows.js?v=1784452207 HTTP/1.1" 200 7789
[28/Sep/2026 07:36:21] "GET /static/js/fixed_assets/acquisition_costs.js?v=1784452207 HTTP/1.1" 200 8489
[28/Sep/2026 07:36:21] "GET /static/js/fixed_assets/renovations/summary.js?v=1784452207 HTTP/1.1" 200 1593
[28/Sep/2026 07:36:21] "GET /static/js/fixed_assets/furniture_summary.js?v=1784452207 HTTP/1.1" 200 3550
[28/Sep/2026 07:36:21] "GET /static/js/fixed_assets/renovations_collect.js?v=1784452207 HTTP/1.1" 200 1595
[28/Sep/2026 07:36:21] "GET /static/js/fixed_assets/valuation_sync.js?v=1784452207 HTTP/1.1" 200 3815
[28/Sep/2026 07:36:21] "GET /static/js/fixed_assets/valuation.js?v=1784452207 HTTP/1.1" 200 6572
[28/Sep/2026 07:36:21] "GET /static/js/fixed_assets/furniture_row.js?v=1784452207 HTTP/1.1" 200 8439
[28/Sep/2026 07:36:21] "GET /static/js/fixed_assets/gold_details.js?v=1784452207 HTTP/1.1" 200 792
[28/Sep/2026 07:36:21] "GET /static/js/fixed_assets/vehicle.js?v=1784452207 HTTP/1.1" 200 947
[28/Sep/2026 07:36:21] "GET /static/js/fixed_assets/maintenance.js?v=1784452207 HTTP/1.1" 200 1852
[28/Sep/2026 07:36:21] "GET /static/js/fixed_assets/other_assets.js?v=1784452207 HTTP/1.1" 200 687
[28/Sep/2026 07:36:21] "GET /static/js/fixed_assets/property.js?v=1784452207 HTTP/1.1" 200 2277
[28/Sep/2026 07:36:21] "GET /static/js/fixed_assets/insurance.js?v=1784452207 HTTP/1.1" 200 3550
[28/Sep/2026 07:36:21] "GET /static/js/fixed_assets/map/photo_gallery.js?v=1784452207 HTTP/1.1" 200 2222
[28/Sep/2026 07:36:21] "GET /static/js/fixed_assets/validation/sync_helpers.js?v=1784452207 HTTP/1.1" 200 2283
[28/Sep/2026 07:36:21] "GET /static/js/fixed_assets/validation/sale_form.js?v=1784452207 HTTP/1.1" 200 3323
[28/Sep/2026 07:36:21] "GET /static/js/fixed_assets/map/property_map.js?v=1784452207 HTTP/1.1" 200 3156
[28/Sep/2026 07:36:21] "GET /static/js/fixed_assets/validation/lifecycle.js?v=1784452207 HTTP/1.1" 200 1399
[28/Sep/2026 07:36:21] "GET /static/js/fixed_assets/map/geocoding.js?v=1784452207 HTTP/1.1" 200 3556
[28/Sep/2026 07:36:21] "GET /static/js/fixed_assets/validation/save_asset/submit.js?v=1784452207 HTTP/1.1" 200 962
[28/Sep/2026 07:36:21] "GET /static/js/fixed_assets/validation/save_asset/build_payload.js?v=1784452207 HTTP/1.1" 200 6469
[28/Sep/2026 07:36:21] "GET /static/js/fixed_assets/validation/save_asset.js?v=1784452207 HTTP/1.1" 200 2088
[28/Sep/2026 07:36:21] "GET /static/js/fixed_assets/validation/submit_sale_misc.js?v=1784452207 HTTP/1.1" 200 1726
[28/Sep/2026 07:36:21] "GET /static/js/fixed_assets/validation/sale_modal.js?v=1784452207 HTTP/1.1" 200 4890
[28/Sep/2026 07:36:21] "GET /static/js/fixed_assets/validation/save_asset/photos.js?v=1784452207 HTTP/1.1" 200 1141
[28/Sep/2026 07:36:21] "GET /static/js/fixed_assets/details_insurance_sale_tabs.js?v=1784452207 HTTP/1.1" 200 4685
[28/Sep/2026 07:36:21] "GET /static/js/fixed_assets/details_shared_tabs.js?v=1784452207 HTTP/1.1" 200 10323
[28/Sep/2026 07:36:21] "GET /static/js/fixed_assets/details_property_tab.js?v=1784452207 HTTP/1.1" 200 14918
[28/Sep/2026 07:36:21] "GET /static/js/fixed_assets/details_asset_types.js?v=1784452207 HTTP/1.1" 200 6864
[28/Sep/2026 07:36:21] "GET /static/js/fixed_assets/details_property_other_tabs.js?v=1784452207 HTTP/1.1" 200 10490
[28/Sep/2026 07:36:21] "GET /static/js/fixed_assets/details_modal_html.js?v=1784452207 HTTP/1.1" 200 2128
[28/Sep/2026 07:36:21] "GET /static/js/fixed_assets/details_modal_nav1.js?v=1784452207 HTTP/1.1" 200 4822
[28/Sep/2026 07:36:21] "GET /static/js/fixed_assets/details_modal_nav2.js?v=1784452207 HTTP/1.1" 200 5903
[28/Sep/2026 07:36:21] "GET /static/js/fixed_assets/details_modal.js?v=1784452207 HTTP/1.1" 200 1372
[28/Sep/2026 07:36:21] "GET /static/js/fixed_assets/asset_detail_view/non_real_estate_core_tab.js?v=1784452207 HTTP/1.1" 200 10538
[28/Sep/2026 07:36:21] "GET /static/js/fixed_assets/details_modal_events.js?v=1784452207 HTTP/1.1" 200 4234
[28/Sep/2026 07:36:21] "GET /static/js/fixed_assets/asset_detail_view/general_property_tabs.js?v=1784452207 HTTP/1.1" 200 11460
[28/Sep/2026 07:36:21] "GET /static/js/fixed_assets/asset_detail_view/photos_renovation_acquisition_tabs.js?v=1784452207 HTTP/1.1" 200 11011
[28/Sep/2026 07:36:21] "GET /static/js/fixed_assets/asset_detail_view/non_real_estate_modal.js?v=1784452207 HTTP/1.1" 200 8162
[28/Sep/2026 07:36:21] "GET /static/js/fixed_assets/asset_detail_view/tabs/valuation_pane.js?v=1784452207 HTTP/1.1" 200 2011
[28/Sep/2026 07:36:21] "GET /static/js/fixed_assets/asset_detail_view/tabs/furniture_pane.js?v=1784452207 HTTP/1.1" 200 4970
[28/Sep/2026 07:36:21] "GET /static/js/fixed_assets/asset_detail_view/tabs/sale_pane_and_footer.js?v=1784452207 HTTP/1.1" 200 3115
[28/Sep/2026 07:36:21] "GET /static/js/fixed_assets/asset_detail_view/tabs/mortgage_rental_panes.js?v=1784452207 HTTP/1.1" 200 5025
[28/Sep/2026 07:36:21] "GET /static/js/fixed_assets/asset_detail_view/furniture_valuation_mortgage_rental_sale_tabs.js?v=1784452207 HTTP/1.1" 200 715
[28/Sep/2026 07:36:21] "GET /static/js/fixed_assets/asset_detail_view/entry.js?v=1784452207 HTTP/1.1" 200 7104
[28/Sep/2026 07:36:21] "GET /static/js/fixed_assets/asset_detail_view/modal_shell.js?v=1784452207 HTTP/1.1" 200 8846
[28/Sep/2026 07:36:21] "GET /static/js/fixed_assets/load_asset.js?v=1784452207 HTTP/1.1" 200 9278
[28/Sep/2026 07:36:21] "GET /static/js/settings/smtp.js?v=1784452207 HTTP/1.1" 200 3751
[28/Sep/2026 07:36:21] "GET /static/js/settings/utils.js?v=1784452207 HTTP/1.1" 200 964
[28/Sep/2026 07:36:21] "GET /static/js/fixed_assets/index.js?v=1784452207 HTTP/1.1" 200 3275
[28/Sep/2026 07:36:21] "GET /static/js/settings/email_templates/modal.js?v=1784452207 HTTP/1.1" 200 4131
[28/Sep/2026 07:36:21] "GET /static/js/settings/app_settings.js?v=1784452207 HTTP/1.1" 200 367
[28/Sep/2026 07:36:21] "GET /static/js/settings/email_templates/list.js?v=1784452207 HTTP/1.1" 200 8974
[28/Sep/2026 07:36:21] "GET /static/js/settings/cert_status_actions.js?v=1784452207 HTTP/1.1" 200 1563
[28/Sep/2026 07:36:21] "GET /static/js/settings/cert_status_settings.js?v=1784452207 HTTP/1.1" 200 10325
[28/Sep/2026 07:36:21] "GET /static/js/settings/gold_purity.js?v=1784452207 HTTP/1.1" 200 4910
[28/Sep/2026 07:36:21] "GET /static/js/settings/gold_settings.js?v=1784452207 HTTP/1.1" 200 7678
[28/Sep/2026 07:36:21] "GET /static/js/settings/property_valuation_scrape.js?v=1784452207 HTTP/1.1" 200 2561
[28/Sep/2026 07:36:21] "GET /static/js/settings/translations/languages/list.js?v=1784452207 HTTP/1.1" 200 2726
[28/Sep/2026 07:36:21] "GET /static/js/settings/translations/languages/modal.js?v=1784452207 HTTP/1.1" 200 5553
[28/Sep/2026 07:36:21] "GET /static/js/settings/translations/translations_coverage.js?v=1784452207 HTTP/1.1" 200 6822
[28/Sep/2026 07:36:21] "GET /static/js/settings/property_valuation.js?v=1784452207 HTTP/1.1" 200 10170
[28/Sep/2026 07:36:21] "GET /static/js/settings/companies/modal.js?v=1784452207 HTTP/1.1" 200 7107
[28/Sep/2026 07:36:21] "GET /static/js/settings/companies/render.js?v=1784452207 HTTP/1.1" 200 2710
[28/Sep/2026 07:36:21] "GET /static/js/settings/translations/translations_editor.js?v=1784452207 HTTP/1.1" 200 3634
[28/Sep/2026 07:36:21] "GET /static/js/settings/currencies.js?v=1784452207 HTTP/1.1" 200 9269
[28/Sep/2026 07:36:21] "GET /static/js/settings/banks.js?v=1784452207 HTTP/1.1" 200 6131
[28/Sep/2026 07:36:21] "GET /static/js/settings/companies/actions.js?v=1784452207 HTTP/1.1" 200 3098
[28/Sep/2026 07:36:21] "GET /static/js/settings/users/actions.js?v=1784452207 HTTP/1.1" 200 3384
[28/Sep/2026 07:36:21] "GET /static/js/settings/permissions.js?v=1784452207 HTTP/1.1" 200 6069
[28/Sep/2026 07:36:21] "GET /static/js/settings/dashboard.js?v=1784452207 HTTP/1.1" 200 2067
[28/Sep/2026 07:36:21] "GET /static/js/settings/users/list.js?v=1784452207 HTTP/1.1" 200 9162
[28/Sep/2026 07:36:21] "GET /static/js/settings/roles/render.js?v=1784452207 HTTP/1.1" 200 5800
[28/Sep/2026 07:36:21] "GET /static/js/settings/backup_restore/server_actions.js?v=1784452207 HTTP/1.1" 200 2493
[28/Sep/2026 07:36:21] "GET /static/js/settings/backup_restore/download_upload.js?v=1784452207 HTTP/1.1" 200 1546
[28/Sep/2026 07:36:21] "GET /static/js/settings/backup_restore/render.js?v=1784452207 HTTP/1.1" 200 6043
[28/Sep/2026 07:36:21] "GET /static/js/settings/vendor_assets_update.js?v=1784452207 HTTP/1.1" 200 2879
[28/Sep/2026 07:36:21] "GET /static/js/settings/documentation/documentation_history.js?v=1784452207 HTTP/1.1" 200 3946
[28/Sep/2026 07:36:21] "GET /static/js/settings/documentation/documentation_state.js?v=1784452207 HTTP/1.1" 200 3892
[28/Sep/2026 07:36:21] "GET /static/js/settings/documentation/documentation_layout.js?v=1784452207 HTTP/1.1" 200 12908
[28/Sep/2026 07:36:21] "GET /static/js/settings/backup_restore/helpers.js?v=1784452207 HTTP/1.1" 200 1023
[28/Sep/2026 07:36:21] "GET /static/js/settings/ai_advisor/state.js?v=1784452207 HTTP/1.1" 200 537
[28/Sep/2026 07:36:21] "GET /static/js/settings/documentation/documentation_validation.js?v=1784452207 HTTP/1.1" 200 4500
[28/Sep/2026 07:36:21] "GET /static/js/settings/documentation/documentation_actions.js?v=1784452207 HTTP/1.1" 200 3028
[28/Sep/2026 07:36:21] "GET /static/js/settings/ai_advisor/pipeline_controls.js?v=1784452207 HTTP/1.1" 200 1604
[28/Sep/2026 07:36:21] "GET /static/js/settings/documentation/documentation_poll.js?v=1784452207 HTTP/1.1" 200 7715
[28/Sep/2026 07:36:21] "GET /static/js/settings/ai_advisor/render_settings.js?v=1784452207 HTTP/1.1" 200 3101
[28/Sep/2026 07:36:21] "GET /static/js/settings/ai_advisor/diagnostics_model_select.js?v=1784452207 HTTP/1.1" 200 3534
[28/Sep/2026 07:36:21] "GET /static/js/settings/ai_advisor/connection_test.js?v=1784452207 HTTP/1.1" 200 2393
[28/Sep/2026 07:36:21] "GET /static/js/settings/ai_advisor/render_settings_form.js?v=1784452207 HTTP/1.1" 200 17183
[28/Sep/2026 07:36:21] "GET /static/js/settings/ai_advisor/provider_fields.js?v=1784452207 HTTP/1.1" 200 2522
[28/Sep/2026 07:36:21] "GET /static/js/settings/ai_advisor/save_settings.js?v=1784452207 HTTP/1.1" 200 4103
[28/Sep/2026 07:36:21] "GET /static/js/settings/ai_advisor/runtime_capabilities_actions.js?v=1784452207 HTTP/1.1" 200 3961
[28/Sep/2026 07:36:21] "GET /static/js/settings/billing/render.js?v=1784452207 HTTP/1.1" 200 3521
[28/Sep/2026 07:36:22] "GET /static/js/settings/billing/plan_crud.js?v=1784452207 HTTP/1.1" 200 3390
[28/Sep/2026 07:36:22] "GET /static/js/settings/billing/edit_modal.js?v=1784452207 HTTP/1.1" 200 5689
[28/Sep/2026 07:36:22] "GET /static/js/settings/billing/price_actions.js?v=1784452207 HTTP/1.1" 200 1877
[28/Sep/2026 07:36:22] "GET /static/js/settings/ai_advisor/platform_overview_actions.js?v=1784452207 HTTP/1.1" 200 6350
[28/Sep/2026 07:36:22] "GET /static/js/settings/billing/gateway_settings.js?v=1784452207 HTTP/1.1" 200 4322
[28/Sep/2026 07:36:22] "GET /static/js/billing/plans_page.js?v=1784452207 HTTP/1.1" 200 7129
[28/Sep/2026 07:36:22] "GET /static/js/billing/trial_banner.js?v=1784452207 HTTP/1.1" 200 3989
[28/Sep/2026 07:36:22] "GET /static/js/settings/tabs.js?v=1784452207 HTTP/1.1" 200 3622
[28/Sep/2026 07:36:22] "GET /static/js/settings/window_exports.js?v=1784452207 HTTP/1.1" 200 4339
[28/Sep/2026 07:36:22] "GET /static/js/settings/index.js?v=1784452207 HTTP/1.1" 200 2736
[28/Sep/2026 07:36:22] "GET /static/js/bank_certificates/utils.js?v=1784452207 HTTP/1.1" 200 2836
[28/Sep/2026 07:36:22] "GET /static/js/bank_certificates/calculations.js?v=1784452207 HTTP/1.1" 200 1710
[28/Sep/2026 07:36:22] "GET /static/js/bank_certificates/api.js?v=1784452207 HTTP/1.1" 200 3514
[28/Sep/2026 07:36:22] "GET /static/js/bank_certificates/interest.js?v=1784452207 HTTP/1.1" 200 1740
[28/Sep/2026 07:36:22] "GET /static/js/bank_certificates/interest_history.js?v=1784452207 HTTP/1.1" 200 8571
[28/Sep/2026 07:36:22] "GET /static/js/exchange_rates/rates_meta.js?v=1784452207 HTTP/1.1" 200 3075
[28/Sep/2026 07:36:22] "GET /static/js/bank_certificates/modal.js?v=1784452207 HTTP/1.1" 200 7610
[28/Sep/2026 07:36:22] "GET /static/js/bank_certificates/list_view.js?v=1784452207 HTTP/1.1" 200 6040
[28/Sep/2026 07:36:22] "GET /static/js/exchange_rates/rates_render.js?v=1784452207 HTTP/1.1" 200 8703
[28/Sep/2026 07:36:22] "GET /static/js/exchange_rates/index.js?v=1784452207 HTTP/1.1" 200 2862
[28/Sep/2026 07:36:22] "GET /static/js/gold_price/index.js?v=1784452207 HTTP/1.1" 200 8914
[28/Sep/2026 07:36:22] "GET /static/js/gold_price/refresh.js?v=1784452207 HTTP/1.1" 200 1871
[28/Sep/2026 07:36:22] "GET /static/js/expenses/categories.js?v=1784452207 HTTP/1.1" 200 4163
[28/Sep/2026 07:36:22] "GET /static/js/expenses/utils.js?v=1784452207 HTTP/1.1" 200 1124
[28/Sep/2026 07:36:22] "GET /static/js/expenses/api.js?v=1784452207 HTTP/1.1" 200 4427
[28/Sep/2026 07:36:22] "GET /static/js/expenses/reports.js?v=1784452207 HTTP/1.1" 200 2318
[28/Sep/2026 07:36:22] "GET /static/js/expenses/subcategories.js?v=1784452207 HTTP/1.1" 200 3936
[28/Sep/2026 07:36:22] "GET /static/js/expenses/table.js?v=1784452207 HTTP/1.1" 200 2893
[28/Sep/2026 07:36:22] "GET /static/js/expenses/modal.js?v=1784452207 HTTP/1.1" 200 7796
[28/Sep/2026 07:36:22] "GET /static/js/expenses/dashboard.js?v=1784452207 HTTP/1.1" 200 7836
[28/Sep/2026 07:36:22] "GET /static/js/expenses/filters.js?v=1784452207 HTTP/1.1" 200 996
[28/Sep/2026 07:36:22] "GET /static/js/expenses/index.js?v=1784452207 HTTP/1.1" 200 1571
[28/Sep/2026 07:36:22] "GET /static/js/reminders/banner.js?v=1784452207 HTTP/1.1" 200 3108
[28/Sep/2026 07:36:22] "GET /static/js/reminders/api.js?v=1784452207 HTTP/1.1" 200 3213
[28/Sep/2026 07:36:22] "GET /static/js/reminders/rules.js?v=1784452207 HTTP/1.1" 200 5973
[28/Sep/2026 07:36:22] "GET /static/js/reminders/index.js?v=1784452207 HTTP/1.1" 200 9121
[28/Sep/2026 07:36:22] "GET /static/js/advanced_reports/charts.js?v=1784452207 HTTP/1.1" 200 2135
[28/Sep/2026 07:36:22] "GET /static/js/advanced_reports/balance.js?v=1784452207 HTTP/1.1" 200 3245
[28/Sep/2026 07:36:22] "GET /static/js/advanced_reports/index.js?v=1784452207 HTTP/1.1" 200 7117
[28/Sep/2026 07:36:22] "GET /static/js/advanced_reports/certificates.js?v=1784452207 HTTP/1.1" 200 4388
[28/Sep/2026 07:36:22] "GET /static/js/advanced_reports/salary.js?v=1784452207 HTTP/1.1" 200 7469
[28/Sep/2026 07:36:22] "GET /api/asset-renovations/categories/ HTTP/1.1" 200 225
[28/Sep/2026 07:36:22] "GET /api/asset-furniture/categories/ HTTP/1.1" 200 364
[28/Sep/2026 07:36:22] "GET /static/js/onboarding/wizard.js?v=1784452207 HTTP/1.1" 200 8727
[28/Sep/2026 07:36:22] "GET /api/asset-acquisition-costs/categories/ HTTP/1.1" 200 138
[28/Sep/2026 07:36:22] "GET /static/images/favicon.ico?v=1784452207 HTTP/1.1" 200 226046
[28/Sep/2026 07:36:22] "GET /api/auth/profile/ HTTP/1.1" 200 15380
[28/Sep/2026 07:36:22] "GET /static/i18n/en.json?v=1790570182096 HTTP/1.1" 200 129692
[28/Sep/2026 07:36:22] "GET /api/settings/?v=1790570182114 HTTP/1.1" 200 3411
[28/Sep/2026 07:36:22] "GET /api/base-currency/ HTTP/1.1" 200 161
[28/Sep/2026 07:36:22] "GET /api/banks/ HTTP/1.1" 200 416
[28/Sep/2026 07:36:22] "GET /api/auth/profile/ HTTP/1.1" 200 15380
[28/Sep/2026 07:36:22] "GET /api/auth/me/ HTTP/1.1" 200 805
[28/Sep/2026 07:36:22] "GET /api/companies/ HTTP/1.1" 200 3078
[28/Sep/2026 07:36:22] "GET /api/billing/status/ HTTP/1.1" 200 75
[28/Sep/2026 07:36:22] "GET /static/vendor/fonts/inter/inter-latin-ext-400-normal.woff2 HTTP/1.1" 200 20432
[28/Sep/2026 07:36:22] "GET /static/vendor/fonts/inter/inter-latin-ext-600-normal.woff2 HTTP/1.1" 200 22444
[28/Sep/2026 07:36:22] "GET /static/vendor/bootstrap-icons/fonts/bootstrap-icons.woff2?e34853135f9e39acf64315236852cd5a HTTP/1.1" 200 134044
[28/Sep/2026 07:36:22] "GET /static/vendor/fonts/plus-jakarta-sans/plus-jakarta-sans-latin-ext-700-normal.woff2 HTTP/1.1" 200 8648
[28/Sep/2026 07:36:22] "GET /static/vendor/fonts/plus-jakarta-sans/plus-jakarta-sans-latin-ext-600-normal.woff2 HTTP/1.1" 200 8600
[28/Sep/2026 07:36:22] "GET /static/vendor/fonts/inter/inter-latin-ext-700-normal.woff2 HTTP/1.1" 200 22624
[28/Sep/2026 07:36:22] "GET /static/vendor/fonts/inter/inter-latin-ext-500-normal.woff2 HTTP/1.1" 200 22336
[28/Sep/2026 07:36:22] "GET /api/settings/ HTTP/1.1" 200 3411
[28/Sep/2026 07:36:22] "GET /static/vendor/fonts/inter/inter-latin-400-normal.woff2 HTTP/1.1" 200 16708
[28/Sep/2026 07:36:22] "GET /static/vendor/fonts/plus-jakarta-sans/plus-jakarta-sans-latin-ext-800-normal.woff2 HTTP/1.1" 200 8484
[28/Sep/2026 07:36:22] "GET /api/expenses/?year=2026&month=9 HTTP/1.1" 200 6706
[28/Sep/2026 07:36:22] "GET /api/onboarding/status/ HTTP/1.1" 200 1249
[28/Sep/2026 07:36:22] "GET /static/vendor/fonts/inter/inter-latin-600-normal.woff2 HTTP/1.1" 200 17660
[28/Sep/2026 07:36:22] "GET /static/vendor/fonts/plus-jakarta-sans/plus-jakarta-sans-latin-700-normal.woff2 HTTP/1.1" 200 10844
[28/Sep/2026 07:36:22] "GET /static/vendor/fonts/plus-jakarta-sans/plus-jakarta-sans-latin-600-normal.woff2 HTTP/1.1" 200 10816
[28/Sep/2026 07:36:22] "GET /static/vendor/fonts/inter/inter-latin-500-normal.woff2 HTTP/1.1" 200 17552
[28/Sep/2026 07:36:22] "GET /static/vendor/fonts/inter/inter-latin-700-normal.woff2 HTTP/1.1" 200 17784
[28/Sep/2026 07:36:22] "GET /static/vendor/fonts/plus-jakarta-sans/plus-jakarta-sans-latin-ext-400-normal.woff2 HTTP/1.1" 200 8200
[28/Sep/2026 07:36:22] "GET /static/vendor/fonts/plus-jakarta-sans/plus-jakarta-sans-latin-800-normal.woff2 HTTP/1.1" 200 10528
[28/Sep/2026 07:36:22] "GET /api/expenses/summary/?year=2026&month=9 HTTP/1.1" 200 916
[28/Sep/2026 07:36:22] "GET /static/vendor/fonts/plus-jakarta-sans/plus-jakarta-sans-latin-400-normal.woff2 HTTP/1.1" 200 10464
[28/Sep/2026 07:36:23] "GET /api/expenses/?year=2026&month=9 HTTP/1.1" 200 6706
[28/Sep/2026 07:36:23] "GET /api/expenses/summary/?year=2026&month=9 HTTP/1.1" 200 916
[28/Sep/2026 07:36:23] "GET /api/expenses/?year=2026 HTTP/1.1" 200 64255
[28/Sep/2026 07:36:23] "GET /api/expenses/summary/?year=2026 HTTP/1.1" 200 1542
[28/Sep/2026 07:36:24] "GET /api/expenses/?start=2026-01-01&end=2026-09-28 HTTP/1.1" 200 64255
[28/Sep/2026 07:36:24] "GET /api/expenses/summary/?year=2026 HTTP/1.1" 200 1542
[28/Sep/2026 07:36:24] "GET /api/settings/ HTTP/1.1" 200 3411
[28/Sep/2026 07:36:24] "GET /api/reminders/check/ HTTP/1.1" 200 29
[28/Sep/2026 07:36:24] "GET /api/expenses/?start=2026-01-01&end=2026-09-28 HTTP/1.1" 200 64255
[28/Sep/2026 07:36:24] "GET /api/expenses/summary/?year=2026 HTTP/1.1" 200 1542
[28/Sep/2026 07:36:25] "GET /api/expenses/?start=2026-01-01&end=2026-09-28 HTTP/1.1" 200 64255
[28/Sep/2026 07:36:25] "GET /api/expenses/summary/?year=2026 HTTP/1.1" 200 1542
[28/Sep/2026 07:36:25] "POST /api/reports/generate/ HTTP/1.1" 200 43820
[28/Sep/2026 07:36:26] "POST /api/reports/generate/ HTTP/1.1" 200 59796
[28/Sep/2026 07:36:26] "GET /static/images/favicon.ico?v=1784452207 HTTP/1.1" 200 226046
[28/Sep/2026 07:36:27] "GET /api/expenses/summary/?year=2026 HTTP/1.1" 200 1542
[28/Sep/2026 07:36:27] "GET /api/expenses/?start=2026-01-01&end=2026-09-28 HTTP/1.1" 200 64255
[28/Sep/2026 07:36:27] "GET /api/expenses/summary/?year=2026 HTTP/1.1" 200 1542
[28/Sep/2026 07:36:27] "GET /api/expenses/?start=2026-01-01&end=2026-09-28 HTTP/1.1" 200 64255
[28/Sep/2026 07:36:28] "GET /api/reminders/ HTTP/1.1" 200 1875
[28/Sep/2026 07:36:28] "GET /api/reminders/ HTTP/1.1" 200 1875
[28/Sep/2026 07:36:29] "POST /api/reminders/ HTTP/1.1" 201 326
[28/Sep/2026 07:36:29] "GET /api/reminders/ HTTP/1.1" 200 2193
[28/Sep/2026 07:36:29] "GET /api/settings/ HTTP/1.1" 200 3411
[28/Sep/2026 07:36:30] "GET /api/reminders/ HTTP/1.1" 200 2193
[28/Sep/2026 07:36:30] "GET /api/reminders/ HTTP/1.1" 200 2193
[28/Sep/2026 07:36:30] "PUT /api/reminders/5/ HTTP/1.1" 200 333
[28/Sep/2026 07:36:30] "GET /api/reminders/ HTTP/1.1" 200 2200
[28/Sep/2026 07:36:30] "GET /api/settings/ HTTP/1.1" 200 3411
[28/Sep/2026 07:36:31] "GET /api/reminders/ HTTP/1.1" 200 2200
[28/Sep/2026 07:36:31] "DELETE /api/reminders/5/ HTTP/1.1" 200 14
[28/Sep/2026 07:36:31] "GET /api/settings/ HTTP/1.1" 200 3411
[28/Sep/2026 07:36:31] "GET /api/reminders/ HTTP/1.1" 200 1875
[28/Sep/2026 07:36:32] "GET /api/reminders/ HTTP/1.1" 200 1875
[28/Sep/2026 07:36:32] "GET /static/images/favicon.ico?v=1784452207 HTTP/1.1" 200 226046
[28/Sep/2026 07:36:32] "GET /api/financial-advisor/overview/ HTTP/1.1" 200 5874
[28/Sep/2026 07:36:32] "GET /static/images/financial_advisor_overview_hero.svg HTTP/1.1" 200 3327
[28/Sep/2026 07:36:34] "GET /api/financial-advisor/cash-flow-forecast/ HTTP/1.1" 200 5251
[28/Sep/2026 07:36:35] "GET /api/financial-advisor/wealth-growth-forecast/ HTTP/1.1" 200 8794
[28/Sep/2026 07:36:35] "GET /api/financial-advisor/portfolio-optimizer/ HTTP/1.1" 200 4965
[28/Sep/2026 07:36:35] "GET /static/vendor/fonts/plus-jakarta-sans/plus-jakarta-sans-latin-ext-500-normal.woff2 HTTP/1.1" 200 8540
[28/Sep/2026 07:36:35] "GET /static/vendor/fonts/plus-jakarta-sans/plus-jakarta-sans-latin-500-normal.woff2 HTTP/1.1" 200 10908
[28/Sep/2026 07:36:36] "GET /api/currencies/ HTTP/1.1" 200 995
[28/Sep/2026 07:36:36] "GET /api/fixed-assets/ HTTP/1.1" 200 27292
[28/Sep/2026 07:36:36] "GET /api/financial-advisor/goal-planning/ HTTP/1.1" 200 5404
[28/Sep/2026 07:36:37] "GET /api/financial-advisor/risk-analysis/ HTTP/1.1" 200 5225
[28/Sep/2026 07:36:38] "GET /api/financial-advisor/spending-intelligence/ HTTP/1.1" 200 5561
[28/Sep/2026 07:36:39] "GET /api/financial-advisor/opportunity-detection/ HTTP/1.1" 200 1113
[28/Sep/2026 07:36:40] "GET /api/financial-advisor/performance/ HTTP/1.1" 200 143815
[28/Sep/2026 07:36:41] "GET /api/financial-advisor/what-if-simulator/ HTTP/1.1" 200 2416
[28/Sep/2026 07:36:42] "GET /api/scenarios/event-definitions/ HTTP/1.1" 200 5401
[28/Sep/2026 07:36:42] "GET /api/scenarios/ HTTP/1.1" 200 400
[28/Sep/2026 07:36:42] "GET /api/financial-advisor/what-if-simulator/?salary_change_pct=25&expenses_change_pct=-10&gold_allocation_target_pct=9.71&certificate_reinvestment_choice=reinvest HTTP/1.1" 200 2428
[28/Sep/2026 07:36:43] "GET /api/financial-advisor/scenario-planner/compare/?scenario_ids=4 HTTP/1.1" 200 4202
[28/Sep/2026 07:36:43] "GET /api/goals/ HTTP/1.1" 200 2160
[28/Sep/2026 07:36:45] "POST /api/goals/ HTTP/1.1" 201 324
[28/Sep/2026 07:36:45] "GET /api/currencies/ HTTP/1.1" 200 995
[28/Sep/2026 07:36:45] "GET /api/fixed-assets/ HTTP/1.1" 200 27292
[28/Sep/2026 07:36:45] "GET /api/financial-advisor/goal-planning/ HTTP/1.1" 200 6277
[28/Sep/2026 07:36:46] "GET /api/goals/ HTTP/1.1" 200 2486
[28/Sep/2026 07:36:46] "GET /api/goals/ HTTP/1.1" 200 2486
[28/Sep/2026 07:36:47] "PUT /api/goals/7/ HTTP/1.1" 200 331
[28/Sep/2026 07:36:47] "GET /api/currencies/ HTTP/1.1" 200 995
[28/Sep/2026 07:36:47] "GET /api/fixed-assets/ HTTP/1.1" 200 27292
[28/Sep/2026 07:36:47] "GET /api/financial-advisor/goal-planning/ HTTP/1.1" 200 6284
[28/Sep/2026 07:36:48] "GET /api/goals/ HTTP/1.1" 200 2493
[28/Sep/2026 07:36:48] "DELETE /api/goals/7/ HTTP/1.1" 200 14
[28/Sep/2026 07:36:49] "GET /api/currencies/ HTTP/1.1" 200 995
[28/Sep/2026 07:36:49] "GET /api/financial-advisor/goal-planning/ HTTP/1.1" 200 5404
[28/Sep/2026 07:36:49] "GET /api/fixed-assets/ HTTP/1.1" 200 27292
[28/Sep/2026 07:36:50] "GET /api/goals/ HTTP/1.1" 200 2160
[28/Sep/2026 07:36:50] "GET /api/settings/?t=1790570210034 HTTP/1.1" 200 3411
[28/Sep/2026 07:36:50] "GET /static/images/favicon.ico?v=1784452207 HTTP/1.1" 200 226046
[28/Sep/2026 07:36:55] "GET /api/banks/ HTTP/1.1" 200 416
[28/Sep/2026 07:36:56] "POST /api/banks/ HTTP/1.1" 201 183
[28/Sep/2026 07:36:56] "GET /api/banks/ HTTP/1.1" 200 601
[28/Sep/2026 07:36:57] "GET /api/banks/ HTTP/1.1" 200 601
[28/Sep/2026 07:36:57] "GET /api/banks/ HTTP/1.1" 200 601
[28/Sep/2026 07:36:57] "GET /api/documents/bank/3/ HTTP/1.1" 200 17
[28/Sep/2026 07:36:57] "GET /api/documents/categories/?parent_type=bank HTTP/1.1" 200 91
[28/Sep/2026 07:36:58] "PUT /api/banks/3/ HTTP/1.1" 200 190
[28/Sep/2026 07:36:58] "GET /api/banks/ HTTP/1.1" 200 608
[28/Sep/2026 07:36:58] "GET /api/banks/ HTTP/1.1" 200 608
[28/Sep/2026 07:36:58] "DELETE /api/banks/3/ HTTP/1.1" 200 14
[28/Sep/2026 07:36:59] "GET /api/banks/ HTTP/1.1" 200 416
[28/Sep/2026 07:36:59] "GET /api/banks/ HTTP/1.1" 200 416
[28/Sep/2026 07:37:00] "GET /api/currencies/ HTTP/1.1" 200 995
[28/Sep/2026 07:37:01] "POST /api/currencies/ HTTP/1.1" 201 108
[28/Sep/2026 07:37:01] "GET /api/currencies/ HTTP/1.1" 200 1150
[28/Sep/2026 07:37:01] "GET /api/settings/ HTTP/1.1" 200 3411
[28/Sep/2026 07:37:02] "GET /api/currencies/ HTTP/1.1" 200 1150
[28/Sep/2026 07:37:02] "GET /api/currencies/43/ HTTP/1.1" 200 108
[28/Sep/2026 07:37:03] "PUT /api/currencies/43/ HTTP/1.1" 200 108
[28/Sep/2026 07:37:03] "GET /api/currencies/ HTTP/1.1" 200 1150
[28/Sep/2026 07:37:03] "GET /api/settings/ HTTP/1.1" 200 3411
[28/Sep/2026 07:37:03] "GET /api/currencies/ HTTP/1.1" 200 1150
[28/Sep/2026 07:37:04] "DELETE /api/currencies/43/ HTTP/1.1" 200 15
[28/Sep/2026 07:37:04] "GET /api/currencies/ HTTP/1.1" 200 995
[28/Sep/2026 07:37:04] "GET /api/settings/ HTTP/1.1" 200 3411
[28/Sep/2026 07:37:04] "GET /api/currencies/ HTTP/1.1" 200 995
[28/Sep/2026 07:37:05] "GET /api/settings/gold-types/ HTTP/1.1" 200 189
[28/Sep/2026 07:37:06] "POST /api/settings/gold-types/ HTTP/1.1" 201 74
[28/Sep/2026 07:37:06] "GET /api/settings/gold-purities/ HTTP/1.1" 200 404
[28/Sep/2026 07:37:06] "GET /api/settings/gold-types/ HTTP/1.1" 200 265
[28/Sep/2026 07:37:07] "GET /api/settings/gold-types/ HTTP/1.1" 200 265
[28/Sep/2026 07:37:07] "GET /api/settings/gold-types/ HTTP/1.1" 200 265
[28/Sep/2026 07:37:07] "PUT /api/settings/gold-types/25/ HTTP/1.1" 200 75
[28/Sep/2026 07:37:07] "GET /api/settings/gold-types/ HTTP/1.1" 200 266
[28/Sep/2026 07:37:07] "GET /api/settings/gold-purities/ HTTP/1.1" 200 404
[28/Sep/2026 07:37:08] "GET /api/settings/gold-types/ HTTP/1.1" 200 266
[28/Sep/2026 07:37:09] "GET /api/settings/gold-purities/ HTTP/1.1" 200 404
Internal Server Error: /api/settings/gold-purities/
Traceback (most recent call last):
  File "D:\MyApps\WealthFlow\venv\Lib\site-packages\django\db\backends\utils.py", line 105, in _execute
    return self.cursor.execute(sql, params)
           ^^^^^^^^^^^^^^^^^^^^^^^^^^^^^^^^
  File "D:\MyApps\WealthFlow\venv\Lib\site-packages\django\db\backends\sqlite3\base.py", line 359, in execute
    return super().execute(query, params)
           ^^^^^^^^^^^^^^^^^^^^^^^^^^^^^^
sqlite3.IntegrityError: UNIQUE constraint failed: core_goldpuritysetting.owner_id, core_goldpuritysetting.key

The above exception was the direct cause of the following exception:

Traceback (most recent call last):
  File "D:\MyApps\WealthFlow\venv\Lib\site-packages\django\core\handlers\exception.py", line 55, in inner
    response = get_response(request)
               ^^^^^^^^^^^^^^^^^^^^^
  File "D:\MyApps\WealthFlow\venv\Lib\site-packages\django\core\handlers\base.py", line 198, in _get_response
    response = wrapped_callback(request, *callback_args, **callback_kwargs)
               ^^^^^^^^^^^^^^^^^^^^^^^^^^^^^^^^^^^^^^^^^^^^^^^^^^^^^^^^^^^^
  File "D:\MyApps\WealthFlow\venv\Lib\site-packages\django\views\generic\base.py", line 106, in view
    return self.dispatch(request, *args, **kwargs)
           ^^^^^^^^^^^^^^^^^^^^^^^^^^^^^^^^^^^^^^^
  File "D:\MyApps\WealthFlow\venv\Lib\site-packages\django\views\generic\base.py", line 145, in dispatch
    return handler(request, *args, **kwargs)
           ^^^^^^^^^^^^^^^^^^^^^^^^^^^^^^^^^
  File "D:\MyApps\WealthFlow\core\views\settings\gold\gold_purity_settings_views.py", line 28, in post
    item = GoldPuritySetting.objects.create(
           ^^^^^^^^^^^^^^^^^^^^^^^^^^^^^^^^^
  File "D:\MyApps\WealthFlow\venv\Lib\site-packages\django\db\models\manager.py", line 87, in manager_method
    return getattr(self.get_queryset(), name)(*args, **kwargs)
           ^^^^^^^^^^^^^^^^^^^^^^^^^^^^^^^^^^^^^^^^^^^^^^^^^^^
  File "D:\MyApps\WealthFlow\venv\Lib\site-packages\django\db\models\query.py", line 669, in create
    obj.save(force_insert=True, using=self.db)
  File "D:\MyApps\WealthFlow\venv\Lib\site-packages\django\db\models\base.py", line 874, in save
    self.save_base(
  File "D:\MyApps\WealthFlow\venv\Lib\site-packages\django\db\models\base.py", line 966, in save_base
    updated = self._save_table(
              ^^^^^^^^^^^^^^^^^
  File "D:\MyApps\WealthFlow\venv\Lib\site-packages\django\db\models\base.py", line 1169, in _save_table
    results = self._do_insert(
              ^^^^^^^^^^^^^^^^
  File "D:\MyApps\WealthFlow\venv\Lib\site-packages\django\db\models\base.py", line 1220, in _do_insert
    return manager._insert(
           ^^^^^^^^^^^^^^^^
  File "D:\MyApps\WealthFlow\venv\Lib\site-packages\django\db\models\manager.py", line 87, in manager_method
    return getattr(self.get_queryset(), name)(*args, **kwargs)
           ^^^^^^^^^^^^^^^^^^^^^^^^^^^^^^^^^^^^^^^^^^^^^^^^^^^
  File "D:\MyApps\WealthFlow\venv\Lib\site-packages\django\db\models\query.py", line 1918, in _insert
    return query.get_compiler(using=using).execute_sql(returning_fields)
           ^^^^^^^^^^^^^^^^^^^^^^^^^^^^^^^^^^^^^^^^^^^^^^^^^^^^^^^^^^^^^
  File "D:\MyApps\WealthFlow\venv\Lib\site-packages\django\db\models\sql\compiler.py", line 1925, in execute_sql
    cursor.execute(sql, params)
  File "D:\MyApps\WealthFlow\venv\Lib\site-packages\django\db\backends\utils.py", line 122, in execute
    return super().execute(sql, params)
           ^^^^^^^^^^^^^^^^^^^^^^^^^^^^
  File "D:\MyApps\WealthFlow\venv\Lib\site-packages\django\db\backends\utils.py", line 79, in execute
    return self._execute_with_wrappers(
           ^^^^^^^^^^^^^^^^^^^^^^^^^^^^
  File "D:\MyApps\WealthFlow\venv\Lib\site-packages\django\db\backends\utils.py", line 92, in _execute_with_wrappers
    return executor(sql, params, many, context)
           ^^^^^^^^^^^^^^^^^^^^^^^^^^^^^^^^^^^^
  File "D:\MyApps\WealthFlow\venv\Lib\site-packages\django\db\backends\utils.py", line 100, in _execute
    with self.db.wrap_database_errors:
  File "D:\MyApps\WealthFlow\venv\Lib\site-packages\django\db\utils.py", line 94, in __exit__
    raise dj_exc_value.with_traceback(traceback) from exc_value
  File "D:\MyApps\WealthFlow\venv\Lib\site-packages\django\db\backends\utils.py", line 105, in _execute
    return self.cursor.execute(sql, params)
           ^^^^^^^^^^^^^^^^^^^^^^^^^^^^^^^^
  File "D:\MyApps\WealthFlow\venv\Lib\site-packages\django\db\backends\sqlite3\base.py", line 359, in execute
    return super().execute(query, params)
           ^^^^^^^^^^^^^^^^^^^^^^^^^^^^^^
django.db.utils.IntegrityError: UNIQUE constraint failed: core_goldpuritysetting.owner_id, core_goldpuritysetting.key
[28/Sep/2026 07:37:10] "POST /api/settings/gold-purities/ HTTP/1.1" 500 183906
[28/Sep/2026 07:37:10] "GET /api/settings/gold-purities/ HTTP/1.1" 200 404
[28/Sep/2026 07:37:11] "GET /api/settings/gold-purities/ HTTP/1.1" 200 404
[28/Sep/2026 07:37:11] "GET /api/settings/gold-purities/ HTTP/1.1" 200 404
[28/Sep/2026 07:37:12] "GET /api/settings/gold-purities/ HTTP/1.1" 200 404
[28/Sep/2026 07:37:12] "GET /api/auth/me/ HTTP/1.1" 200 805
[28/Sep/2026 07:37:12] "GET /static/images/favicon.ico?v=1784452207 HTTP/1.1" 200 226046
[28/Sep/2026 07:37:12] "GET /api/users/?page=1&page_size=10&q= HTTP/1.1" 200 738
[28/Sep/2026 07:37:12] "GET /api/users/?page_size=1000 HTTP/1.1" 200 740
[28/Sep/2026 07:37:14] "POST /api/users/ HTTP/1.1" 201 240
[28/Sep/2026 07:37:14] "GET /api/auth/me/ HTTP/1.1" 200 805
[28/Sep/2026 07:37:14] "GET /api/users/?page=1&page_size=10&q= HTTP/1.1" 200 970
[28/Sep/2026 07:37:15] "GET /api/users/?page_size=1000 HTTP/1.1" 200 972
[28/Sep/2026 07:37:15] "GET /api/users/23/ HTTP/1.1" 200 240
[28/Sep/2026 07:37:15] "PUT /api/users/23/ HTTP/1.1" 200 247
[28/Sep/2026 07:37:15] "GET /api/auth/me/ HTTP/1.1" 200 805
[28/Sep/2026 07:37:15] "GET /api/users/?page=1&page_size=10&q= HTTP/1.1" 200 977
[28/Sep/2026 07:37:16] "GET /api/users/?page_size=1000 HTTP/1.1" 200 979
[28/Sep/2026 07:37:16] "DELETE /api/users/23/ HTTP/1.1" 200 15
[28/Sep/2026 07:37:16] "GET /api/auth/me/ HTTP/1.1" 200 805
[28/Sep/2026 07:37:16] "GET /api/users/?page=1&page_size=10&q= HTTP/1.1" 200 738
[28/Sep/2026 07:37:17] "GET /api/users/?page_size=1000 HTTP/1.1" 200 740
[28/Sep/2026 07:37:18] "GET /api/settings/backup/create/?download=true HTTP/1.1" 200 1718963
[28/Sep/2026 07:37:20] "GET /api/settings/documentation/validate-generate/ HTTP/1.1" 200 88
[28/Sep/2026 07:37:22] "GET /static/i18n/en.json?v=1790570242017 HTTP/1.1" 200 129692
[28/Sep/2026 07:37:22] "GET /api/settings/?v=1790570242036 HTTP/1.1" 200 3411
[28/Sep/2026 07:37:22] "POST /api/settings/ HTTP/1.1" 200 41
[28/Sep/2026 07:37:22] "GET /api/auth/me/ HTTP/1.1" 200 805
[28/Sep/2026 07:37:22] "GET /api/auth/me/ HTTP/1.1" 200 805
[28/Sep/2026 07:37:22] "GET /api/users/?page=1&page_size=10&q= HTTP/1.1" 200 738
[28/Sep/2026 07:37:22] "GET /api/users/?page=1&page_size=10&q= HTTP/1.1" 200 738
[28/Sep/2026 07:37:23] "GET /static/i18n/ar.json?v=1790570243735 HTTP/1.1" 200 165846
[28/Sep/2026 07:37:23] "GET /api/settings/?v=1790570243760 HTTP/1.1" 200 3411
[28/Sep/2026 07:37:23] "POST /api/settings/ HTTP/1.1" 200 41
[28/Sep/2026 07:37:23] "GET /api/auth/me/ HTTP/1.1" 200 805
[28/Sep/2026 07:37:23] "GET /api/auth/me/ HTTP/1.1" 200 805
[28/Sep/2026 07:37:23] "GET /api/users/?page=1&page_size=10&q= HTTP/1.1" 200 738
[28/Sep/2026 07:37:23] "GET /api/users/?page=1&page_size=10&q= HTTP/1.1" 200 738
[28/Sep/2026 07:37:25] "GET /static/i18n/fr.json?v=1790570245462 HTTP/1.1" 200 144039
[28/Sep/2026 07:37:25] "GET /api/settings/?v=1790570245489 HTTP/1.1" 200 3411
[28/Sep/2026 07:37:25] "POST /api/settings/ HTTP/1.1" 200 41
[28/Sep/2026 07:37:25] "GET /api/auth/me/ HTTP/1.1" 200 805
[28/Sep/2026 07:37:25] "GET /api/auth/me/ HTTP/1.1" 200 805
[28/Sep/2026 07:37:25] "GET /api/users/?page=1&page_size=10&q= HTTP/1.1" 200 738
[28/Sep/2026 07:37:25] "GET /api/users/?page=1&page_size=10&q= HTTP/1.1" 200 738
[28/Sep/2026 07:37:27] "GET /static/i18n/de.json?v=1790570247184 HTTP/1.1" 200 139537
[28/Sep/2026 07:37:27] "GET /api/settings/?v=1790570247208 HTTP/1.1" 200 3411
[28/Sep/2026 07:37:27] "POST /api/settings/ HTTP/1.1" 200 41
[28/Sep/2026 07:37:27] "GET /api/auth/me/ HTTP/1.1" 200 805
[28/Sep/2026 07:37:27] "GET /api/auth/me/ HTTP/1.1" 200 805
[28/Sep/2026 07:37:27] "GET /api/users/?page=1&page_size=10&q= HTTP/1.1" 200 738
[28/Sep/2026 07:37:27] "GET /api/users/?page=1&page_size=10&q= HTTP/1.1" 200 738
[28/Sep/2026 07:37:28] "GET /static/i18n/en.json?v=1790570248922 HTTP/1.1" 200 129692
[28/Sep/2026 07:37:28] "GET /api/settings/?v=1790570248933 HTTP/1.1" 200 3411
[28/Sep/2026 07:37:28] "POST /api/settings/ HTTP/1.1" 200 41
[28/Sep/2026 07:37:28] "GET /api/auth/me/ HTTP/1.1" 200 805
[28/Sep/2026 07:37:28] "GET /api/auth/me/ HTTP/1.1" 200 805
[28/Sep/2026 07:37:29] "GET /api/users/?page=1&page_size=10&q= HTTP/1.1" 200 738
[28/Sep/2026 07:37:29] "GET /api/users/?page=1&page_size=10&q= HTTP/1.1" 200 738
[28/Sep/2026 07:37:30] "GET /accounts/login/ HTTP/1.1" 200 5562
[28/Sep/2026 07:37:31] "POST /api/auth/login/ HTTP/1.1" 200 607
[28/Sep/2026 07:37:31] "GET / HTTP/1.1" 200 33791
[28/Sep/2026 07:37:31] "GET /static/vendor/fonts/google-fonts.css HTTP/1.1" 200 4560
[28/Sep/2026 07:37:31] "GET /static/vendor/leaflet/leaflet.css HTTP/1.1" 200 14145
[28/Sep/2026 07:37:31] "GET /static/vendor/bootstrap/css/bootstrap.min.css HTTP/1.1" 200 232111
[28/Sep/2026 07:37:31] "GET /static/vendor/bootstrap-icons/bootstrap-icons.css HTTP/1.1" 200 99556
[28/Sep/2026 07:37:31] "GET /static/css/ai/index.css?v=1784452207 HTTP/1.1" 200 1845
[28/Sep/2026 07:37:31] "GET /static/css/main/index.css?v=1784452207 HTTP/1.1" 200 2037
[28/Sep/2026 07:37:31] "GET /static/js/utils/csrf_fetch.js?v=1784452207 HTTP/1.1" 200 1672
[28/Sep/2026 07:37:31] "GET /static/js/utils/base_currency.js?v=1784452207 HTTP/1.1" 200 2145
[28/Sep/2026 07:37:31] "GET /static/js/i18n/index.js?v=1784452207 HTTP/1.1" 200 1214
[28/Sep/2026 07:37:31] "GET /static/vendor/bootstrap/js/bootstrap.bundle.min.js HTTP/1.1" 200 80496
[28/Sep/2026 07:37:31] "GET /static/js/i18n/load_language.js?v=1784452207 HTTP/1.1" 200 2699
[28/Sep/2026 07:37:31] "GET /static/js/i18n/apply_translations.js?v=1784452207 HTTP/1.1" 200 5073
[28/Sep/2026 07:37:31] "GET /static/js/utils/dateFormatter.js?v=1784452207 HTTP/1.1" 200 4272
[28/Sep/2026 07:37:31] "GET /static/js/datepicker/localization.js?v=1784452207 HTTP/1.1" 200 3340
[28/Sep/2026 07:37:31] "GET /static/vendor/leaflet/leaflet.js HTTP/1.1" 200 147552
[28/Sep/2026 07:37:31] "GET /static/js/datepicker/events.js?v=1784452207 HTTP/1.1" 200 5271
[28/Sep/2026 07:37:31] "GET /static/js/datepicker/calendar_months.js?v=1784452207 HTTP/1.1" 200 2978
[28/Sep/2026 07:37:31] "GET /static/js/datepicker/dom.js?v=1784452207 HTTP/1.1" 200 5745
[28/Sep/2026 07:37:31] "GET /static/vendor/chartjs/chart.umd.js HTTP/1.1" 200 208522
[28/Sep/2026 07:37:31] "GET /static/js/datepicker/positioning.js?v=1784452207 HTTP/1.1" 200 3508
[28/Sep/2026 07:37:31] "GET /static/js/datepicker/calendar_days.js?v=1784452207 HTTP/1.1" 200 4315
[28/Sep/2026 07:37:31] "GET /static/css/ai/workspace_header.css HTTP/1.1" 200 2403
[28/Sep/2026 07:37:31] "GET /static/css/ai/center_empty_state.css HTTP/1.1" 200 3272
[28/Sep/2026 07:37:32] "GET /static/css/ai/message_bubbles.css HTTP/1.1" 200 3021
[28/Sep/2026 07:37:32] "GET /static/css/ai/left_panel/index.css HTTP/1.1" 200 927
[28/Sep/2026 07:37:32] "GET /static/css/ai/code_tables_badges.css HTTP/1.1" 200 2290
[28/Sep/2026 07:37:32] "GET /static/css/ai/input_area.css HTTP/1.1" 200 2718
[28/Sep/2026 07:37:32] "GET /static/css/ai/right_panel.css HTTP/1.1" 200 3844
[28/Sep/2026 07:37:32] "GET /static/css/ai/responsive_misc.css HTTP/1.1" 200 3138
[28/Sep/2026 07:37:32] "GET /static/css/base/variables.css?v=1784442773?v=1784442773 HTTP/1.1" 200 1958
[28/Sep/2026 07:37:32] "GET /static/css/ai/mobile_fixes/index.css HTTP/1.1" 200 836
[28/Sep/2026 07:37:32] "GET /static/css/base/typography.css?v=1784442773?v=1784442773 HTTP/1.1" 200 2167
[28/Sep/2026 07:37:32] "GET /static/css/layout/shared.css?v=1784442773 HTTP/1.1" 200 674
[28/Sep/2026 07:37:32] "GET /static/css/layout/fixed_assets.css?v=1784442773 HTTP/1.1" 200 953
[28/Sep/2026 07:37:32] "GET /static/css/layout_financial_advisor/index.css?v=1784442773 HTTP/1.1" 200 691
[28/Sep/2026 07:37:32] "GET /static/css/layout/settings.css?v=1784442773 HTTP/1.1" 200 872
[28/Sep/2026 07:37:32] "GET /static/css/components/sidebar.css?v=1784442773?v=1784442773 HTTP/1.1" 200 3641
[28/Sep/2026 07:37:32] "GET /static/css/theme/index.css?v=1784442773?v=1784442773 HTTP/1.1" 200 782
[28/Sep/2026 07:37:32] "GET /static/css/components/topbar.css?v=1784442773?v=1784442773 HTTP/1.1" 200 1744
[28/Sep/2026 07:37:32] "GET /static/css/components/tables.css?v=1784442773?v=1784442773 HTTP/1.1" 200 3478
[28/Sep/2026 07:37:32] "GET /static/css/components/forms.css?v=1784442773?v=1784442773 HTTP/1.1" 200 3170
[28/Sep/2026 07:37:32] "GET /static/css/components/buttons.css?v=1784442773?v=1784442773 HTTP/1.1" 200 3280
[28/Sep/2026 07:37:32] "GET /static/css/components/modals/index.css?v=1784442773?v=1784442773 HTTP/1.1" 200 901
[28/Sep/2026 07:37:32] "GET /static/css/cards/index.css?v=1784442773?v=1784442773 HTTP/1.1" 200 386
[28/Sep/2026 07:37:32] "GET /static/css/features/dashboard.css?v=1784442773?v=1784442773 HTTP/1.1" 200 102
[28/Sep/2026 07:37:32] "GET /static/css/features/balance.css?v=1784442773?v=1784442773 HTTP/1.1" 200 5606
[28/Sep/2026 07:37:32] "GET /static/css/features/salary.css?v=1784442773?v=1784442773 HTTP/1.1" 200 99
[28/Sep/2026 07:37:32] "GET /static/css/features/certificates.css?v=1784442773?v=1784442773 HTTP/1.1" 200 105
[28/Sep/2026 07:37:32] "GET /static/css/features/expenses.css?v=1784442773?v=1784442773 HTTP/1.1" 200 672
[28/Sep/2026 07:37:32] "GET /static/css/features/reports.css?v=1784442773?v=1784442773 HTTP/1.1" 200 506
[28/Sep/2026 07:37:32] "GET /static/css/features/settings.css?v=1784442773?v=1784442773 HTTP/1.1" 200 101
[28/Sep/2026 07:37:32] "GET /static/css/features/reminders.css?v=1784442773?v=1784442773 HTTP/1.1" 200 102
[28/Sep/2026 07:37:32] "GET /static/css/features/billing_customer.css?v=1784442773 HTTP/1.1" 200 3489
[28/Sep/2026 07:37:32] "GET /static/css/fixed_assets/index.css?v=1784442773?v=1784442773 HTTP/1.1" 200 405
[28/Sep/2026 07:37:32] "GET /static/css/financial_advisor/index.css?v=1784442773?v=1784442773 HTTP/1.1" 200 484
[28/Sep/2026 07:37:32] "GET /static/css/date_picker/index.css?v=1784442773 HTTP/1.1" 200 1301
[28/Sep/2026 07:37:32] "GET /static/css/components/center_alert.css?v=1784442773 HTTP/1.1" 200 1601
[28/Sep/2026 07:37:32] "GET /static/css/ai/left_panel/shell_and_new_chat.css HTTP/1.1" 200 1394
[28/Sep/2026 07:37:32] "GET /static/css/ai/left_panel/conversation_list.css HTTP/1.1" 200 2179
[28/Sep/2026 07:37:32] "GET /static/css/responsive/index.css?v=1784442773?v=1784442773 HTTP/1.1" 200 859
[28/Sep/2026 07:37:32] "GET /static/css/ai/left_panel/future_cards.css HTTP/1.1" 200 1202
[28/Sep/2026 07:37:32] "GET /static/css/ai/mobile_fixes/header_and_input_breakpoints.css HTTP/1.1" 200 1998
[28/Sep/2026 07:37:32] "GET /static/css/ai/mobile_fixes/context_panel_mobile.css HTTP/1.1" 200 1794
[28/Sep/2026 07:37:32] "GET /static/css/layout_financial_advisor/executive_sections_1.css HTTP/1.1" 200 2229
[28/Sep/2026 07:37:32] "GET /static/css/layout_financial_advisor/executive_sections_2.css HTTP/1.1" 200 1965
[28/Sep/2026 07:37:32] "GET /static/css/layout_financial_advisor/executive_sections_3.css HTTP/1.1" 200 1952
[28/Sep/2026 07:37:32] "GET /static/css/layout_financial_advisor/amounts_and_pills.css HTTP/1.1" 200 751
[28/Sep/2026 07:37:32] "GET /static/css/settings_layout/portfolio_scoring.css HTTP/1.1" 200 3039
[28/Sep/2026 07:37:32] "GET /static/css/settings_layout/tabs.css HTTP/1.1" 200 1704
[28/Sep/2026 07:37:32] "GET /static/css/settings_layout/goal_planning/index.css HTTP/1.1" 200 934
[28/Sep/2026 07:37:32] "GET /static/css/theme/tokens.css HTTP/1.1" 200 2704
[28/Sep/2026 07:37:32] "GET /static/css/theme/light_overrides_1.css HTTP/1.1" 200 3354
[28/Sep/2026 07:37:32] "GET /static/css/settings_layout/portfolio_recs_goals.css HTTP/1.1" 200 3340
[28/Sep/2026 07:37:32] "GET /static/css/theme/light_overrides_2.css HTTP/1.1" 200 3121
[28/Sep/2026 07:37:32] "GET /static/css/settings_layout/misc_ui.css HTTP/1.1" 200 3514
[28/Sep/2026 07:37:32] "GET /static/css/theme/light_overrides_3.css HTTP/1.1" 200 2680
[28/Sep/2026 07:37:32] "GET /static/css/theme/dark_overrides.css HTTP/1.1" 200 386
[28/Sep/2026 07:37:32] "GET /static/css/components/modals/base.css HTTP/1.1" 200 1960
[28/Sep/2026 07:37:32] "GET /static/css/components/modals/goal_editor.css HTTP/1.1" 200 2807
[28/Sep/2026 07:37:32] "GET /static/css/components/modals/inputs_and_asset_modal.css HTTP/1.1" 200 527
[28/Sep/2026 07:37:32] "GET /static/css/cards/kpi_panels.css HTTP/1.1" 200 1887
[28/Sep/2026 07:37:32] "GET /static/css/cards/cash_position.css HTTP/1.1" 200 1824
[28/Sep/2026 07:37:32] "GET /static/css/fixed_assets/collapsible_cards.css HTTP/1.1" 200 2161
[28/Sep/2026 07:37:32] "GET /static/css/fixed_assets/base_layout.css HTTP/1.1" 200 3122
[28/Sep/2026 07:37:32] "GET /static/css/cards/currency_cards.css HTTP/1.1" 200 4079
[28/Sep/2026 07:37:32] "GET /static/css/fixed_assets/summary_strip.css HTTP/1.1" 200 2048
[28/Sep/2026 07:37:32] "GET /static/css/financial_advisor/overview_dashboard/index.css HTTP/1.1" 200 826
[28/Sep/2026 07:37:32] "GET /static/css/financial_advisor/kpi_and_summaries/index.css HTTP/1.1" 200 871
[28/Sep/2026 07:37:32] "GET /static/css/financial_advisor/scenario_and_theme.css HTTP/1.1" 200 1091
[28/Sep/2026 07:37:32] "GET /static/css/date_picker/popup_header.css HTTP/1.1" 200 2607
[28/Sep/2026 07:37:32] "GET /static/css/date_picker/wrapper_trigger.css HTTP/1.1" 200 2862
[28/Sep/2026 07:37:32] "GET /static/css/date_picker/month_day_grid.css HTTP/1.1" 200 3456
[28/Sep/2026 07:37:32] "GET /static/css/date_picker/footer_buttons.css HTTP/1.1" 200 1816
[28/Sep/2026 07:37:32] "GET /static/css/date_picker/theme_responsive.css HTTP/1.1" 200 2404
[28/Sep/2026 07:37:32] "GET /static/css/responsive/sidebar_desktop.css HTTP/1.1" 200 1472
[28/Sep/2026 07:37:32] "GET /static/css/responsive/sidebar_mobile.css HTTP/1.1" 200 2218
[28/Sep/2026 07:37:32] "GET /static/css/responsive/settings_tabs.css HTTP/1.1" 200 2978
[28/Sep/2026 07:37:32] "GET /static/css/responsive/grid_forms.css HTTP/1.1" 200 1762
[28/Sep/2026 07:37:32] "GET /static/css/responsive/components.css HTTP/1.1" 200 2105
[28/Sep/2026 07:37:32] "GET /static/css/responsive/filters_expense.css HTTP/1.1" 200 854
[28/Sep/2026 07:37:32] "GET /static/css/settings_layout/goal_planning/hero_and_toolbar.css HTTP/1.1" 200 989
[28/Sep/2026 07:37:32] "GET /static/css/settings_layout/goal_planning/progress_and_chart.css HTTP/1.1" 200 1958
[28/Sep/2026 07:37:32] "GET /static/css/settings_layout/goal_planning/milestones_and_status.css HTTP/1.1" 200 1679
[28/Sep/2026 07:37:32] "GET /static/css/financial_advisor/overview_dashboard/card_and_score.css HTTP/1.1" 200 2115
[28/Sep/2026 07:37:32] "GET /static/css/financial_advisor/kpi_and_summaries/kpi_cards_and_summary_stats.css HTTP/1.1" 200 2247
[28/Sep/2026 07:37:32] "GET /static/css/financial_advisor/kpi_and_summaries/opportunities_and_theming.css HTTP/1.1" 200 2031
[28/Sep/2026 07:37:32] "GET /static/js/datepicker/calendar_footer.js?v=1784452207 HTTP/1.1" 200 3299
[28/Sep/2026 07:37:32] "GET /static/css/financial_advisor/overview_dashboard/ai_summary_and_alerts.css HTTP/1.1" 200 2513
[28/Sep/2026 07:37:32] "GET /static/js/datepicker/calendar.js?v=1784452207 HTTP/1.1" 200 7376
[28/Sep/2026 07:37:32] "GET /static/js/datepicker/registry.js?v=1784452207 HTTP/1.1" 200 3376
[28/Sep/2026 07:37:32] "GET /static/js/datepicker/date-picker.js?v=1784452207 HTTP/1.1" 200 2422
[28/Sep/2026 07:37:32] "GET /static/js/datepicker/popup_lifecycle.js?v=1784452207 HTTP/1.1" 200 5788
[28/Sep/2026 07:37:32] "GET /static/js/datepicker/delegates.js?v=1784452207 HTTP/1.1" 200 2082
[28/Sep/2026 07:37:32] "GET /static/js/datepicker/core.js?v=1784452207 HTTP/1.1" 200 5520
[28/Sep/2026 07:37:32] "GET /static/js/reports/yearly.js?v=1784452207 HTTP/1.1" 200 78
[28/Sep/2026 07:37:32] "GET /static/js/reports/index/tabs.js?v=1784452207 HTTP/1.1" 200 7050
[28/Sep/2026 07:37:32] "GET /static/js/reports/utils.js?v=1784452207 HTTP/1.1" 200 547
[28/Sep/2026 07:37:32] "GET /static/js/reports/index/data.js?v=1784452207 HTTP/1.1" 200 5990
[28/Sep/2026 07:37:32] "GET /static/js/app/companies.js?v=1784452207 HTTP/1.1" 200 191
[28/Sep/2026 07:37:32] "GET /static/js/reports/pdf.js?v=1784452207 HTTP/1.1" 200 2520
[28/Sep/2026 07:37:32] "GET /static/js/reports/charts.js?v=1784452207 HTTP/1.1" 200 4759
[28/Sep/2026 07:37:32] "GET /static/js/app/utils/tabs/more_menu.js?v=1784452207 HTTP/1.1" 200 4871
[28/Sep/2026 07:37:32] "GET /static/js/app/banks.js?v=1784452207 HTTP/1.1" 200 167
[28/Sep/2026 07:37:32] "GET /static/js/app/utils/tabs/breadcrumb.js?v=1784452207 HTTP/1.1" 200 486
[28/Sep/2026 07:37:32] "GET /static/js/app/chart_crosshair/plugin.js?v=1784452207 HTTP/1.1" 200 7086
[28/Sep/2026 07:37:32] "GET /static/js/app/utils/tabs/shell.js?v=1784452207 HTTP/1.1" 200 416
[28/Sep/2026 07:37:32] "GET /static/js/app/formatting.js?v=1784452207 HTTP/1.1" 200 1445
[28/Sep/2026 07:37:32] "GET /static/js/app/utils/collapsible.js?v=1784452207 HTTP/1.1" 200 4636
[28/Sep/2026 07:37:32] "GET /static/js/app/permissions.js?v=1784452207 HTTP/1.1" 200 834
[28/Sep/2026 07:37:32] "GET /static/js/app/chart_crosshair/helpers.js?v=1784452207 HTTP/1.1" 200 7310
[28/Sep/2026 07:37:32] "GET /static/js/app/toast.js?v=1784452207 HTTP/1.1" 200 1251
[28/Sep/2026 07:37:32] "GET /static/js/app/theme.js?v=1784452207 HTTP/1.1" 200 1857
[28/Sep/2026 07:37:32] "GET /static/js/app/loading.js?v=1784452207 HTTP/1.1" 200 1016
[28/Sep/2026 07:37:32] "GET /static/js/app/center_alert.js?v=1784452207 HTTP/1.1" 200 2152
[28/Sep/2026 07:37:32] "GET /static/js/app/modals.js?v=1784452207 HTTP/1.1" 200 2050
[28/Sep/2026 07:37:32] "GET /static/js/app/authentication.js?v=1784452207 HTTP/1.1" 200 6841
[28/Sep/2026 07:37:32] "GET /static/js/app/route_dispatch.js?v=1784452207 HTTP/1.1" 200 3945
[28/Sep/2026 07:37:32] "GET /static/js/app/sidebar/nav_primary.js?v=1784452207 HTTP/1.1" 200 2000
[28/Sep/2026 07:37:32] "GET /static/js/app/topbar.js?v=1784452207 HTTP/1.1" 200 4901
[28/Sep/2026 07:37:32] "GET /static/js/app/navigation.js?v=1784452207 HTTP/1.1" 200 2287
[28/Sep/2026 07:37:32] "GET /static/js/app/routing.js?v=1784452207 HTTP/1.1" 200 3799
[28/Sep/2026 07:37:32] "GET /static/js/app/sidebar/nav_expenses_reports.js?v=1784452207 HTTP/1.1" 200 2559
[28/Sep/2026 07:37:32] "GET /static/js/app/sidebar/nav_settings.js?v=1784452207 HTTP/1.1" 200 673
[28/Sep/2026 07:37:32] "GET /static/js/app/sidebar/render.js?v=1784452207 HTTP/1.1" 200 2138
[28/Sep/2026 07:37:32] "GET /static/js/app/sidebar/nav_modules.js?v=1784452207 HTTP/1.1" 200 2150
[28/Sep/2026 07:37:32] "GET /static/js/app/sidebar/footer.js?v=1784452207 HTTP/1.1" 200 2941
[28/Sep/2026 07:37:32] "GET /static/js/app/sidebar/modes.js?v=1784452207 HTTP/1.1" 200 2579
[28/Sep/2026 07:37:32] "GET /static/js/app/index.js?v=1784452207 HTTP/1.1" 200 4994
[28/Sep/2026 07:37:32] "GET /static/js/financial_advisor/cash_flow_forecast/cash_flow.js?v=1790000001 HTTP/1.1" 200 5317
[28/Sep/2026 07:37:32] "GET /static/js/financial_advisor/utils.js?v=1790000001 HTTP/1.1" 200 7270
[28/Sep/2026 07:37:32] "GET /static/js/financial_advisor/cash_flow_forecast/states.js?v=1790000001 HTTP/1.1" 200 2150
[28/Sep/2026 07:37:32] "GET /static/js/financial_advisor/cash_flow_forecast/timeline.js?v=1790000001 HTTP/1.1" 200 5709
[28/Sep/2026 07:37:32] "GET /static/js/financial_advisor/wealth_growth_forecast/charts.js?v=1790000001 HTTP/1.1" 200 4102
[28/Sep/2026 07:37:32] "GET /static/js/financial_advisor/cash_flow_forecast/cash_flow_custom_projection.js?v=1790000001 HTTP/1.1" 200 9926
[28/Sep/2026 07:37:32] "GET /static/js/financial_advisor/wealth_growth_forecast/fragments.js?v=1790000001 HTTP/1.1" 200 5055
[28/Sep/2026 07:37:32] "GET /static/js/financial_advisor/portfolio_optimizer/charts.js?v=1790000001 HTTP/1.1" 200 2174
[28/Sep/2026 07:37:32] "GET /static/js/financial_advisor/portfolio_optimizer/fragments.js?v=1790000001 HTTP/1.1" 200 3512
[28/Sep/2026 07:37:32] "GET /static/js/financial_advisor/wealth_growth_forecast/wealth_growth.js?v=1790000001 HTTP/1.1" 200 6793
[28/Sep/2026 07:37:32] "GET /static/js/financial_advisor/portfolio_optimizer/portfolio_optimizer.js?v=1790000001 HTTP/1.1" 200 10139
[28/Sep/2026 07:37:32] "GET /static/js/financial_advisor/goal_planning/charts.js?v=1790000001 HTTP/1.1" 200 2148
[28/Sep/2026 07:37:32] "GET /static/js/financial_advisor/goal_planning/goal_planning_cards.js?v=1790000001 HTTP/1.1" 200 5762
[28/Sep/2026 07:37:32] "GET /static/js/financial_advisor/goal_planning/modal.js?v=1790000001 HTTP/1.1" 200 4207
[28/Sep/2026 07:37:32] "GET /static/js/financial_advisor/goal_planning/ui.js?v=1790000001 HTTP/1.1" 200 6501
[28/Sep/2026 07:37:32] "GET /static/js/financial_advisor/goal_planning/ui_sections.js?v=1790000001 HTTP/1.1" 200 4870
[28/Sep/2026 07:37:32] "GET /static/js/financial_advisor/goal_planning/goal_planning_modal.js?v=1790000001 HTTP/1.1" 200 3720
[28/Sep/2026 07:37:32] "GET /static/js/financial_advisor/goal_planning/goal_planning_main.js?v=1790000001 HTTP/1.1" 200 4718
[28/Sep/2026 07:37:32] "GET /static/js/financial_advisor/goal_planning/goal_planning_modal_events.js?v=1790000001 HTTP/1.1" 200 4704
[28/Sep/2026 07:37:32] "GET /static/js/financial_advisor/overview/overview_charts.js?v=1790000001 HTTP/1.1" 200 3462
[28/Sep/2026 07:37:32] "GET /static/js/financial_advisor/overview/overview_cards_row4.js?v=1790000001 HTTP/1.1" 200 7216
[28/Sep/2026 07:37:32] "GET /static/js/financial_advisor/overview/overview_cards_kpi.js?v=1790000001 HTTP/1.1" 200 5535
[28/Sep/2026 07:37:32] "GET /static/js/financial_advisor/overview/overview_render_helpers.js?v=1790000001 HTTP/1.1" 200 3501
[28/Sep/2026 07:37:32] "GET /static/js/financial_advisor/overview/overview_cards_row3.js?v=1790000001 HTTP/1.1" 200 6379
[28/Sep/2026 07:37:32] "GET /static/js/financial_advisor/overview/overview_render_lists.js?v=1790000001 HTTP/1.1" 200 6292
[28/Sep/2026 07:37:32] "GET /static/js/financial_advisor/overview/overview_cards_summary.js?v=1790000001 HTTP/1.1" 200 1386
[28/Sep/2026 07:37:32] "GET /static/js/financial_advisor/risk_analysis/state.js?v=1790000001 HTTP/1.1" 200 812
[28/Sep/2026 07:37:32] "GET /static/js/financial_advisor/overview/overview.js?v=1790000001 HTTP/1.1" 200 1027
[28/Sep/2026 07:37:32] "GET /static/js/financial_advisor/overview/overview_render_row1.js?v=1790000001 HTTP/1.1" 200 11166
[28/Sep/2026 07:37:32] "GET /static/js/financial_advisor/overview/overview_render_main.js?v=1790000001 HTTP/1.1" 200 6180
[28/Sep/2026 07:37:32] "GET /static/js/financial_advisor/risk_analysis/render_main.js?v=1790000001 HTTP/1.1" 200 2092
[28/Sep/2026 07:37:32] "GET /static/js/financial_advisor/risk_analysis/render_template.js?v=1790000001 HTTP/1.1" 200 7627
[28/Sep/2026 07:37:32] "GET /static/js/financial_advisor/risk_analysis/radar_chart.js?v=1790000001 HTTP/1.1" 200 2962
[28/Sep/2026 07:37:32] "GET /static/js/financial_advisor/risk_analysis/fragments.js?v=1790000001 HTTP/1.1" 200 9570
[28/Sep/2026 07:37:32] "GET /static/js/financial_advisor/risk_analysis/income_chart.js?v=1790000001 HTTP/1.1" 200 2069
[28/Sep/2026 07:37:32] "GET /static/js/financial_advisor/risk_analysis/render_loading_error.js?v=1790000001 HTTP/1.1" 200 956
[28/Sep/2026 07:37:32] "GET /static/js/financial_advisor/risk_analysis/loader.js?v=1790000001 HTTP/1.1" 200 859
[28/Sep/2026 07:37:32] "GET /static/js/financial_advisor/spending_intelligence/render_loading_error.js?v=1790000001 HTTP/1.1" 200 1130
[28/Sep/2026 07:37:32] "GET /static/js/financial_advisor/spending_intelligence/build_category_donut.js?v=1790000001 HTTP/1.1" 200 6181
[28/Sep/2026 07:37:32] "GET /static/js/financial_advisor/spending_intelligence/build_findings_insights_trend.js?v=1790000001 HTTP/1.1" 200 6479
[28/Sep/2026 07:37:32] "GET /static/js/financial_advisor/spending_intelligence/spending_intelligence_render.js?v=1790000001 HTTP/1.1" 200 8468
[28/Sep/2026 07:37:32] "GET /static/js/financial_advisor/spending_intelligence/render_main.js?v=1790000001 HTTP/1.1" 200 4859
[28/Sep/2026 07:37:32] "GET /static/js/financial_advisor/spending_intelligence/fragments.js?v=1790000001 HTTP/1.1" 200 6995
[28/Sep/2026 07:37:32] "GET /static/js/financial_advisor/spending_intelligence/loader.js?v=1790000001 HTTP/1.1" 200 909
[28/Sep/2026 07:37:32] "GET /static/js/financial_advisor/spending_intelligence/render_template.js?v=1790000001 HTTP/1.1" 200 1094
[28/Sep/2026 07:37:32] "GET /static/js/financial_advisor/performance/performance_format.js?v=1790000001 HTTP/1.1" 200 2203
[28/Sep/2026 07:37:32] "GET /static/js/financial_advisor/performance/performance_charts.js?v=1790000001 HTTP/1.1" 200 4430
[28/Sep/2026 07:37:32] "GET /static/js/financial_advisor/opportunity_detection/opportunity_detection_render.js?v=1790000001 HTTP/1.1" 200 5667
[28/Sep/2026 07:37:32] "GET /static/js/financial_advisor/performance/performance_state.js?v=1790000001 HTTP/1.1" 200 1550
[28/Sep/2026 07:37:32] "GET /static/js/financial_advisor/opportunity_detection/opportunity_detection_helpers.js?v=1790000001 HTTP/1.1" 200 2482
[28/Sep/2026 07:37:32] "GET /static/js/financial_advisor/opportunity_detection/opportunity_detection_card.js?v=1790000001 HTTP/1.1" 200 5382
[28/Sep/2026 07:37:32] "GET /static/js/financial_advisor/what_if_simulator/what_if_chart/comparison.js?v=1790000001 HTTP/1.1" 200 4436
[28/Sep/2026 07:37:32] "GET /static/js/financial_advisor/performance/performance_sections_gold.js?v=1790000001 HTTP/1.1" 200 10609
[28/Sep/2026 07:37:32] "GET /static/js/financial_advisor/performance/performance_events.js?v=1790000001 HTTP/1.1" 200 3223
[28/Sep/2026 07:37:32] "GET /static/js/financial_advisor/what_if_simulator/what_if_chart/helpers.js?v=1790000001 HTTP/1.1" 200 1777
[28/Sep/2026 07:37:33] "GET /static/js/financial_advisor/what_if_simulator/what_if_chart/render.js?v=1790000001 HTTP/1.1" 200 4759
[28/Sep/2026 07:37:33] "GET /static/js/financial_advisor/what_if_simulator/what_if_state.js?v=1790000001 HTTP/1.1" 200 3816
[28/Sep/2026 07:37:33] "GET /static/js/financial_advisor/what_if_simulator/what_if_view.js?v=1790000001 HTTP/1.1" 200 8567
[28/Sep/2026 07:37:33] "GET /static/js/financial_advisor/performance/performance_view.js?v=1790000001 HTTP/1.1" 200 3680
[28/Sep/2026 07:37:33] "GET /static/js/financial_advisor/performance/performance_sections_currency.js?v=1790000001 HTTP/1.1" 200 9267
[28/Sep/2026 07:37:33] "GET /static/js/financial_advisor/scenario_planner/state.js?v=1790000001 HTTP/1.1" 200 2394
[28/Sep/2026 07:37:33] "GET /static/js/financial_advisor/what_if_simulator/what_if_recalc.js?v=1790000001 HTTP/1.1" 200 2489
[28/Sep/2026 07:37:33] "GET /static/js/financial_advisor/what_if_simulator/what_if_events.js?v=1790000001 HTTP/1.1" 200 5392
[28/Sep/2026 07:37:33] "GET /static/js/financial_advisor/scenario_planner/scenario_planner_chart.js?v=1790000001 HTTP/1.1" 200 5709
[28/Sep/2026 07:37:33] "GET /static/js/financial_advisor/scenario_planner/render_view.js?v=1790000001 HTTP/1.1" 200 5063
[28/Sep/2026 07:37:33] "GET /static/js/financial_advisor/scenario_planner/api.js?v=1790000001 HTTP/1.1" 200 3564
[28/Sep/2026 07:37:33] "GET /static/js/financial_advisor/scenario_planner/render_builder.js?v=1790000001 HTTP/1.1" 200 7610
[28/Sep/2026 07:37:33] "GET /static/js/financial_advisor/scenario_planner/render_dashboard.js?v=1790000001 HTTP/1.1" 200 6124
[28/Sep/2026 07:37:33] "GET /static/js/financial_advisor/scenario_planner/render_timeline_rail.js?v=1790000001 HTTP/1.1" 200 6363
[28/Sep/2026 07:37:33] "GET /static/js/financial_advisor/scenario_planner/events.js?v=1790000001 HTTP/1.1" 200 4481
[28/Sep/2026 07:37:33] "GET /static/js/financial_advisor/scenario_planner/modal_actions.js?v=1790000001 HTTP/1.1" 200 6641
[28/Sep/2026 07:37:33] "GET /static/js/ai/ai_status.js?v=1784452207 HTTP/1.1" 200 2154
[28/Sep/2026 07:37:33] "GET /static/js/ai/ai_markdown.js?v=1784452207 HTTP/1.1" 200 4681
[28/Sep/2026 07:37:33] "GET /static/js/financial_advisor/scenario_planner/render_compare_insights.js?v=1790000001 HTTP/1.1" 200 6734
[28/Sep/2026 07:37:33] "GET /static/js/ai/ai_messages.js?v=1784452207 HTTP/1.1" 200 6835
[28/Sep/2026 07:37:33] "GET /static/js/ai/ai_core.js?v=1784452207 HTTP/1.1" 200 2420
[28/Sep/2026 07:37:33] "GET /static/js/ai/ai_context_panel_helpers.js?v=1784452207 HTTP/1.1" 200 2711
[28/Sep/2026 07:37:33] "GET /static/js/ai/ai_progress.js?v=1784452207 HTTP/1.1" 200 5312
[28/Sep/2026 07:37:33] "GET /static/js/ai/ai_conversations.js?v=1784452207 HTTP/1.1" 200 4023
[28/Sep/2026 07:37:33] "GET /static/js/ai/ai_context_panel.js?v=1784452207 HTTP/1.1" 200 8048
[28/Sep/2026 07:37:33] "GET /static/js/ai/ai_chat_submit.js?v=1784452207 HTTP/1.1" 200 3379
[28/Sep/2026 07:37:33] "GET /static/js/ai/ai_conversations_actions.js?v=1784452207 HTTP/1.1" 200 4166
[28/Sep/2026 07:37:33] "GET /static/js/ai/ai_shell.js?v=1784452207 HTTP/1.1" 200 8512
[28/Sep/2026 07:37:33] "GET /static/js/ai/prompt_library/pl_render_modal_shell.js?v=1784452207 HTTP/1.1" 200 1751
[28/Sep/2026 07:37:33] "GET /static/js/ai/prompt_library/pl_render_list.js?v=1784452207 HTTP/1.1" 200 3172
[28/Sep/2026 07:37:33] "GET /static/js/ai/prompt_library/pl_state.js?v=1784452207 HTTP/1.1" 200 4279
[28/Sep/2026 07:37:33] "GET /static/js/ai/prompt_library/pl_render_toolbar.js?v=1784452207 HTTP/1.1" 200 5819
[28/Sep/2026 07:37:33] "GET /static/js/ai/prompt_library/pl_render_detail.js?v=1784452207 HTTP/1.1" 200 8364
[28/Sep/2026 07:37:33] "GET /static/js/ai/prompt_library/pl_actions_optimistic.js?v=1784452207 HTTP/1.1" 200 3171
[28/Sep/2026 07:37:33] "GET /static/js/ai/prompt_library/pl_actions.js?v=1784452207 HTTP/1.1" 200 3462
[28/Sep/2026 07:37:33] "GET /static/js/ai/knowledge_base/kb_render.js?v=1784452207 HTTP/1.1" 200 7356
[28/Sep/2026 07:37:33] "GET /static/js/ai/knowledge_base/kb_state.js?v=1784452207 HTTP/1.1" 200 4279
[28/Sep/2026 07:37:33] "GET /static/js/ai/prompt_library/pl_events.js?v=1784452207 HTTP/1.1" 200 3752
[28/Sep/2026 07:37:33] "GET /static/js/ai/knowledge_base/kb_events.js?v=1784452207 HTTP/1.1" 200 1096
[28/Sep/2026 07:37:33] "GET /static/js/ai/dataset_manager/dm_events.js?v=1784452208 HTTP/1.1" 200 440
[28/Sep/2026 07:37:33] "GET /static/js/ai/model_management/mm_render.js?v=1784452208 HTTP/1.1" 200 5483
[28/Sep/2026 07:37:33] "GET /static/js/ai/dataset_manager/dm_render.js?v=1784452208 HTTP/1.1" 200 4499
[28/Sep/2026 07:37:33] "GET /static/js/ai/model_management/mm_state.js?v=1784452208 HTTP/1.1" 200 3173
[28/Sep/2026 07:37:33] "GET /static/js/ai/model_management/mm_events.js?v=1784452208 HTTP/1.1" 200 517
[28/Sep/2026 07:37:33] "GET /static/js/ai/dataset_manager/dm_state.js?v=1784452208 HTTP/1.1" 200 1845
[28/Sep/2026 07:37:33] "GET /static/js/ai/benchmark_results/br_state.js?v=1784452208 HTTP/1.1" 200 1803
[28/Sep/2026 07:37:33] "GET /static/js/ai/benchmark_results/br_events.js?v=1784452208 HTTP/1.1" 200 436
[28/Sep/2026 07:37:33] "GET /static/js/ai/benchmark_results/br_render.js?v=1784452208 HTTP/1.1" 200 4790
[28/Sep/2026 07:37:33] "GET /static/js/ai/pinned_chats/pc_events.js?v=1784452209 HTTP/1.1" 200 1001
[28/Sep/2026 07:37:33] "GET /static/js/ai/knowledge_search/ks_state_core.js?v=1787225686 HTTP/1.1" 200 2436
[28/Sep/2026 07:37:33] "GET /static/js/ai/knowledge_search/ks_state_edit.js?v=1787225686 HTTP/1.1" 200 2815
[28/Sep/2026 07:37:33] "GET /static/js/ai/knowledge_search/ks_state_actions.js?v=1787225686 HTTP/1.1" 200 1188
[28/Sep/2026 07:37:33] "GET /static/js/ai/pinned_chats/pc_state.js?v=1784452209 HTTP/1.1" 200 1834
[28/Sep/2026 07:37:33] "GET /static/js/ai/knowledge_search/ks_events.js?v=1787225686 HTTP/1.1" 200 793
[28/Sep/2026 07:37:33] "GET /static/js/financial_advisor/api.js?v=1784452207 HTTP/1.1" 200 186
[28/Sep/2026 07:37:33] "GET /static/js/ai/pinned_chats/pc_render.js?v=1784452209 HTTP/1.1" 200 2879
[28/Sep/2026 07:37:33] "GET /static/js/ai/knowledge_search/ks_render.js?v=1787225686 HTTP/1.1" 200 6866
[28/Sep/2026 07:37:33] "GET /static/js/financial_advisor/calculations.js?v=1784452207 HTTP/1.1" 200 178
[28/Sep/2026 07:37:33] "GET /static/js/financial_advisor/tab_panes.js?v=1784452207 HTTP/1.1" 200 3501
[28/Sep/2026 07:37:33] "GET /static/js/financial_advisor/render.js?v=1784452207 HTTP/1.1" 200 6071
[28/Sep/2026 07:37:33] "GET /static/js/financial_advisor/index.js?v=1784452207 HTTP/1.1" 200 2427
[28/Sep/2026 07:37:33] "GET /static/js/documents/doc_list.js?v=1784452207 HTTP/1.1" 200 6786
[28/Sep/2026 07:37:33] "GET /static/js/documents/doc_upload.js?v=1784452207 HTTP/1.1" 200 1489
[28/Sep/2026 07:37:33] "GET /static/js/documents/doc_state.js?v=1784452207 HTTP/1.1" 200 4489
[28/Sep/2026 07:37:33] "GET /static/js/documents/doc_view.js?v=1784452207 HTTP/1.1" 200 656
[28/Sep/2026 07:37:33] "GET /static/js/documents/doc_replace.js?v=1784452207 HTTP/1.1" 200 1187
[28/Sep/2026 07:37:33] "GET /static/js/companies/render.js?v=1784452207 HTTP/1.1" 200 2821
[28/Sep/2026 07:37:33] "GET /static/js/companies/actions.js?v=1784452207 HTTP/1.1" 200 2652
[28/Sep/2026 07:37:33] "GET /static/js/salary/utils.js?v=1784452207 HTTP/1.1" 200 350
[28/Sep/2026 07:37:33] "GET /static/js/companies/modal.js?v=1784452207 HTTP/1.1" 200 7527
[28/Sep/2026 07:37:33] "GET /static/js/salary/api.js?v=1784452207 HTTP/1.1" 200 1699
[28/Sep/2026 07:37:33] "GET /static/js/documents/doc_remove.js?v=1784452207 HTTP/1.1" 200 839
[28/Sep/2026 07:37:33] "GET /static/js/salary/table.js?v=1784452207 HTTP/1.1" 200 4217
[28/Sep/2026 07:37:33] "GET /static/js/salary/perdiem/list.js?v=1784452207 HTTP/1.1" 200 5589
[28/Sep/2026 07:37:33] "GET /static/js/salary/perdiem/form.js?v=1784452207 HTTP/1.1" 200 7429
[28/Sep/2026 07:37:33] "GET /static/js/salary/payroll.js?v=1784452207 HTTP/1.1" 200 2056
[28/Sep/2026 07:37:33] "GET /static/js/salary/modal.js?v=1784452207 HTTP/1.1" 200 3137
[28/Sep/2026 07:37:33] "GET /static/js/salary/year_pills.js?v=1784452207 HTTP/1.1" 200 890
[28/Sep/2026 07:37:33] "GET /static/js/salary/dashboard_render.js?v=1784452207 HTTP/1.1" 200 6905
[28/Sep/2026 07:37:33] "GET /static/js/salary/employment_page.js?v=1784452207 HTTP/1.1" 200 6820
[28/Sep/2026 07:37:33] "GET /static/js/salary/index.js?v=1784452207 HTTP/1.1" 200 763
[28/Sep/2026 07:37:33] "GET /static/js/balance/utils.js?v=1784452207 HTTP/1.1" 200 1761
[28/Sep/2026 07:37:33] "GET /static/js/balance/analytics.js?v=1784452207 HTTP/1.1" 200 14
[28/Sep/2026 07:37:33] "GET /static/js/balance/charts.js?v=1784452207 HTTP/1.1" 200 14
[28/Sep/2026 07:37:33] "GET /static/js/balance/calculations.js?v=1784452207 HTTP/1.1" 200 1133
[28/Sep/2026 07:37:33] "GET /static/js/balance/api.js?v=1784452207 HTTP/1.1" 200 1892
[28/Sep/2026 07:37:33] "GET /static/js/salary/dashboard_enhancements.js?v=1784452207 HTTP/1.1" 200 4977
[28/Sep/2026 07:37:33] "GET /static/js/balance/dashboard.js?v=1784452207 HTTP/1.1" 200 14
[28/Sep/2026 07:37:33] "GET /static/js/balance/overview.js?v=1784452207 HTTP/1.1" 200 9249
[28/Sep/2026 07:37:33] "GET /static/js/balance/modal.js?v=1784452207 HTTP/1.1" 200 6441
[28/Sep/2026 07:37:33] "GET /static/js/balance/allocation.js?v=1784452207 HTTP/1.1" 200 1383
[28/Sep/2026 07:37:33] "GET /static/js/balance/forecasts.js?v=1784452207 HTTP/1.1" 200 6681
[28/Sep/2026 07:37:33] "GET /static/js/balance/transfers/form/modal.js?v=1784452207 HTTP/1.1" 200 6842
[28/Sep/2026 07:37:33] "GET /static/js/balance/currency_exchange/state_and_title.js?v=1784452207 HTTP/1.1" 200 1887
[28/Sep/2026 07:37:33] "GET /static/js/balance/transfers/form/persist.js?v=1784452207 HTTP/1.1" 200 2437
[28/Sep/2026 07:37:33] "GET /static/js/balance/recommendations.js?v=1784452207 HTTP/1.1" 200 13329
[28/Sep/2026 07:37:33] "GET /static/js/balance/accounts.js?v=1784452207 HTTP/1.1" 200 3204
[28/Sep/2026 07:37:33] "GET /static/js/balance/transfers/render.js?v=1784452207 HTTP/1.1" 200 4919
[28/Sep/2026 07:37:33] "GET /static/js/balance/currency_exchange/render_main.js?v=1784452207 HTTP/1.1" 200 6725
[28/Sep/2026 07:37:33] "GET /static/js/balance/currency_exchange/exchange_modal.js?v=1784452207 HTTP/1.1" 200 7021
[28/Sep/2026 07:37:33] "GET /static/js/balance/currency_exchange/backend_calc_save_delete.js?v=1784452207 HTTP/1.1" 200 4211
[28/Sep/2026 07:37:33] "GET /static/js/balance/bank_interest/render.js?v=1784452207 HTTP/1.1" 200 3582
[28/Sep/2026 07:37:33] "GET /static/js/balance/bank_interest/modal.js?v=1784452207 HTTP/1.1" 200 4423
[28/Sep/2026 07:37:33] "GET /static/js/balance/bank_interest/api.js?v=1784452207 HTTP/1.1" 200 2215
[28/Sep/2026 07:37:33] "GET /static/js/balance/credit_card_payment/api.js?v=1784452207 HTTP/1.1" 200 2373
[28/Sep/2026 07:37:33] "GET /static/js/balance/credit_card_payment/render.js?v=1784452207 HTTP/1.1" 200 3837
[28/Sep/2026 07:37:33] "GET /static/js/balance/credit_card_payment/modal.js?v=1784452207 HTTP/1.1" 200 4598
[28/Sep/2026 07:37:33] "GET /static/js/balance/card_renewal_fee/render.js?v=1784452207 HTTP/1.1" 200 3445
[28/Sep/2026 07:37:33] "GET /static/js/balance/card_renewal_fee/modal.js?v=1784452207 HTTP/1.1" 200 3934
[28/Sep/2026 07:37:33] "GET /static/js/balance/currency_exchange/filters_table.js?v=1784452207 HTTP/1.1" 200 4262
[28/Sep/2026 07:37:33] "GET /static/js/balance/index_recommendations.js?v=1784452207 HTTP/1.1" 200 2284
[28/Sep/2026 07:37:33] "GET /static/js/balance/card_renewal_fee/api.js?v=1784452207 HTTP/1.1" 200 2268
[28/Sep/2026 07:37:33] "GET /static/js/balance/index_fetch.js?v=1784452207 HTTP/1.1" 200 1978
[28/Sep/2026 07:37:33] "GET /static/js/balance/index_labels.js?v=1784452207 HTTP/1.1" 200 2173
[28/Sep/2026 07:37:33] "GET /static/js/balance/index.js?v=1784452207 HTTP/1.1" 200 4671
[28/Sep/2026 07:37:33] "GET /static/js/balance/index_trend_health.js?v=1784452207 HTTP/1.1" 200 5408
[28/Sep/2026 07:37:33] "GET /static/js/balance/index_derive.js?v=1784452207 HTTP/1.1" 200 3221
[28/Sep/2026 07:37:33] "GET /static/js/balance/index_shell.js?v=1784452207 HTTP/1.1" 200 4206
[28/Sep/2026 07:37:33] "GET /static/js/balance/index_events.js?v=1784452207 HTTP/1.1" 200 1852
[28/Sep/2026 07:37:33] "GET /static/js/fixed_assets/utils.js?v=1784452207 HTTP/1.1" 200 1532
[28/Sep/2026 07:37:33] "GET /static/js/fixed_assets/gold/units.js?v=1784452207 HTTP/1.1" 200 955
[28/Sep/2026 07:37:33] "GET /static/js/fixed_assets/gold/dashboard.js?v=1784452207 HTTP/1.1" 200 2580
[28/Sep/2026 07:37:33] "GET /static/js/fixed_assets/gold/settings.js?v=1784452207 HTTP/1.1" 200 4309
[28/Sep/2026 07:37:33] "GET /static/js/fixed_assets/charts/metrics.js?v=1784452207 HTTP/1.1" 200 4738
[28/Sep/2026 07:37:33] "GET /static/js/fixed_assets/tabs.js?v=1784452207 HTTP/1.1" 200 5599
[28/Sep/2026 07:37:33] "GET /static/js/fixed_assets/charts/draw.js?v=1784452207 HTTP/1.1" 200 5180
[28/Sep/2026 07:37:33] "GET /static/js/fixed_assets/list/render.js?v=1784452207 HTTP/1.1" 200 6189
[28/Sep/2026 07:37:33] "GET /static/js/fixed_assets/list/gold_groups.js?v=1784452207 HTTP/1.1" 200 3459
[28/Sep/2026 07:37:33] "GET /static/js/fixed_assets/dashboard.js?v=1784452207 HTTP/1.1" 200 3448
[28/Sep/2026 07:37:33] "GET /static/js/fixed_assets/api.js?v=1784452207 HTTP/1.1" 200 1728
[28/Sep/2026 07:37:33] "GET /static/js/fixed_assets/analytics_render.js?v=1784452207 HTTP/1.1" 200 5497
[28/Sep/2026 07:37:33] "GET /static/js/fixed_assets/analytics_charts.js?v=1784452207 HTTP/1.1" 200 1869
[28/Sep/2026 07:37:33] "GET /static/js/fixed_assets/analytics_metrics.js?v=1784452207 HTTP/1.1" 200 3814
[28/Sep/2026 07:37:33] "GET /static/js/fixed_assets/reports.js?v=1784452207 HTTP/1.1" 200 6565
[28/Sep/2026 07:37:33] "GET /static/js/fixed_assets/calculations.js?v=1784452207 HTTP/1.1" 200 549
[28/Sep/2026 07:37:33] "GET /static/js/fixed_assets/modal.js?v=1784452207 HTTP/1.1" 200 1200
[28/Sep/2026 07:37:33] "GET /static/js/fixed_assets/sale.js?v=1784452207 HTTP/1.1" 200 3684
[28/Sep/2026 07:37:33] "GET /static/js/fixed_assets/purchase_payments.js?v=1784452207 HTTP/1.1" 200 4623
[28/Sep/2026 07:37:33] "GET /static/js/fixed_assets/currency/rates.js?v=1784452207 HTTP/1.1" 200 7089
[28/Sep/2026 07:37:33] "GET /static/js/fixed_assets/sale_tabs.js?v=1784452207 HTTP/1.1" 200 4339
[28/Sep/2026 07:37:33] "GET /static/js/fixed_assets/currency/options.js?v=1784452207 HTTP/1.1" 200 5030
[28/Sep/2026 07:37:33] "GET /static/js/fixed_assets/rental.js?v=1784452207 HTTP/1.1" 200 3296
[28/Sep/2026 07:37:33] "GET /static/js/fixed_assets/mortgage.js?v=1784452207 HTTP/1.1" 200 2381
[28/Sep/2026 07:37:33] "GET /static/js/fixed_assets/acquisition_costs.js?v=1784452207 HTTP/1.1" 200 8489
[28/Sep/2026 07:37:33] "GET /static/js/fixed_assets/renovations/summary.js?v=1784452207 HTTP/1.1" 200 1593
[28/Sep/2026 07:37:33] "GET /static/js/fixed_assets/renovations_collect.js?v=1784452207 HTTP/1.1" 200 1595
[28/Sep/2026 07:37:33] "GET /static/js/fixed_assets/acquisition_costs_collect.js?v=1784452207 HTTP/1.1" 200 1499
[28/Sep/2026 07:37:33] "GET /static/js/fixed_assets/renovations/rows.js?v=1784452207 HTTP/1.1" 200 7789
[28/Sep/2026 07:37:33] "GET /static/js/fixed_assets/furniture_summary.js?v=1784452207 HTTP/1.1" 200 3550
[28/Sep/2026 07:37:34] "GET /static/js/fixed_assets/furniture_row.js?v=1784452207 HTTP/1.1" 200 8439
[28/Sep/2026 07:37:34] "GET /static/js/fixed_assets/valuation.js?v=1784452207 HTTP/1.1" 200 6572
[28/Sep/2026 07:37:34] "GET /static/js/fixed_assets/gold_details.js?v=1784452207 HTTP/1.1" 200 792
[28/Sep/2026 07:37:34] "GET /static/js/fixed_assets/valuation_sync.js?v=1784452207 HTTP/1.1" 200 3815
[28/Sep/2026 07:37:34] "GET /static/js/fixed_assets/vehicle.js?v=1784452207 HTTP/1.1" 200 947
[28/Sep/2026 07:37:34] "GET /static/js/fixed_assets/maintenance.js?v=1784452207 HTTP/1.1" 200 1852
[28/Sep/2026 07:37:34] "GET /static/js/fixed_assets/property.js?v=1784452207 HTTP/1.1" 200 2277
[28/Sep/2026 07:37:34] "GET /static/js/fixed_assets/insurance.js?v=1784452207 HTTP/1.1" 200 3550
[28/Sep/2026 07:37:34] "GET /static/js/fixed_assets/other_assets.js?v=1784452207 HTTP/1.1" 200 687
[28/Sep/2026 07:37:34] "GET /static/js/fixed_assets/map/photo_gallery.js?v=1784452207 HTTP/1.1" 200 2222
[28/Sep/2026 07:37:34] "GET /static/js/fixed_assets/map/property_map.js?v=1784452207 HTTP/1.1" 200 3156
[28/Sep/2026 07:37:34] "GET /static/js/fixed_assets/validation/sale_form.js?v=1784452207 HTTP/1.1" 200 3323
[28/Sep/2026 07:37:34] "GET /static/js/fixed_assets/validation/lifecycle.js?v=1784452207 HTTP/1.1" 200 1399
[28/Sep/2026 07:37:34] "GET /static/js/fixed_assets/map/geocoding.js?v=1784452207 HTTP/1.1" 200 3556
[28/Sep/2026 07:37:34] "GET /static/js/fixed_assets/validation/sync_helpers.js?v=1784452207 HTTP/1.1" 200 2283
[28/Sep/2026 07:37:34] "GET /static/js/fixed_assets/validation/save_asset/submit.js?v=1784452207 HTTP/1.1" 200 962
[28/Sep/2026 07:37:34] "GET /static/js/fixed_assets/validation/save_asset/build_payload.js?v=1784452207 HTTP/1.1" 200 6469
[28/Sep/2026 07:37:34] "GET /static/js/fixed_assets/validation/save_asset/photos.js?v=1784452207 HTTP/1.1" 200 1141
[28/Sep/2026 07:37:34] "GET /static/js/fixed_assets/validation/save_asset.js?v=1784452207 HTTP/1.1" 200 2088
[28/Sep/2026 07:37:34] "GET /static/js/fixed_assets/details_shared_tabs.js?v=1784452207 HTTP/1.1" 200 10323
[28/Sep/2026 07:37:34] "GET /static/js/fixed_assets/details_insurance_sale_tabs.js?v=1784452207 HTTP/1.1" 200 4685
[28/Sep/2026 07:37:34] "GET /static/js/fixed_assets/validation/sale_modal.js?v=1784452207 HTTP/1.1" 200 4890
[28/Sep/2026 07:37:34] "GET /static/js/fixed_assets/details_property_tab.js?v=1784452207 HTTP/1.1" 200 14918
[28/Sep/2026 07:37:34] "GET /static/js/fixed_assets/validation/submit_sale_misc.js?v=1784452207 HTTP/1.1" 200 1726
[28/Sep/2026 07:37:34] "GET /static/js/fixed_assets/details_property_other_tabs.js?v=1784452207 HTTP/1.1" 200 10490
[28/Sep/2026 07:37:34] "GET /static/js/fixed_assets/details_modal_html.js?v=1784452207 HTTP/1.1" 200 2128
[28/Sep/2026 07:37:34] "GET /static/js/fixed_assets/details_modal_nav1.js?v=1784452207 HTTP/1.1" 200 4822
[28/Sep/2026 07:37:34] "GET /static/js/fixed_assets/details_asset_types.js?v=1784452207 HTTP/1.1" 200 6864
[28/Sep/2026 07:37:34] "GET /static/js/fixed_assets/details_modal_nav2.js?v=1784452207 HTTP/1.1" 200 5903
[28/Sep/2026 07:37:34] "GET /static/js/fixed_assets/details_modal.js?v=1784452207 HTTP/1.1" 200 1372
[28/Sep/2026 07:37:34] "GET /static/js/fixed_assets/asset_detail_view/non_real_estate_core_tab.js?v=1784452207 HTTP/1.1" 200 10538
[28/Sep/2026 07:37:34] "GET /static/js/fixed_assets/asset_detail_view/general_property_tabs.js?v=1784452207 HTTP/1.1" 200 11460
[28/Sep/2026 07:37:34] "GET /static/js/fixed_assets/asset_detail_view/non_real_estate_modal.js?v=1784452207 HTTP/1.1" 200 8162
[28/Sep/2026 07:37:34] "GET /static/js/fixed_assets/asset_detail_view/tabs/furniture_pane.js?v=1784452207 HTTP/1.1" 200 4970
[28/Sep/2026 07:37:34] "GET /static/js/fixed_assets/details_modal_events.js?v=1784452207 HTTP/1.1" 200 4234
[28/Sep/2026 07:37:34] "GET /static/js/fixed_assets/asset_detail_view/tabs/valuation_pane.js?v=1784452207 HTTP/1.1" 200 2011
[28/Sep/2026 07:37:34] "GET /static/js/fixed_assets/asset_detail_view/photos_renovation_acquisition_tabs.js?v=1784452207 HTTP/1.1" 200 11011
[28/Sep/2026 07:37:34] "GET /static/js/fixed_assets/asset_detail_view/tabs/sale_pane_and_footer.js?v=1784452207 HTTP/1.1" 200 3115
[28/Sep/2026 07:37:34] "GET /static/js/fixed_assets/asset_detail_view/tabs/mortgage_rental_panes.js?v=1784452207 HTTP/1.1" 200 5025
[28/Sep/2026 07:37:34] "GET /static/js/fixed_assets/asset_detail_view/entry.js?v=1784452207 HTTP/1.1" 200 7104
[28/Sep/2026 07:37:34] "GET /static/js/fixed_assets/load_asset.js?v=1784452207 HTTP/1.1" 200 9278
[28/Sep/2026 07:37:34] "GET /static/js/fixed_assets/index.js?v=1784452207 HTTP/1.1" 200 3275
[28/Sep/2026 07:37:34] "GET /static/js/settings/utils.js?v=1784452207 HTTP/1.1" 200 964
[28/Sep/2026 07:37:34] "GET /static/js/fixed_assets/asset_detail_view/modal_shell.js?v=1784452207 HTTP/1.1" 200 8846
[28/Sep/2026 07:37:34] "GET /static/js/settings/app_settings.js?v=1784452207 HTTP/1.1" 200 367
[28/Sep/2026 07:37:34] "GET /static/js/settings/smtp.js?v=1784452207 HTTP/1.1" 200 3751
[28/Sep/2026 07:37:34] "GET /static/js/fixed_assets/asset_detail_view/furniture_valuation_mortgage_rental_sale_tabs.js?v=1784452207 HTTP/1.1" 200 715
[28/Sep/2026 07:37:34] "GET /static/js/settings/email_templates/modal.js?v=1784452207 HTTP/1.1" 200 4131
[28/Sep/2026 07:37:34] "GET /static/js/settings/cert_status_settings.js?v=1784452207 HTTP/1.1" 200 10325
[28/Sep/2026 07:37:34] "GET /static/js/settings/email_templates/list.js?v=1784452207 HTTP/1.1" 200 8974
[28/Sep/2026 07:37:34] "GET /static/js/settings/cert_status_actions.js?v=1784452207 HTTP/1.1" 200 1563
[28/Sep/2026 07:37:34] "GET /static/js/settings/gold_settings.js?v=1784452207 HTTP/1.1" 200 7678
[28/Sep/2026 07:37:34] "GET /static/js/settings/translations/languages/list.js?v=1784452207 HTTP/1.1" 200 2726
[28/Sep/2026 07:37:34] "GET /static/js/settings/gold_purity.js?v=1784452207 HTTP/1.1" 200 4910
[28/Sep/2026 07:37:34] "GET /static/js/settings/property_valuation_scrape.js?v=1784452207 HTTP/1.1" 200 2561
[28/Sep/2026 07:37:34] "GET /static/js/settings/property_valuation.js?v=1784452207 HTTP/1.1" 200 10170
[28/Sep/2026 07:37:34] "GET /static/js/settings/translations/languages/modal.js?v=1784452207 HTTP/1.1" 200 5553
[28/Sep/2026 07:37:34] "GET /static/js/settings/translations/translations_editor.js?v=1784452207 HTTP/1.1" 200 3634
[28/Sep/2026 07:37:34] "GET /static/js/settings/currencies.js?v=1784452207 HTTP/1.1" 200 9269
[28/Sep/2026 07:37:34] "GET /static/js/settings/translations/translations_coverage.js?v=1784452207 HTTP/1.1" 200 6822
[28/Sep/2026 07:37:34] "GET /static/js/settings/users/list.js?v=1784452207 HTTP/1.1" 200 9162
[28/Sep/2026 07:37:34] "GET /static/js/settings/banks.js?v=1784452207 HTTP/1.1" 200 6131
[28/Sep/2026 07:37:34] "GET /static/js/settings/companies/render.js?v=1784452207 HTTP/1.1" 200 2710
[28/Sep/2026 07:37:34] "GET /static/js/settings/companies/actions.js?v=1784452207 HTTP/1.1" 200 3098
[28/Sep/2026 07:37:34] "GET /static/js/settings/companies/modal.js?v=1784452207 HTTP/1.1" 200 7107
[28/Sep/2026 07:37:34] "GET /static/js/settings/permissions.js?v=1784452207 HTTP/1.1" 200 6069
[28/Sep/2026 07:37:34] "GET /static/js/settings/dashboard.js?v=1784452207 HTTP/1.1" 200 2067
[28/Sep/2026 07:37:34] "GET /static/js/settings/users/actions.js?v=1784452207 HTTP/1.1" 200 3384
[28/Sep/2026 07:37:34] "GET /static/js/settings/backup_restore/render.js?v=1784452207 HTTP/1.1" 200 6043
[28/Sep/2026 07:37:34] "GET /static/js/settings/roles/render.js?v=1784452207 HTTP/1.1" 200 5800
[28/Sep/2026 07:37:34] "GET /static/js/settings/backup_restore/download_upload.js?v=1784452207 HTTP/1.1" 200 1546
[28/Sep/2026 07:37:34] "GET /static/js/settings/backup_restore/server_actions.js?v=1784452207 HTTP/1.1" 200 2493
[28/Sep/2026 07:37:34] "GET /static/js/settings/backup_restore/helpers.js?v=1784452207 HTTP/1.1" 200 1023
[28/Sep/2026 07:37:34] "GET /static/js/settings/vendor_assets_update.js?v=1784452207 HTTP/1.1" 200 2879
[28/Sep/2026 07:37:34] "GET /static/js/settings/documentation/documentation_layout.js?v=1784452207 HTTP/1.1" 200 12908
[28/Sep/2026 07:37:34] "GET /static/js/settings/documentation/documentation_history.js?v=1784452207 HTTP/1.1" 200 3946
[28/Sep/2026 07:37:34] "GET /static/js/settings/documentation/documentation_validation.js?v=1784452207 HTTP/1.1" 200 4500
[28/Sep/2026 07:37:34] "GET /static/js/settings/documentation/documentation_state.js?v=1784452207 HTTP/1.1" 200 3892
[28/Sep/2026 07:37:34] "GET /static/js/settings/documentation/documentation_poll.js?v=1784452207 HTTP/1.1" 200 7715
[28/Sep/2026 07:37:34] "GET /static/js/settings/ai_advisor/state.js?v=1784452207 HTTP/1.1" 200 537
[28/Sep/2026 07:37:34] "GET /static/js/settings/documentation/documentation_actions.js?v=1784452207 HTTP/1.1" 200 3028
[28/Sep/2026 07:37:34] "GET /static/js/settings/ai_advisor/pipeline_controls.js?v=1784452207 HTTP/1.1" 200 1604
[28/Sep/2026 07:37:34] "GET /static/js/settings/ai_advisor/render_settings.js?v=1784452207 HTTP/1.1" 200 3101
[28/Sep/2026 07:37:34] "GET /static/js/settings/ai_advisor/render_settings_form.js?v=1784452207 HTTP/1.1" 200 17183
[28/Sep/2026 07:37:34] "GET /static/js/settings/ai_advisor/provider_fields.js?v=1784452207 HTTP/1.1" 200 2522
[28/Sep/2026 07:37:34] "GET /static/js/settings/ai_advisor/connection_test.js?v=1784452207 HTTP/1.1" 200 2393
[28/Sep/2026 07:37:34] "GET /static/js/settings/ai_advisor/diagnostics_model_select.js?v=1784452207 HTTP/1.1" 200 3534
[28/Sep/2026 07:37:34] "GET /static/js/settings/ai_advisor/save_settings.js?v=1784452207 HTTP/1.1" 200 4103
[28/Sep/2026 07:37:34] "GET /static/js/settings/billing/render.js?v=1784452207 HTTP/1.1" 200 3521
[28/Sep/2026 07:37:34] "GET /static/js/settings/ai_advisor/runtime_capabilities_actions.js?v=1784452207 HTTP/1.1" 200 3961
[28/Sep/2026 07:37:34] "GET /static/js/settings/ai_advisor/platform_overview_actions.js?v=1784452207 HTTP/1.1" 200 6350
[28/Sep/2026 07:37:34] "GET /static/js/settings/billing/price_actions.js?v=1784452207 HTTP/1.1" 200 1877
[28/Sep/2026 07:37:34] "GET /static/js/settings/billing/edit_modal.js?v=1784452207 HTTP/1.1" 200 5689
[28/Sep/2026 07:37:34] "GET /static/js/settings/billing/plan_crud.js?v=1784452207 HTTP/1.1" 200 3390
[28/Sep/2026 07:37:34] "GET /static/js/settings/billing/gateway_settings.js?v=1784452207 HTTP/1.1" 200 4322
[28/Sep/2026 07:37:34] "GET /static/js/billing/trial_banner.js?v=1784452207 HTTP/1.1" 200 3989
[28/Sep/2026 07:37:34] "GET /static/js/billing/plans_page.js?v=1784452207 HTTP/1.1" 200 7129
[28/Sep/2026 07:37:34] "GET /static/js/settings/index.js?v=1784452207 HTTP/1.1" 200 2736
[28/Sep/2026 07:37:34] "GET /static/js/settings/tabs.js?v=1784452207 HTTP/1.1" 200 3622
[28/Sep/2026 07:37:34] "GET /static/js/settings/window_exports.js?v=1784452207 HTTP/1.1" 200 4339
[28/Sep/2026 07:37:34] "GET /static/js/bank_certificates/utils.js?v=1784452207 HTTP/1.1" 200 2836
[28/Sep/2026 07:37:34] "GET /static/js/bank_certificates/calculations.js?v=1784452207 HTTP/1.1" 200 1710
[28/Sep/2026 07:37:34] "GET /static/js/bank_certificates/api.js?v=1784452207 HTTP/1.1" 200 3514
[28/Sep/2026 07:37:34] "GET /static/js/bank_certificates/interest.js?v=1784452207 HTTP/1.1" 200 1740
[28/Sep/2026 07:37:34] "GET /static/js/bank_certificates/modal.js?v=1784452207 HTTP/1.1" 200 7610
[28/Sep/2026 07:37:34] "GET /static/js/exchange_rates/rates_meta.js?v=1784452207 HTTP/1.1" 200 3075
[28/Sep/2026 07:37:34] "GET /static/js/bank_certificates/interest_history.js?v=1784452207 HTTP/1.1" 200 8571
[28/Sep/2026 07:37:34] "GET /static/js/exchange_rates/index.js?v=1784452207 HTTP/1.1" 200 2862
[28/Sep/2026 07:37:34] "GET /static/js/gold_price/index.js?v=1784452207 HTTP/1.1" 200 8914
[28/Sep/2026 07:37:34] "GET /static/js/exchange_rates/rates_render.js?v=1784452207 HTTP/1.1" 200 8703
[28/Sep/2026 07:37:34] "GET /static/js/gold_price/refresh.js?v=1784452207 HTTP/1.1" 200 1871
[28/Sep/2026 07:37:34] "GET /static/js/expenses/utils.js?v=1784452207 HTTP/1.1" 200 1124
[28/Sep/2026 07:37:34] "GET /static/js/expenses/api.js?v=1784452207 HTTP/1.1" 200 4427
[28/Sep/2026 07:37:34] "GET /static/js/expenses/categories.js?v=1784452207 HTTP/1.1" 200 4163
[28/Sep/2026 07:37:34] "GET /static/js/expenses/subcategories.js?v=1784452207 HTTP/1.1" 200 3936
[28/Sep/2026 07:37:34] "GET /static/js/expenses/reports.js?v=1784452207 HTTP/1.1" 200 2318
[28/Sep/2026 07:37:34] "GET /static/js/expenses/dashboard.js?v=1784452207 HTTP/1.1" 200 7836
[28/Sep/2026 07:37:34] "GET /static/js/expenses/modal.js?v=1784452207 HTTP/1.1" 200 7796
[28/Sep/2026 07:37:34] "GET /static/js/expenses/table.js?v=1784452207 HTTP/1.1" 200 2893
[28/Sep/2026 07:37:34] "GET /static/js/expenses/filters.js?v=1784452207 HTTP/1.1" 200 996
[28/Sep/2026 07:37:34] "GET /static/js/reminders/api.js?v=1784452207 HTTP/1.1" 200 3213
[28/Sep/2026 07:37:34] "GET /static/js/reminders/rules.js?v=1784452207 HTTP/1.1" 200 5973
[28/Sep/2026 07:37:34] "GET /static/js/bank_certificates/list_view.js?v=1784452207 HTTP/1.1" 200 6040
[28/Sep/2026 07:37:34] "GET /static/js/expenses/index.js?v=1784452207 HTTP/1.1" 200 1571
[28/Sep/2026 07:37:34] "GET /static/js/reminders/banner.js?v=1784452207 HTTP/1.1" 200 3108
[28/Sep/2026 07:37:34] "GET /static/js/reminders/index.js?v=1784452207 HTTP/1.1" 200 9121
[28/Sep/2026 07:37:34] "GET /static/js/advanced_reports/charts.js?v=1784452207 HTTP/1.1" 200 2135
[28/Sep/2026 07:37:34] "GET /api/asset-acquisition-costs/categories/ HTTP/1.1" 200 138
[28/Sep/2026 07:37:34] "GET /api/asset-renovations/categories/ HTTP/1.1" 200 225
[28/Sep/2026 07:37:34] "GET /static/js/advanced_reports/balance.js?v=1784452207 HTTP/1.1" 200 3245
[28/Sep/2026 07:37:34] "GET /static/js/advanced_reports/salary.js?v=1784452207 HTTP/1.1" 200 7469
[28/Sep/2026 07:37:34] "GET /static/js/advanced_reports/index.js?v=1784452207 HTTP/1.1" 200 7117
[28/Sep/2026 07:37:34] "GET /api/asset-furniture/categories/ HTTP/1.1" 200 364
[28/Sep/2026 07:37:34] "GET /static/js/advanced_reports/certificates.js?v=1784452207 HTTP/1.1" 200 4388
[28/Sep/2026 07:37:34] "GET /static/js/onboarding/wizard.js?v=1784452207 HTTP/1.1" 200 8727
[28/Sep/2026 07:37:34] "GET /api/auth/profile/ HTTP/1.1" 200 444
[28/Sep/2026 07:37:34] "GET /static/images/favicon.ico?v=1784452207 HTTP/1.1" 200 226046
[28/Sep/2026 07:37:34] "GET /static/i18n/en.json?v=1790570254858 HTTP/1.1" 200 129692
[28/Sep/2026 07:37:34] "GET /api/settings/?v=1790570254868 HTTP/1.1" 200 2111
[28/Sep/2026 07:37:34] "GET /api/base-currency/ HTTP/1.1" 200 144
[28/Sep/2026 07:37:34] "GET /api/banks/ HTTP/1.1" 200 13
[28/Sep/2026 07:37:34] "GET /api/auth/profile/ HTTP/1.1" 200 444
[28/Sep/2026 07:37:34] "GET /api/companies/ HTTP/1.1" 200 17
[28/Sep/2026 07:37:34] "GET /api/auth/me/ HTTP/1.1" 200 607
[28/Sep/2026 07:37:34] "GET /api/billing/status/ HTTP/1.1" 200 527
[28/Sep/2026 07:37:34] "GET /api/salary/summary/ HTTP/1.1" 200 139
[28/Sep/2026 07:37:34] "GET /api/onboarding/status/ HTTP/1.1" 200 928
[28/Sep/2026 07:37:34] "GET /api/settings/ HTTP/1.1" 200 2111
[28/Sep/2026 07:37:35] "GET /static/vendor/fonts/inter/inter-latin-ext-600-normal.woff2 HTTP/1.1" 200 22444
[28/Sep/2026 07:37:35] "GET /static/vendor/bootstrap-icons/fonts/bootstrap-icons.woff2?e34853135f9e39acf64315236852cd5a HTTP/1.1" 200 134044
[28/Sep/2026 07:37:35] "GET /static/vendor/fonts/inter/inter-latin-ext-400-normal.woff2 HTTP/1.1" 200 20432
[28/Sep/2026 07:37:35] "GET /static/vendor/fonts/inter/inter-latin-ext-700-normal.woff2 HTTP/1.1" 200 22624
[28/Sep/2026 07:37:35] "GET /static/vendor/fonts/plus-jakarta-sans/plus-jakarta-sans-latin-ext-600-normal.woff2 HTTP/1.1" 200 8600
[28/Sep/2026 07:37:35] "GET /static/vendor/fonts/inter/inter-latin-ext-500-normal.woff2 HTTP/1.1" 200 22336
[28/Sep/2026 07:37:35] "GET /static/vendor/fonts/plus-jakarta-sans/plus-jakarta-sans-latin-ext-800-normal.woff2 HTTP/1.1" 200 8484
[28/Sep/2026 07:37:35] "GET /api/settings/ HTTP/1.1" 200 2111
[28/Sep/2026 07:37:35] "GET /static/vendor/fonts/inter/inter-latin-500-normal.woff2 HTTP/1.1" 200 17552
[28/Sep/2026 07:37:35] "GET /static/vendor/fonts/inter/inter-latin-700-normal.woff2 HTTP/1.1" 200 17784
[28/Sep/2026 07:37:35] "GET /static/vendor/fonts/inter/inter-latin-600-normal.woff2 HTTP/1.1" 200 17660
[28/Sep/2026 07:37:35] "GET /static/vendor/fonts/inter/inter-latin-400-normal.woff2 HTTP/1.1" 200 16708
[28/Sep/2026 07:37:35] "GET /static/vendor/fonts/plus-jakarta-sans/plus-jakarta-sans-latin-800-normal.woff2 HTTP/1.1" 200 10528
[28/Sep/2026 07:37:35] "GET /static/vendor/fonts/plus-jakarta-sans/plus-jakarta-sans-latin-600-normal.woff2 HTTP/1.1" 200 10816
[28/Sep/2026 07:37:35] "GET /api/dashboard/summary/ HTTP/1.1" 200 412
[28/Sep/2026 07:37:35] "GET /static/vendor/fonts/plus-jakarta-sans/plus-jakarta-sans-latin-ext-500-normal.woff2 HTTP/1.1" 200 8540
[28/Sep/2026 07:37:35] "GET /static/vendor/fonts/plus-jakarta-sans/plus-jakarta-sans-latin-ext-400-normal.woff2 HTTP/1.1" 200 8200
[28/Sep/2026 07:37:35] "GET /static/vendor/fonts/plus-jakarta-sans/plus-jakarta-sans-latin-400-normal.woff2 HTTP/1.1" 200 10464
[28/Sep/2026 07:37:35] "GET /static/vendor/fonts/plus-jakarta-sans/plus-jakarta-sans-latin-500-normal.woff2 HTTP/1.1" 200 10908
[28/Sep/2026 07:37:37] "GET /api/settings/ HTTP/1.1" 200 2111
[28/Sep/2026 07:37:37] "GET /api/reminders/check/ HTTP/1.1" 200 29
[28/Sep/2026 07:37:37] "GET /static/images/favicon.ico?v=1784452207 HTTP/1.1" 200 226046
[28/Sep/2026 07:37:37] "GET /api/billing/plans/ HTTP/1.1" 200 614
[28/Sep/2026 07:37:37] "GET /api/billing/status/ HTTP/1.1" 200 527
[28/Sep/2026 07:37:37] "GET /static/vendor/fonts/plus-jakarta-sans/plus-jakarta-sans-latin-ext-700-normal.woff2 HTTP/1.1" 200 8648
[28/Sep/2026 07:37:37] "GET /static/vendor/fonts/plus-jakarta-sans/plus-jakarta-sans-latin-700-normal.woff2 HTTP/1.1" 200 10844
[28/Sep/2026 07:37:39,440] - Broken pipe from ('127.0.0.1', 60001)
